{
"type": "FeatureCollection",
"name": "simplified_ps",
"crs": { "type": "name", "properties": { "name": "urn:ogc:def:crs:OGC:1.3:CRS84" } },
"features": [
{ "type": "Feature", "properties": { "FIDcopy": 0.0, "Provinsi": "Kalimantan Timur", "Kab_Kota": "Berau", "Kecamatan": "Segah", "Kel_Desa": "Punan Mahkam", "Kodetxt": "KT1", "percentFC": 0, "Nama_Lemba": "KTH Deh Blom", "No_SK_Izin": "SK.5814/MENLHK-PSKL/PKPS/PSL.0/10/2020", "Luas_Izin": "114", "Luas_Pol": 114.020424929, "Keterangan": null, "Skema_PS": "KK", "Fungsi_Kaw": "HPT/APL", "KPH": "KPHP Berau Barat", "Shape_Leng": 18744.470128699999, "Shape_Area": 1140204.24908, "kode": 0.0 }, "geometry": { "type": "MultiPolygon", "coordinates": [ [ [ [ 116.676539427383872, 2.172211230851115, 105.399999999994179 ], [ 116.675257689729435, 2.170863061619292, 0.0 ], [ 116.675325778524268, 2.172914716421521, 0.0 ], [ 116.676539427383872, 2.172211230851115, 105.399999999994179 ] ] ], [ [ [ 116.680427232112407, 2.175667534180034, 86.179999999993015 ], [ 116.679877049823602, 2.173595056403096, 0.0 ], [ 116.678803245192242, 2.173610014369683, 0.0 ], [ 116.678695051953468, 2.175441849472755, 0.0 ], [ 116.680427232112407, 2.175667534180034, 86.179999999993015 ] ] ], [ [ [ 116.68004800939012, 2.180307246360972, 0.0 ], [ 116.687441379233846, 2.178596889798094, 46.934999999997672 ], [ 116.689097383221679, 2.179600357546207, 0.0 ], [ 116.689350459820105, 2.177986655385257, 0.0 ], [ 116.686856123707855, 2.176078701207019, 0.0 ], [ 116.68004800939012, 2.180307246360972, 0.0 ] ], [ [ 116.68849504406144, 2.178886729684996, 100.354999999995925 ], [ 116.688429413617925, 2.179013128629415, 97.235000000000582 ], [ 116.688461264401155, 2.178947414782538, 89.539999999993597 ], [ 116.68849504406144, 2.178886729684996, 100.354999999995925 ] ] ], [ [ [ 116.679185820431357, 2.18079805192941, 100.600000000005821 ], [ 116.679123995463712, 2.17920678288777, 0.0 ], [ 116.680681467745458, 2.17843896855456, 0.0 ], [ 116.68022841588035, 2.177395007146188, 0.0 ], [ 116.678044627400737, 2.1787051824546, 0.0 ], [ 116.679185820431357, 2.18079805192941, 100.600000000005821 ] ] ], [ [ [ 116.690980133858091, 2.183129216161814, 97.229999999995925 ], [ 116.692437846506778, 2.181459298116235, 0.0 ], [ 116.690401442742271, 2.181557281081298, 0.0 ], [ 116.690980133858091, 2.183129216161814, 97.229999999995925 ] ] ], [ [ [ 116.691548435853704, 2.182665433346182, 101.559999999997672 ], [ 116.691548442878911, 2.182630964085931, 95.789999999993597 ], [ 116.691550664505982, 2.182721996869145, 97.470000000001164 ], [ 116.691548435853704, 2.182665433346182, 101.559999999997672 ] ] ], [ [ [ 116.689385334253174, 2.183634054771047, 102.520000000004075 ], [ 116.689996807020023, 2.182776748555213, 104.440000000002328 ], [ 116.68734846935287, 2.18020888321611, 0.0 ], [ 116.68793973710946, 2.181929832801164, 110.210000000006403 ], [ 116.689385334253174, 2.183634054771047, 102.520000000004075 ] ] ], [ [ [ 116.712846275685877, 2.189638186525436, 0.0 ], [ 116.714683041542557, 2.18719391452175, 0.0 ], [ 116.712654755015436, 2.186031188917944, 0.0 ], [ 116.711487261121803, 2.188717748839256, 0.0 ], [ 116.712846275685877, 2.189638186525436, 0.0 ] ] ], [ [ [ 116.704002475582399, 2.193282399094573, 0.0 ], [ 116.704857194489051, 2.194242491781441, 0.0 ], [ 116.708389411662864, 2.193047314157673, 0.0 ], [ 116.710433722134894, 2.190135356359054, 0.0 ], [ 116.711979330870008, 2.191968814932222, 0.0 ], [ 116.712947834101854, 2.190311344063334, 0.0 ], [ 116.709347211381427, 2.187715359134859, 0.0 ], [ 116.708124544307253, 2.19045359684484, 0.0 ], [ 116.705354037549753, 2.19013264360012, 0.0 ], [ 116.700721561406908, 2.194050575360564, 0.0 ], [ 116.702858630752161, 2.196237796249259, 0.0 ], [ 116.704002475582399, 2.193282399094573, 0.0 ] ], [ [ 116.708523230732737, 2.192825537141923, 0.0 ], [ 116.708518870568483, 2.192799068200092, 0.0 ], [ 116.708522925047276, 2.192820463489042, 0.0 ], [ 116.708523230732737, 2.192825537141923, 0.0 ] ], [ [ 116.708514339040761, 2.192775148687107, 0.0 ], [ 116.70850565811331, 2.192746324853337, 0.0 ], [ 116.708513476576641, 2.192770598750158, 0.0 ], [ 116.708514339040761, 2.192775148687107, 0.0 ] ], [ [ 116.708499555415642, 2.19272737910799, 0.0 ], [ 116.708485835052471, 2.192696812727646, 0.0 ], [ 116.708498585635056, 2.192724368055469, 0.0 ], [ 116.708499555415642, 2.19272737910799, 0.0 ] ], [ [ 116.703227050525939, 2.192696470219563, 0.0 ], [ 116.703227581027633, 2.192696953438276, 0.0 ], [ 116.703227161980081, 2.192696780555914, 0.0 ], [ 116.703227050525939, 2.192696470219563, 0.0 ] ], [ [ 116.708478861965744, 2.192681741668972, 0.0 ], [ 116.708452623650601, 2.192639082341743, 0.0 ], [ 116.708478199445977, 2.192680310293839, 0.0 ], [ 116.708478861965744, 2.192681741668972, 0.0 ] ], [ [ 116.704128840653965, 2.19264944669877, 0.0 ], [ 116.704126361643333, 2.192656539100796, 0.0 ], [ 116.704124837004841, 2.192653470035144, 72.339399999997113 ], [ 116.704128840653965, 2.19264944669877, 0.0 ] ], [ [ 116.705132621889661, 2.192544888145029, 0.0 ], [ 116.705138939756694, 2.192539442161303, 0.0 ], [ 116.705132383895986, 2.19254782115488, 0.0 ], [ 116.705132621889661, 2.192544888145029, 0.0 ] ], [ [ 116.705166319169848, 2.191856074248053, 0.0 ], [ 116.705172207211646, 2.191850365813877, 0.0 ], [ 116.705168559222628, 2.191856812027, 0.0 ], [ 116.705166319169848, 2.191856074248053, 0.0 ] ], [ [ 116.708014413739534, 2.191100961385192, 0.0 ], [ 116.708058489610011, 2.191066463620679, 0.0 ], [ 116.708043402779452, 2.191079893743111, 0.0 ], [ 116.708014413739534, 2.191100961385192, 0.0 ] ] ], [ [ [ 116.691267567943015, 2.199034190446503, 0.0 ], [ 116.691157318071461, 2.197653952568361, 0.0 ], [ 116.690516912242089, 2.197733120254181, 0.0 ], [ 116.69012807531125, 2.198611279477429, 0.0 ], [ 116.691267567943015, 2.199034190446503, 0.0 ] ] ], [ [ [ 116.687850584791832, 2.198680717020153, 0.0 ], [ 116.690040068717991, 2.198297975434422, 0.0 ], [ 116.690453810631283, 2.196781052808694, 0.0 ], [ 116.687850584791832, 2.198680717020153, 0.0 ] ] ], [ [ [ 116.693489247434911, 2.199164869603011, 0.0 ], [ 116.694028040863813, 2.197304753381893, 0.0 ], [ 116.692476409728684, 2.196331926729789, 0.0 ], [ 116.691804880480888, 2.197764205045575, 0.0 ], [ 116.693489247434911, 2.199164869603011, 0.0 ] ] ], [ [ [ 116.692797604837921, 2.202530775345922, 0.0 ], [ 116.692052514541089, 2.199451839522413, 0.0 ], [ 116.690003235413442, 2.200009992017261, 0.0 ], [ 116.690461211530533, 2.201989117444735, 0.0 ], [ 116.692797604837921, 2.202530775345922, 0.0 ] ] ], [ [ [ 116.69740193152235, 2.203271539061915, 0.0 ], [ 116.696413557733933, 2.202535826903022, 0.0 ], [ 116.694594292622398, 2.202348887537083, 0.0 ], [ 116.695385673661221, 2.2037948361172, 0.0 ], [ 116.69740193152235, 2.203271539061915, 0.0 ] ] ] ] } },
{ "type": "Feature", "properties": { "FIDcopy": 1.0, "Provinsi": "Kalimantan Timur", "Kab_Kota": "Berau", "Kecamatan": "Sambaliung", "Kel_Desa": "Long Lanuk", "Kodetxt": "KT2", "percentFC": 0, "Nama_Lemba": "KTH Lebuq Nyapa Indah", "No_SK_Izin": "SK.1792/MENLHK-PSKL/PKPS/PSL.0/3/2021", "Luas_Izin": "85,89", "Luas_Pol": 85.894056283400005, "Keterangan": null, "Skema_PS": "KK", "Fungsi_Kaw": "HP", "KPH": "KPHP Berau Barat", "Shape_Leng": 13867.131339, "Shape_Area": 858940.56264699996, "kode": 0.0 }, "geometry": { "type": "MultiPolygon", "coordinates": [ [ [ [ 117.211935741010805, 1.930416872398724, 0.0 ], [ 117.212107878094358, 1.931517938513641, 0.0 ], [ 117.214952690102791, 1.930616366460544, 0.0 ], [ 117.219626975348447, 1.925993955126191, 0.0 ], [ 117.218969910288649, 1.922518346041168, 0.0 ], [ 117.217542363754916, 1.921656787133564, 0.0 ], [ 117.218212978570278, 1.919444895611738, 0.0 ], [ 117.21606367549947, 1.911344790243169, 0.0 ], [ 117.211053189800722, 1.909593206376051, 0.0 ], [ 117.207468533611433, 1.906364981366412, 0.0 ], [ 117.200345903567978, 1.908261665294827, 0.0 ], [ 117.201415838296342, 1.902789468875144, 0.0 ], [ 117.199150062355955, 1.897279312542026, 0.0 ], [ 117.201653954424572, 1.895188604389186, 0.0 ], [ 117.197540188196712, 1.895184427399805, 0.0 ], [ 117.200163177653721, 1.902806576243948, 0.0 ], [ 117.198790646215855, 1.909003499352998, 0.0 ], [ 117.203294645633576, 1.909490807650873, 0.0 ], [ 117.207024359853094, 1.907375522605682, 0.0 ], [ 117.215077606155134, 1.912127183685695, 0.0 ], [ 117.215149112574139, 1.916125400809962, 0.0 ], [ 117.217297385778977, 1.920170541549387, 0.0 ], [ 117.216182508539433, 1.922128889826859, 0.0 ], [ 117.217756356485182, 1.9227712432245, 0.0 ], [ 117.218556096361169, 1.925857997397189, 0.0 ], [ 117.211935741010805, 1.930416872398724, 0.0 ] ] ] ] } },
{ "type": "Feature", "properties": { "FIDcopy": 2.0, "Provinsi": "Kalimantan Timur", "Kab_Kota": "Berau", "Kecamatan": "Segah", "Kel_Desa": "Long Lai", "Kodetxt": "KT3", "percentFC": 100, "Nama_Lemba": "Las Mai", "No_SK_Izin": "SK.1546/MENLHK-PSKL/PKPS/PSL.0/3/2021", "Luas_Izin": "4.058", "Luas_Pol": 4057.1415559699999, "Keterangan": null, "Skema_PS": "HD", "Fungsi_Kaw": "HL", "KPH": "KPHP Berau Barat", "Shape_Leng": 41477.320364799998, "Shape_Area": 40571415.719099998, "kode": 2.0 }, "geometry": { "type": "MultiPolygon", "coordinates": [ [ [ [ 116.809840090901687, 2.29194715047255, 0.0 ], [ 116.807446999993019, 2.289852000611996, 0.0 ], [ 116.808039612933669, 2.281968086983736, 0.0 ], [ 116.809435790951682, 2.279326506591305, 0.0 ], [ 116.809033308713452, 2.275928363837407, 0.0 ], [ 116.810989721979809, 2.273874047110641, 0.0 ], [ 116.803978807670987, 2.264795934270055, 0.0 ], [ 116.798713831985097, 2.263344224918319, 0.0 ], [ 116.792660034484413, 2.258164794466847, 0.0 ], [ 116.787352849874111, 2.25809103592223, 0.0 ], [ 116.789067659237986, 2.266105490070811, 0.0 ], [ 116.800629317244642, 2.286075586079542, 0.0 ], [ 116.809840090901687, 2.29194715047255, 0.0 ] ] ], [ [ [ 116.81868862737501, 2.293687053742873, 0.0 ], [ 116.838298033767614, 2.249393981664837, 0.0 ], [ 116.797078917159268, 2.195407186009931, 0.0 ], [ 116.776160200668443, 2.212860164540268, 0.0 ], [ 116.776045589715693, 2.217547653141717, 0.0 ], [ 116.768474773908736, 2.224304186507872, 0.0 ], [ 116.769862212956156, 2.226923500480886, 0.0 ], [ 116.782846547003899, 2.228320860117572, 0.0 ], [ 116.7828254599888, 2.237608463260113, 0.0 ], [ 116.785638187129422, 2.246029368509118, 0.0 ], [ 116.787053457958365, 2.25669177395425, 0.0 ], [ 116.793512683155313, 2.257853683138469, 0.0 ], [ 116.801235579991257, 2.263880160392979, 0.0 ], [ 116.80406628523663, 2.264168744704082, 0.0 ], [ 116.80644590660367, 2.261939331889231, 0.0 ], [ 116.808825723501357, 2.262950408010954, 0.0 ], [ 116.809705679001695, 2.266692708852634, 0.0 ], [ 116.812846324914617, 2.269852834454937, 0.0 ], [ 116.815533553214067, 2.269302546541844, 0.0 ], [ 116.817099000354915, 2.270521001524513, 0.0 ], [ 116.816319750080098, 2.275997169822524, 0.0 ], [ 116.812832984167287, 2.280090895353137, 0.0 ], [ 116.811871343130505, 2.289007128054388, 0.0 ], [ 116.808991878230501, 2.289479563072119, 0.0 ], [ 116.812256579703316, 2.293679561096069, 0.0 ], [ 116.81868862737501, 2.293687053742873, 0.0 ] ] ] ] } },
{ "type": "Feature", "properties": { "FIDcopy": 3.0, "Provinsi": "Kalimantan Timur", "Kab_Kota": "Balikpapan", "Kecamatan": "Balikpapan Utara", "Kel_Desa": "Karang Joang", "Kodetxt": "KT4", "percentFC": 0, "Nama_Lemba": "KT. Harapan Sejahtera", "No_SK_Izin": "660/39/BLH/XI/2011 tgl. 10 /11 / 2011", "Luas_Izin": "342", "Luas_Pol": 342.62745395799999, "Keterangan": "Sungai Wain", "Skema_PS": "HKM", "Fungsi_Kaw": "HL", "KPH": "KPHL Balikpapan", "Shape_Leng": 8331.6334981100008, "Shape_Area": 3426274.5416700002, "kode": 0.0 }, "geometry": { "type": "MultiPolygon", "coordinates": [ [ [ [ 116.888403098856827, -1.078221486455551, 0.0 ], [ 116.889093048414722, -1.079250734061843, 0.0 ], [ 116.891906465001156, -1.077151870444149, 0.0 ], [ 116.895583068693483, -1.065779585075268, 0.0 ], [ 116.902728707457371, -1.067127863639452, 0.0 ], [ 116.903160033950726, -1.070674406815347, 0.0 ], [ 116.905712655711568, -1.072429657194394, 0.0 ], [ 116.906656192241186, -1.080156054506323, 0.0 ], [ 116.908283043020518, -1.081341296691405, 0.0 ], [ 116.900353056495177, -1.08960677603703, 0.0 ], [ 116.895429418419141, -1.084279698283809, 0.0 ], [ 116.889077834068729, -1.084098035133403, 0.0 ], [ 116.887508337162842, -1.081584529386616, 0.0 ], [ 116.888735504892082, -1.080636645999309, 0.0 ], [ 116.888403098856827, -1.078221486455551, 0.0 ] ] ] ] } },
{ "type": "Feature", "properties": { "FIDcopy": 4.0, "Provinsi": "Kalimantan Timur", "Kab_Kota": "Balikpapan", "Kecamatan": "Balikpapan Utara", "Kel_Desa": "Karang Joang", "Kodetxt": "KT5", "percentFC": 0, "Nama_Lemba": "KT. Bunga Pisang", "No_SK_Izin": "660/40/BLH/XI/2011 tgl. 10 /11 / 2011", "Luas_Izin": "33", "Luas_Pol": 33.043877468700003, "Keterangan": "Sungai Wain", "Skema_PS": "HKM", "Fungsi_Kaw": "HL", "KPH": "KPHL Balikpapan", "Shape_Leng": 2744.0350740200001, "Shape_Area": 330438.78582300001, "kode": 0.0 }, "geometry": { "type": "MultiPolygon", "coordinates": [ [ [ [ 116.89461607433924, -1.084588464841295, 0.0 ], [ 116.898700507130471, -1.086703493395935, 0.0 ], [ 116.900353056495177, -1.08960677603703, 0.0 ], [ 116.895362211483615, -1.092970873958558, 0.0 ], [ 116.895821723164701, -1.08698346473318, 0.0 ], [ 116.89461607433924, -1.084588464841295, 0.0 ] ] ] ] } },
{ "type": "Feature", "properties": { "FIDcopy": 5.0, "Provinsi": "Kalimantan Timur", "Kab_Kota": "Balikpapan", "Kecamatan": "Balikpapan Utara", "Kel_Desa": "Karang Joang", "Kodetxt": "KT6", "percentFC": 0, "Nama_Lemba": "KT. Bunga Salak", "No_SK_Izin": "660/42/BLH/XI/2011 tgl. 10 /11 / 2011", "Luas_Izin": "49", "Luas_Pol": 48.549396680400001, "Keterangan": "Sungai Wain", "Skema_PS": "HKM", "Fungsi_Kaw": "HL", "KPH": "KPHL Balikpapan", "Shape_Leng": 3464.1759434000001, "Shape_Area": 485493.96398499998, "kode": 0.0 }, "geometry": { "type": "MultiPolygon", "coordinates": [ [ [ [ 116.890235321032307, -1.084732168685622, 0.0 ], [ 116.89461607433924, -1.084588464841295, 0.0 ], [ 116.895821723164701, -1.08698346473318, 0.0 ], [ 116.895362211483615, -1.092970873958558, 0.0 ], [ 116.89148839195974, -1.092713439557224, 0.0 ], [ 116.890081853039263, -1.088546091617496, 0.0 ], [ 116.888708431503929, -1.088649243961537, 0.0 ], [ 116.891212018765572, -1.08723203940279, 0.0 ], [ 116.890235321032307, -1.084732168685622, 0.0 ] ] ] ] } },
{ "type": "Feature", "properties": { "FIDcopy": 6.0, "Provinsi": "Kalimantan Timur", "Kab_Kota": "Balikpapan", "Kecamatan": "Balikpapan Utara", "Kel_Desa": "Karang Joang", "Kodetxt": "KT7", "percentFC": 0, "Nama_Lemba": "KT. Tanah Leluhur", "No_SK_Izin": "660/41/BLH/XI/2011 tgl. 10 /11 / 2011", "Luas_Izin": "19", "Luas_Pol": 18.730728646, "Keterangan": "Sungai Wain", "Skema_PS": "HKM", "Fungsi_Kaw": "HL", "KPH": "KPHL Balikpapan", "Shape_Leng": 2804.34548735, "Shape_Area": 187307.29567799999, "kode": 0.0 }, "geometry": { "type": "MultiPolygon", "coordinates": [ [ [ [ 116.888708431503929, -1.088649243961537, 0.0 ], [ 116.890081853039263, -1.088546091617496, 0.0 ], [ 116.89148839195974, -1.092713439557224, 0.0 ], [ 116.893515530042677, -1.093665641293464, 0.0 ], [ 116.890596864825611, -1.097352040556856, 0.0 ], [ 116.888708431503929, -1.088649243961537, 0.0 ] ] ] ] } },
{ "type": "Feature", "properties": { "FIDcopy": 7.0, "Provinsi": "Kalimantan Timur", "Kab_Kota": "Balikpapan", "Kecamatan": "Balikpapan Utara", "Kel_Desa": "Karang Joang", "Kodetxt": "KT8", "percentFC": 0, "Nama_Lemba": "KT. Sapo Jaya Mandiri", "No_SK_Izin": "660/35/BLH/XI/2011 tgl. 10 /11 / 2011", "Luas_Izin": "61", "Luas_Pol": 60.471940524099999, "Keterangan": "Sungai Wain", "Skema_PS": "HKM", "Fungsi_Kaw": "HL", "KPH": "KPHL Balikpapan", "Shape_Leng": 3614.4096214299998, "Shape_Area": 604719.42211299995, "kode": 0.0 }, "geometry": { "type": "MultiPolygon", "coordinates": [ [ [ [ 116.883663629887209, -1.08932390117027, 0.0 ], [ 116.889643331124333, -1.090387355662265, 0.0 ], [ 116.888638512184869, -1.091509393525557, 0.0 ], [ 116.889398830996001, -1.094296356250494, 0.0 ], [ 116.890702087688538, -1.093815259064273, 0.0 ], [ 116.889451870043473, -1.098765695522459, 0.0 ], [ 116.886746361907115, -1.098982727833758, 0.0 ], [ 116.885890528373736, -1.096168345070067, 0.0 ], [ 116.883882193198858, -1.09527000908197, 0.0 ], [ 116.883663629887209, -1.08932390117027, 0.0 ] ] ] ] } },
{ "type": "Feature", "properties": { "FIDcopy": 8.0, "Provinsi": "Kalimantan Timur", "Kab_Kota": "Balikpapan", "Kecamatan": "Balikpapan Utara", "Kel_Desa": "Karang Joang", "Kodetxt": "KT9", "percentFC": 0, "Nama_Lemba": "KT. Mekar Bakti", "No_SK_Izin": "660/36/BLH/XI/2011 tgl. 10 /11 / 2011", "Luas_Izin": "245", "Luas_Pol": 244.517016692, "Keterangan": "Sungai Wain", "Skema_PS": "HKM", "Fungsi_Kaw": "HL", "KPH": "KPHL Balikpapan", "Shape_Leng": 8989.1005786099995, "Shape_Area": 2445170.1136099999, "kode": 0.0 }, "geometry": { "type": "MultiPolygon", "coordinates": [ [ [ [ 116.888387656871018, -1.078198647876667, 0.0 ], [ 116.888735504892082, -1.080636645999309, 0.0 ], [ 116.887508337162842, -1.081584529386616, 0.0 ], [ 116.891212018765572, -1.08723203940279, 0.0 ], [ 116.88881479450022, -1.088050616703244, 0.0 ], [ 116.88949011296755, -1.090291201113589, 0.0 ], [ 116.883663629887209, -1.08932390117027, 0.0 ], [ 116.883882193198858, -1.09527000908197, 0.0 ], [ 116.885890528373736, -1.096168345070067, 0.0 ], [ 116.886746361907115, -1.098982727833758, 0.0 ], [ 116.88362445590019, -1.099192476384913, 0.0 ], [ 116.879710471519886, -1.101928103193396, 0.0 ], [ 116.878767354310114, -1.097715389111185, 0.0 ], [ 116.876355945038611, -1.096221583630147, 0.0 ], [ 116.87648094419977, -1.09268840151142, 0.0 ], [ 116.874462251974961, -1.090989827437517, 0.0 ], [ 116.880595187513336, -1.084871812212125, 0.0 ], [ 116.881876292783588, -1.077180328493246, 0.0 ], [ 116.885434965811342, -1.074935052960066, 0.0 ], [ 116.888387656871018, -1.078198647876667, 0.0 ] ] ] ] } },
{ "type": "Feature", "properties": { "FIDcopy": 9.0, "Provinsi": "Kalimantan Timur", "Kab_Kota": "Balikpapan", "Kecamatan": "Balikpapan Utara", "Kel_Desa": "Karang Joang", "Kodetxt": "KT10", "percentFC": 0, "Nama_Lemba": "KT. Mekar Maju", "No_SK_Izin": "660/34/BLH/XI/2011 tgl. 10 /11 / 2011", "Luas_Izin": "152", "Luas_Pol": 152.653625852, "Keterangan": "Sungai Wain", "Skema_PS": "HKM", "Fungsi_Kaw": "HL", "KPH": "KPHL Balikpapan", "Shape_Leng": 4898.9968597400002, "Shape_Area": 1526536.249, "kode": 0.0 }, "geometry": { "type": "MultiPolygon", "coordinates": [ [ [ [ 116.872006380415868, -1.076553975568679, 0.0 ], [ 116.881876292783588, -1.077180328493246, 0.0 ], [ 116.880595187513336, -1.084871812212125, 0.0 ], [ 116.874462251974961, -1.090989827437517, 0.0 ], [ 116.869784192802314, -1.087373296528424, 0.0 ], [ 116.872006380415868, -1.076553975568679, 0.0 ] ] ] ] } },
{ "type": "Feature", "properties": { "FIDcopy": 10.0, "Provinsi": "Kalimantan Timur", "Kab_Kota": "Balikpapan", "Kecamatan": "Balikpapan Utara", "Kel_Desa": "Karang Joang", "Kodetxt": "KT11", "percentFC": 0, "Nama_Lemba": "KT. Tunas Harapan", "No_SK_Izin": "660/33/BLH/XI/2011 tgl. 10 /11 / 2011", "Luas_Izin": "138", "Luas_Pol": 138.03557695000001, "Keterangan": "Sungai Wain", "Skema_PS": "HKM", "Fungsi_Kaw": "HL", "KPH": "KPHL Balikpapan", "Shape_Leng": 5776.8660814699997, "Shape_Area": 1380355.7721599999, "kode": 0.0 }, "geometry": { "type": "MultiPolygon", "coordinates": [ [ [ [ 116.875586375594864, -1.105793784669168, 0.0 ], [ 116.875564540783216, -1.10588534019358, 0.0 ], [ 116.875536187186569, -1.105986576913698, 0.0 ], [ 116.875586375594864, -1.105793784669168, 0.0 ] ] ], [ [ [ 116.869749852039178, -1.087455825024676, 0.0 ], [ 116.87648094419977, -1.09268840151142, 0.0 ], [ 116.876355945038611, -1.096221583630147, 0.0 ], [ 116.878767354310114, -1.097715389111185, 0.0 ], [ 116.879710471519886, -1.101928103193396, 0.0 ], [ 116.876243553142203, -1.103196617567512, 0.0 ], [ 116.875586375594864, -1.105793784669168, 0.0 ], [ 116.873081514472887, -1.104320161061343, 0.0 ], [ 116.872382447370953, -1.101536189393685, 0.0 ], [ 116.868581343456285, -1.097495360136196, 0.0 ], [ 116.867116684905483, -1.091688520884528, 0.0 ], [ 116.870046293345524, -1.091509009216709, 0.0 ], [ 116.868958790561535, -1.089500470673381, 0.0 ], [ 116.869749852039178, -1.087455825024676, 0.0 ] ] ] ] } },
{ "type": "Feature", "properties": { "FIDcopy": 11.0, "Provinsi": "Kalimantan Timur", "Kab_Kota": "Balikpapan", "Kecamatan": "Balikpapan Utara", "Kel_Desa": "Karang Joang", "Kodetxt": "KT12", "percentFC": 0, "Nama_Lemba": "KT. Karet Benua", "No_SK_Izin": "660/37/BLH/XI/2011 tgl. 10 /11 / 2011", "Luas_Izin": "107", "Luas_Pol": 106.91489783, "Keterangan": "Sungai Wain", "Skema_PS": "HKM", "Fungsi_Kaw": "HL", "KPH": "KPHL Balikpapan", "Shape_Leng": 5631.3175177399999, "Shape_Area": 1069149.0056, "kode": 0.0 }, "geometry": { "type": "MultiPolygon", "coordinates": [ [ [ [ 116.861321717848256, -1.101377317135546, 0.0 ], [ 116.863619294299497, -1.098891282652362, 0.0 ], [ 116.862082442369967, -1.095435160603141, 0.0 ], [ 116.863080240659414, -1.093426716141076, 0.0 ], [ 116.867116684905483, -1.091688520884528, 0.0 ], [ 116.868581343456285, -1.097495360136196, 0.0 ], [ 116.872382447370953, -1.101536189393685, 0.0 ], [ 116.873081514472887, -1.104320161061343, 0.0 ], [ 116.875586375594864, -1.105793784669168, 0.0 ], [ 116.875068392513541, -1.107732050983413, 0.0 ], [ 116.872175880467083, -1.104835258359968, 0.0 ], [ 116.861321717848256, -1.101377317135546, 0.0 ] ] ] ] } },
{ "type": "Feature", "properties": { "FIDcopy": 12.0, "Provinsi": "Kalimantan Timur", "Kab_Kota": "Balikpapan", "Kecamatan": "Balikpapan Utara", "Kel_Desa": "Karang Joang", "Kodetxt": "KT13", "percentFC": 0, "Nama_Lemba": "KT. Mekar Tani Sejahtera", "No_SK_Izin": "660/38/BLH/XI/2011 tgl. 10 /11 / 2011", "Luas_Izin": "255", "Luas_Pol": 255.421654055, "Keterangan": "Sungai Wain", "Skema_PS": "HKM", "Fungsi_Kaw": "HL", "KPH": "KPHL Balikpapan", "Shape_Leng": 6859.0832099700001, "Shape_Area": 2554216.5090899998, "kode": 0.0 }, "geometry": { "type": "MultiPolygon", "coordinates": [ [ [ [ 116.860887882597922, -1.101955835160763, 0.0 ], [ 116.872175880467083, -1.104835258359968, 0.0 ], [ 116.875068392513541, -1.107732050983413, 0.0 ], [ 116.873290134814084, -1.114000631390908, 0.0 ], [ 116.86737979312899, -1.118309232424413, 0.0 ], [ 116.867087867272019, -1.119862977443049, 0.0 ], [ 116.864921691698228, -1.119084813965438, 0.0 ], [ 116.864760047756036, -1.115854936866824, 0.0 ], [ 116.862476989912921, -1.115863877597241, 0.0 ], [ 116.862477076390192, -1.114000143466349, 0.0 ], [ 116.859726621686761, -1.114036201993348, 0.0 ], [ 116.859834558199395, -1.112434843528694, 0.0 ], [ 116.855601143662369, -1.109901407916362, 0.0 ], [ 116.85576308662867, -1.106762019818938, 0.0 ], [ 116.860887882597922, -1.101955835160763, 0.0 ] ] ] ] } },
{ "type": "Feature", "properties": { "FIDcopy": 13.0, "Provinsi": "Kalimantan Timur", "Kab_Kota": "Kutai Kartanegara", "Kecamatan": "Muara Jawa", "Kel_Desa": "Muara Jawa Ulu", "Kodetxt": "KT14", "percentFC": 0, "Nama_Lemba": "Delta Mahakam", "No_SK_Izin": "SK.10597/Menlhk-PSKL/PKPS/PSL.0/12/2019", "Luas_Izin": "68", "Luas_Pol": 67.724997655300001, "Keterangan": null, "Skema_PS": "HKM", "Fungsi_Kaw": "HP", "KPH": "KPHP Delta Mahakam", "Shape_Leng": 5174.6729473200003, "Shape_Area": 677250.00391700002, "kode": 0.0 }, "geometry": { "type": "MultiPolygon", "coordinates": [ [ [ [ 117.278318431825099, -0.812697889609601, 0.0 ], [ 117.278586641360704, -0.814359425028599, 0.0 ], [ 117.278645368414502, -0.815794380899453, 0.0 ], [ 117.277011388200634, -0.814382633584525, 0.0 ], [ 117.277007231961036, -0.812742559454847, 0.0 ], [ 117.278318431825099, -0.812697889609601, 0.0 ] ] ], [ [ [ 117.277476982561069, -0.808526769556845, 0.0 ], [ 117.278166846596079, -0.811704633761441, 0.0 ], [ 117.276059848896935, -0.811322759686635, 0.0 ], [ 117.275987325297791, -0.812747245609294, 0.0 ], [ 117.277489322514782, -0.815723898669612, 0.0 ], [ 117.266442483196954, -0.814242700293143, 0.0 ], [ 117.269901432262856, -0.81067589005088, 0.0 ], [ 117.277476982561069, -0.808526769556845, 0.0 ] ] ] ] } },
{ "type": "Feature", "properties": { "FIDcopy": 14.0, "Provinsi": "Kalimantan Timur", "Kab_Kota": "Kutai Kartanegara", "Kecamatan": "Muara Jawa", "Kel_Desa": "Muara Jawa Ulu", "Kodetxt": "KT15", "percentFC": 0, "Nama_Lemba": "Wanamina Sejahtera", "No_SK_Izin": "SK.10603/Menlhk-PSKL/PKPS/PSL.0/12/2019", "Luas_Izin": "175", "Luas_Pol": 204.345786304, "Keterangan": null, "Skema_PS": "HKM", "Fungsi_Kaw": "HP", "KPH": "KPHP Delta Mahakam", "Shape_Leng": 8671.2575629900002, "Shape_Area": 2043457.8082900001, "kode": 0.0 }, "geometry": { "type": "MultiPolygon", "coordinates": [ [ [ [ 117.278376811769007, -0.817208605340089, 0.0 ], [ 117.283870391502234, -0.824197935564257, 0.0 ], [ 117.283942014038246, -0.828195474377917, 0.0 ], [ 117.273716586423546, -0.825706707338412, 0.0 ], [ 117.273715996903434, -0.817041366517259, 0.0 ], [ 117.278376811769007, -0.817208605340089, 0.0 ] ] ], [ [ [ 117.272064300851923, -0.825620764606243, 0.0 ], [ 117.263495037804574, -0.828513542177879, 0.0 ], [ 117.265169623584725, -0.815900890039681, 0.0 ], [ 117.272289215411419, -0.816969651107989, 0.0 ], [ 117.272064300851923, -0.825620764606243, 0.0 ] ] ] ] } },
{ "type": "Feature", "properties": { "FIDcopy": 15.0, "Provinsi": "Kalimantan Timur", "Kab_Kota": "Kutai Kartanegara", "Kecamatan": "Kenohan", "Kel_Desa": "Tuana Tuha", "Kodetxt": "KT16", "percentFC": 91, "Nama_Lemba": "LPHD Tuana Tuha", "No_SK_Izin": "SK.3982/MENLHK-PSKL/PKPS/PSL.0/6/2020", "Luas_Izin": "5.470", "Luas_Pol": 5469.7725879299996, "Keterangan": "Gambut Mahakam Tengah", "Skema_PS": "HD", "Fungsi_Kaw": "HP/HPK", "KPH": "KPHP Sub DAS Belayan", "Shape_Leng": 33602.77374560001, "Shape_Area": 54697726.339100003, "kode": 15.0 }, "geometry": { "type": "MultiPolygon", "coordinates": [ [ [ [ 116.499037919901468, -0.091091666128519, 0.0 ], [ 116.502435869048568, -0.093584891993225, 0.0 ], [ 116.463276483352516, -0.093525747393761, 0.0 ], [ 116.456102436913113, -0.052904228617952, 0.0 ], [ 116.455769878592832, 0.020693680109353, 0.0 ], [ 116.481009087570442, 0.011462912703729, 0.0 ], [ 116.498933472724147, 0.009021452955945, 0.0 ], [ 116.499037919901468, -0.091091666128519, 0.0 ] ] ] ] } },
{ "type": "Feature", "properties": { "FIDcopy": 16.0, "Provinsi": "Kalimantan Timur", "Kab_Kota": "Kutai Kartanegara", "Kecamatan": "Kota Bangun", "Kel_Desa": "Sebelimbingan", "Kodetxt": "KT17", "percentFC": 100, "Nama_Lemba": "LPHD Sebelimbingan", "No_SK_Izin": "SK.3984/MENLHK-PSKL/PKPS/PSL.0/6/2020", "Luas_Izin": "2.104", "Luas_Pol": 2104.17600335, "Keterangan": "Gambut Mahakam Tengah", "Skema_PS": "HD", "Fungsi_Kaw": "HP", "KPH": "KPHP Sub DAS Belayan", "Shape_Leng": 18672.5325538, "Shape_Area": 21041760.2311, "kode": 16.0 }, "geometry": { "type": "MultiPolygon", "coordinates": [ [ [ [ 116.574203890754617, -0.146506803622442, 0.0 ], [ 116.549696030480476, -0.170379738902756, 0.0 ], [ 116.532276972667589, -0.165666884089579, 0.0 ], [ 116.505603046800175, -0.138812103844234, 0.0 ], [ 116.545253509740206, -0.125002190358138, 0.0 ], [ 116.574203890754617, -0.146506803622442, 0.0 ] ] ] ] } },
{ "type": "Feature", "properties": { "FIDcopy": 17.0, "Provinsi": "Kalimantan Timur", "Kab_Kota": "Kutai Kartanegara", "Kecamatan": "Kota Bangun", "Kel_Desa": "Muhuran", "Kodetxt": "KT18", "percentFC": 99, "Nama_Lemba": "LPHD Muhuran", "No_SK_Izin": "SK.10866/MENLHK-PSKL/PKPS/PSL.0/12/2019", "Luas_Izin": "1.568", "Luas_Pol": 1567.6713064600001, "Keterangan": "Gambut Mahakam Tengah", "Skema_PS": "HD", "Fungsi_Kaw": "HP", "KPH": "KPHP Sub DAS Belayan", "Shape_Leng": 17705.941007199999, "Shape_Area": 15676713.1154, "kode": 17.0 }, "geometry": { "type": "MultiPolygon", "coordinates": [ [ [ [ 116.549696030480476, -0.170379738902756, 0.0 ], [ 116.574203890754617, -0.146506803622442, 0.0 ], [ 116.608310332857187, -0.176403235842599, 0.0 ], [ 116.597328832987003, -0.197546349855398, 0.0 ], [ 116.572572211968847, -0.176523418580059, 0.0 ], [ 116.549696030480476, -0.170379738902756, 0.0 ] ] ] ] } },
{ "type": "Feature", "properties": { "FIDcopy": 18.0, "Provinsi": "Kalimantan Timur", "Kab_Kota": "Kutai Kartanegara", "Kecamatan": "Kenohan", "Kel_Desa": "Teluk Muda", "Kodetxt": "KT19", "percentFC": 94, "Nama_Lemba": "LPHD Teluk Muda", "No_SK_Izin": "SK.3983/MENLHK-PSKL/PKPS/PSL.0/6/2020", "Luas_Izin": "2.284", "Luas_Pol": 2284.40263792, "Keterangan": "Gambut Mahakam Tengah", "Skema_PS": "HD", "Fungsi_Kaw": "HP/HPK", "KPH": "KPHP Sub DAS Belayan", "Shape_Leng": 21855.720366500002, "Shape_Area": 22844026.0722, "kode": 18.0 }, "geometry": { "type": "MultiPolygon", "coordinates": [ [ [ [ 116.545253509740206, -0.125002190358138, 0.0 ], [ 116.505603046800175, -0.138812103844234, 0.0 ], [ 116.463825357502103, -0.096633689467088, 0.0 ], [ 116.463276483352516, -0.093525747393761, 0.0 ], [ 116.502435869048568, -0.093584891993225, 0.0 ], [ 116.545253509740206, -0.125002190358138, 0.0 ] ] ] ] } },
{ "type": "Feature", "properties": { "FIDcopy": 19.0, "Provinsi": "Kalimantan Timur", "Kab_Kota": "Berau", "Kecamatan": "Segah", "Kel_Desa": "Punan Segah", "Kodetxt": "KT20", "percentFC": 100, "Nama_Lemba": "LPHD Punan Segah", "No_SK_Izin": "SK.527/Menlhk-PSKL/PKPS/PSL.0/2/2017", "Luas_Izin": "14.791", "Luas_Pol": 14938.165690100001, "Keterangan": null, "Skema_PS": "HD", "Fungsi_Kaw": "HL", "KPH": "KPHP Berau Barat", "Shape_Leng": 55320.619924, "Shape_Area": 149381656.50400001, "kode": 19.0 }, "geometry": { "type": "MultiPolygon", "coordinates": [ [ [ [ 116.648734634216552, 2.462409778945597, 0.0 ], [ 116.707960730933337, 2.372292733495312, 0.0 ], [ 116.707944955267905, 2.346189082347951, 0.0 ], [ 116.680963336663908, 2.335788619157825, 0.0 ], [ 116.673286438209715, 2.330939769526122, 0.0 ], [ 116.672775269445268, 2.332215547130748, 0.0 ], [ 116.673134170948245, 2.330635014222034, 0.0 ], [ 116.659876011479469, 2.321715383576371, 0.0 ], [ 116.632823954950865, 2.289416163195924, 0.0 ], [ 116.627874781292178, 2.295946930353084, 0.0 ], [ 116.634168922646225, 2.303854965935982, 0.0 ], [ 116.560752831834307, 2.405570318744725, 0.0 ], [ 116.594961655125744, 2.42461042042445, 0.0 ], [ 116.607135231555063, 2.417583855198254, 0.0 ], [ 116.618346535099334, 2.417297926156214, 0.0 ], [ 116.628692217257196, 2.428866577711918, 0.0 ], [ 116.633132935840649, 2.448408126597883, 0.0 ], [ 116.648734634216552, 2.462409778945597, 0.0 ] ] ] ] } },
{ "type": "Feature", "properties": { "FIDcopy": 20.0, "Provinsi": "Kalimantan Timur", "Kab_Kota": "Berau", "Kecamatan": "Segah", "Kel_Desa": "Long Ayap", "Kodetxt": "KT21", "percentFC": 100, "Nama_Lemba": "LPHD long Ayap", "No_SK_Izin": "SK.526/Menlhk-PSKL/PKPS/PSL.0/2/2017", "Luas_Izin": "5.640", "Luas_Pol": 5627.9428946799999, "Keterangan": null, "Skema_PS": "HD", "Fungsi_Kaw": "HL/APL", "KPH": "KPHP Berau Barat", "Shape_Leng": 71627.425746199995, "Shape_Area": 56279428.890900001, "kode": 20.0 }, "geometry": { "type": "MultiPolygon", "coordinates": [ [ [ [ 116.876910854530848, 2.382733389615029, 0.0 ], [ 116.876196038542119, 2.380435764405206, 0.0 ], [ 116.880689237087694, 2.380282336898576, 0.0 ], [ 116.871485127063792, 2.372054435497283, 0.0 ], [ 116.850511753357395, 2.365980180122628, 0.0 ], [ 116.828119638107111, 2.365075763858204, 0.0 ], [ 116.846362845420998, 2.372481928991491, 0.0 ], [ 116.851405580318144, 2.377034399175875, 0.0 ], [ 116.875918874509793, 2.383758045632841, 0.0 ], [ 116.876910854530848, 2.382733389615029, 0.0 ] ] ], [ [ [ 116.81815874176624, 2.361765429813063, 0.0 ], [ 116.814241349867217, 2.360023267508288, 0.0 ], [ 116.814241249276066, 2.360781032778341, 0.0 ], [ 116.81815874176624, 2.361765429813063, 0.0 ] ] ], [ [ [ 116.840727829426555, 2.302682793908503, 0.0 ], [ 116.847372844272101, 2.300903077699613, 0.0 ], [ 116.851452294976085, 2.302209833098037, 0.0 ], [ 116.853172527571417, 2.298059212705915, 0.0 ], [ 116.85516903310419, 2.299449143191859, 0.0 ], [ 116.861216400979359, 2.298566662178881, 0.0 ], [ 116.863937379197978, 2.299645661438185, 0.0 ], [ 116.869938825374362, 2.298197275920974, 0.0 ], [ 116.870573309731384, 2.293438633449679, 0.0 ], [ 116.875050712107623, 2.28955822008826, 0.0 ], [ 116.881417928031524, 2.272965399074472, 0.0 ], [ 116.854933071997507, 2.273389417686297, 0.0 ], [ 116.848824289922661, 2.274611172710716, 0.0 ], [ 116.830758260854012, 2.266427414186522, 0.0 ], [ 116.816919884798367, 2.297682744587078, 0.0 ], [ 116.818527028913934, 2.298730508904121, 0.0 ], [ 116.819970746008579, 2.295587366610137, 0.0 ], [ 116.825180054049795, 2.295027255822026, 0.0 ], [ 116.832874767589118, 2.300003938896926, 0.0 ], [ 116.838489791743939, 2.306808031393819, 0.0 ], [ 116.840727829426555, 2.302682793908503, 0.0 ] ] ], [ [ [ 116.819656372907716, 2.297713517348072, 0.0 ], [ 116.819222233643487, 2.298256313945825, 0.0 ], [ 116.819239700590629, 2.298736054308844, 0.0 ], [ 116.819656372907716, 2.297713517348072, 0.0 ] ] ], [ [ [ 116.843418471732804, 2.255951159851751, 0.0 ], [ 116.838299003140278, 2.249395224849553, 0.0 ], [ 116.831110643362351, 2.265631500619441, 0.0 ], [ 116.843418471732804, 2.255951159851751, 0.0 ] ] ], [ [ [ 116.882598000787866, 1.990595999852302, 0.0 ], [ 116.898182052655471, 1.967773843252157, 0.0 ], [ 116.888030865474903, 1.968932556397277, 0.0 ], [ 116.872616737617037, 1.967225010606843, 0.0 ], [ 116.872607603045523, 2.084131429594658, 0.0 ], [ 116.905098000167229, 2.062669999451582, 0.0 ], [ 116.908643999709128, 2.050013999491675, 0.0 ], [ 116.907758000833297, 2.032428999538886, 0.0 ], [ 116.891686000719147, 2.012212999771043, 0.0 ], [ 116.882598000787866, 1.990595999852302, 0.0 ] ] ] ] } },
{ "type": "Feature", "properties": { "FIDcopy": 21.0, "Provinsi": "Kalimantan Timur", "Kab_Kota": "Mahakam Ulu", "Kecamatan": "Long Apari", "Kel_Desa": "Tiong Ohang TB", "Kodetxt": "KT22", "percentFC": 97, "Nama_Lemba": "LPHD Tiong Ohang TB", "No_SK_Izin": "SK.535/Menlhk-PSKL/PKPS/PSL.0/2/2017", "Luas_Izin": "1.138", "Luas_Pol": 1138.1448767, "Keterangan": null, "Skema_PS": "HD", "Fungsi_Kaw": "HP/HPT", "KPH": "KPHL Batu Rook", "Shape_Leng": 22422.635512699999, "Shape_Area": 11381448.7971, "kode": 21.0 }, "geometry": { "type": "MultiPolygon", "coordinates": [ [ [ [ 114.294006347965791, 0.847639561364391, 0.0 ], [ 114.309051513968726, 0.844739913927723, 0.0 ], [ 114.314453146178877, 0.837258688361987, 0.0 ], [ 114.313747749696105, 0.830551447020329, 0.0 ], [ 114.30736514146831, 0.820322074568225, 0.0 ], [ 114.284629822495248, 0.810949205208245, 0.0 ], [ 114.283012390786411, 0.813117086922052, 0.0 ], [ 114.279244103691553, 0.813115341131882, 0.0 ], [ 114.278823071870747, 0.823124084311139, 0.0 ], [ 114.280647277910319, 0.822672665044318, 0.0 ], [ 114.283340454730478, 0.824640273828119, 0.0 ], [ 114.286658476193196, 0.821690773096432, 0.0 ], [ 114.294619937465598, 0.833158288004072, 0.0 ], [ 114.287437439023634, 0.83948743193275, 0.0 ], [ 114.28743743961023, 0.840910911429327, 0.0 ], [ 114.289657593325103, 0.841319143767823, 0.0 ], [ 114.293701172531613, 0.838814020100213, 0.0 ], [ 114.2957839975425, 0.840374469235801, 0.0 ], [ 114.289787292381234, 0.843420505493749, 0.0 ], [ 114.289535345603895, 0.846472088006087, 0.0 ], [ 114.294006347965791, 0.847639561364391, 0.0 ] ] ], [ [ [ 114.270232844691591, 0.814517361387586, 0.0 ], [ 114.270821156484999, 0.799656285127136, 0.0 ], [ 114.2576842729665, 0.803379892819814, 0.0 ], [ 114.252330288636344, 0.807401243173632, 0.0 ], [ 114.255092984278605, 0.812063630431759, 0.0 ], [ 114.270232844691591, 0.814517361387586, 0.0 ] ] ] ] } },
{ "type": "Feature", "properties": { "FIDcopy": 22.0, "Provinsi": "Kalimantan Timur", "Kab_Kota": "Mahakam Ulu", "Kecamatan": "Long Hubung", "Kel_Desa": "Lutan", "Kodetxt": "KT23", "percentFC": 97, "Nama_Lemba": "LPHD Lutan", "No_SK_Izin": "SK.528/Menlhk-PSKL/PKPS/PSL.0/2/2017", "Luas_Izin": "411", "Luas_Pol": 411.61034045399998, "Keterangan": null, "Skema_PS": "HD", "Fungsi_Kaw": "HP", "KPH": "KPHP Mook Manoor Bulatn", "Shape_Leng": 14200.2005617, "Shape_Area": 4116103.4397499999, "kode": 22.0 }, "geometry": { "type": "MultiPolygon", "coordinates": [ [ [ [ 115.619173682429249, 0.21394168675592, 0.0 ], [ 115.621271768795765, 0.21446109717917, 0.0 ], [ 115.612258911116029, 0.182250558898781, 0.0 ], [ 115.616548173606219, 0.172889665738016, 0.0 ], [ 115.61532600028788, 0.170471000491652, 0.0 ], [ 115.618512533425104, 0.163755453765294, 0.0 ], [ 115.618113980484637, 0.162685263272286, 0.0 ], [ 115.613122172636864, 0.162445612506662, 0.0 ], [ 115.609445543231715, 0.165630963839977, 0.0 ], [ 115.604159511737677, 0.167345351913223, 0.0 ], [ 115.615731636011631, 0.214633910995058, 0.0 ], [ 115.617731756314086, 0.216062568163589, 0.0 ], [ 115.619173682429249, 0.21394168675592, 0.0 ] ] ] ] } },
{ "type": "Feature", "properties": { "FIDcopy": 23.0, "Provinsi": "Kalimantan Timur", "Kab_Kota": "Mahakam Ulu", "Kecamatan": "Long Bagun", "Kel_Desa": "Long Merah", "Kodetxt": "KT24", "percentFC": 94, "Nama_Lemba": "LPHD Long Merah", "No_SK_Izin": "SK.529/Menlhk-PSKL/PKPS/PSL.0/2/2017", "Luas_Izin": "1.217", "Luas_Pol": 1217.44832066, "Keterangan": null, "Skema_PS": "HD", "Fungsi_Kaw": "HPT", "KPH": "KPHP Mook Manoor Bulatn", "Shape_Leng": 28374.684943, "Shape_Area": 12174483.365100002, "kode": 23.0 }, "geometry": { "type": "MultiPolygon", "coordinates": [ [ [ [ 115.565841675873983, 0.547675609845544, 0.0 ], [ 115.570841807576016, 0.542811137495345, 0.0 ], [ 115.568763732284737, 0.541961132309642, 0.0 ], [ 115.568763734099733, 0.539202392454474, 0.0 ], [ 115.557960510349218, 0.543143451186168, 0.0 ], [ 115.562736511681805, 0.5344704390556, 0.0 ], [ 115.562652589061571, 0.53210967924046, 0.0 ], [ 115.559844972111094, 0.532425581323489, 0.0 ], [ 115.558441162083568, 0.535681427098513, 0.0 ], [ 115.547630310753249, 0.541720927882458, 0.0 ], [ 115.546218872545637, 0.540219127816665, 0.0 ], [ 115.546867371605927, 0.538916767092034, 0.0 ], [ 115.550842285084784, 0.533843515775431, 0.0 ], [ 115.554771423177655, 0.532967092143409, 0.0 ], [ 115.554443359209017, 0.531637370940148, 0.0 ], [ 115.552566528215962, 0.531238973742259, 0.0 ], [ 115.550613402892822, 0.528172254874179, 0.0 ], [ 115.538955688139751, 0.530964375717988, 0.0 ], [ 115.535776431073202, 0.530268173473806, 0.0 ], [ 115.534347534163956, 0.540939807137307, 0.0 ], [ 115.5373687745967, 0.542107343045587, 0.0 ], [ 115.538757324255442, 0.549895345540079, 0.0 ], [ 115.542251586588208, 0.552528322802442, 0.0 ], [ 115.550071716120215, 0.554556309464452, 0.0 ], [ 115.564788482359504, 0.564650526453453, 0.0 ], [ 115.568519594553564, 0.561570352353214, 0.0 ], [ 115.56755660134111, 0.55531792980438, 0.0 ], [ 115.57083298248422, 0.551676707368226, 0.0 ], [ 115.565841675873983, 0.547675609845544, 0.0 ] ] ], [ [ [ 115.528126855731713, 0.487374312036458, 0.0 ], [ 115.51402644386657, 0.493835958159393, 0.0 ], [ 115.520213787311263, 0.504546110466331, 0.0 ], [ 115.519780621686678, 0.508036611086592, 0.0 ], [ 115.528969291865238, 0.517843296953751, 0.0 ], [ 115.532295227105934, 0.514157413571626, 0.0 ], [ 115.537277222213149, 0.511761663908752, 0.0 ], [ 115.53727722243589, 0.510287343502639, 0.0 ], [ 115.528450012542166, 0.505500554562433, 0.0 ], [ 115.525482178326939, 0.499235541124326, 0.0 ], [ 115.529495239385724, 0.492151051237108, 0.0 ], [ 115.528126855731713, 0.487374312036458, 0.0 ] ] ] ] } },
{ "type": "Feature", "properties": { "FIDcopy": 24.0, "Provinsi": "Kalimantan Timur", "Kab_Kota": "Mahakam Ulu", "Kecamatan": "Long Bagun", "Kel_Desa": "Batoq Kelo", "Kodetxt": "KT25", "percentFC": 99, "Nama_Lemba": "LPHD Batoq Kelo", "No_SK_Izin": "SK.530/Menlhk-PSKL/PKPS/PSL.0/2/2017", "Luas_Izin": "8.847", "Luas_Pol": 8844.9065679199994, "Keterangan": null, "Skema_PS": "HD", "Fungsi_Kaw": "HP/HPT", "KPH": "KPHP Batu Ayau / KPHP Mook Manoor Bulatn", "Shape_Leng": 80262.634486399998, "Shape_Area": 88449065.57, "kode": 24.0 }, "geometry": { "type": "MultiPolygon", "coordinates": [ [ [ [ 114.992210388229296, 0.780382155739623, 0.0 ], [ 115.018600464548769, 0.730091690465881, 0.0 ], [ 115.034229449403014, 0.712194611097949, 0.0 ], [ 115.032474550500567, 0.697797187567054, 0.0 ], [ 115.022885500793507, 0.704575301014933, 0.0 ], [ 115.020862501033463, 0.7123520991075, 0.0 ], [ 115.018880800727487, 0.713221799752532, 0.0 ], [ 115.015369499654838, 0.720046099793581, 0.0 ], [ 114.998454000566213, 0.742231999591535, 0.0 ], [ 114.961631659428335, 0.776165097364435, 0.0 ], [ 114.952368000884633, 0.780700999777505, 0.0 ], [ 114.931332000565632, 0.798494999840585, 0.0 ], [ 114.912360002028578, 0.812103000446226, 0.0 ], [ 114.907812665315788, 0.813895065798494, 0.0 ], [ 114.933575694970429, 0.84182235590987, 0.0 ], [ 114.942225948575285, 0.84790856504802, 0.0 ], [ 114.992594028542115, 0.78351969113585, 0.0 ], [ 114.992210388229296, 0.780382155739623, 0.0 ] ] ], [ [ [ 115.081133902164225, 0.751165207167599, 0.0 ], [ 115.095120149365115, 0.752370966329844, 0.0 ], [ 115.096056716937724, 0.749043911601306, 0.0 ], [ 115.092506409741958, 0.746280312282308, 0.0 ], [ 115.083656317811986, 0.743708972206933, 0.0 ], [ 115.05249547531669, 0.745583347325392, 0.0 ], [ 115.02298140082371, 0.741347020882249, 0.0 ], [ 115.02489495396965, 0.762689023794937, 0.0 ], [ 115.018722534729108, 0.767483352720327, 0.0 ], [ 115.019332886116985, 0.776895404385968, 0.0 ], [ 115.036903381614337, 0.810743093182255, 0.0 ], [ 115.041442871307908, 0.834930658152751, 0.0 ], [ 115.041801028865081, 0.849568061222913, 0.0 ], [ 115.053145919993653, 0.826586054885992, 0.0 ], [ 115.055608459171367, 0.806317464215793, 0.0 ], [ 115.056389030582835, 0.784349378994395, 0.0 ], [ 115.063232421868037, 0.764871597116476, 0.0 ], [ 115.081133902164225, 0.751165207167599, 0.0 ] ] ] ] } },
{ "type": "Feature", "properties": { "FIDcopy": 25.0, "Provinsi": "Kalimantan Timur", "Kab_Kota": "Mahakam Ulu", "Kecamatan": "Long Apari", "Kel_Desa": "Naha Silat", "Kodetxt": "KT26", "percentFC": 100, "Nama_Lemba": "LPHD Noha Silat", "No_SK_Izin": "SK.531/Menlhk-PSKL/PKPS/PSL.0/2/2017", "Luas_Izin": "8.719", "Luas_Pol": 8719.8602040500009, "Keterangan": null, "Skema_PS": "HD", "Fungsi_Kaw": "HPT", "KPH": "KPHP Batu Ayau / KPHL Batu Rook", "Shape_Leng": 58946.850084500002, "Shape_Area": 87198601.898100004, "kode": 25.0 }, "geometry": { "type": "MultiPolygon", "coordinates": [ [ [ [ 114.119752047558976, 0.896705572342184, 0.0 ], [ 114.122497558839427, 0.895931899071609, 0.0 ], [ 114.123283385569735, 0.894251824001289, 0.0 ], [ 114.127433776396472, 0.894444882729717, 0.0 ], [ 114.127639770924972, 0.889981031486151, 0.0 ], [ 114.132762565077854, 0.885014391006122, 0.0 ], [ 114.105999499194439, 0.865537625974756, 0.0 ], [ 114.140734091654963, 0.845700872079709, 0.0 ], [ 114.133042871495803, 0.844485302530008, 0.0 ], [ 114.114098787830258, 0.847787165238563, 0.0 ], [ 114.101034456222365, 0.862111900770751, 0.0 ], [ 114.103987350622845, 0.894863682410752, 0.0 ], [ 114.102113015510525, 0.905897959504298, 0.0 ], [ 114.110142455064164, 0.905714576279506, 0.0 ], [ 114.119752047558976, 0.896705572342184, 0.0 ] ] ], [ [ [ 114.155313181504397, 0.777726891412774, 0.0 ], [ 114.191794003742061, 0.777751500813604, 0.0 ], [ 114.23749685268875, 0.753172369043016, 0.0 ], [ 114.200633202549994, 0.735042779774642, 0.0 ], [ 114.20049899737495, 0.730047659831468, 0.0 ], [ 114.186476694316227, 0.714810975355711, 0.0 ], [ 114.186851501910539, 0.70686560890339, 0.0 ], [ 114.168144225724276, 0.70501512302651, 0.0 ], [ 114.138603210122596, 0.69633823638404, 0.0 ], [ 114.134862078956161, 0.697010439605041, 0.0 ], [ 114.129226004915452, 0.707557600491781, 0.0 ], [ 114.120658558287559, 0.735762840466601, 0.0 ], [ 114.122260967570725, 0.766515697424823, 0.0 ], [ 114.155313181504397, 0.777726891412774, 0.0 ] ] ] ] } },
{ "type": "Feature", "properties": { "FIDcopy": 26.0, "Provinsi": "Kalimantan Timur", "Kab_Kota": "Mahakam Ulu", "Kecamatan": "Long Pahangai", "Kel_Desa": "Long Tuyoq", "Kodetxt": "KT27", "percentFC": 100, "Nama_Lemba": "LPHD Long Tuyoq", "No_SK_Izin": "SK.532/Menlhk-PSKL/PKPS/PSL.0/2/2017", "Luas_Izin": "4.034", "Luas_Pol": 4034.81374306, "Keterangan": null, "Skema_PS": "HD", "Fungsi_Kaw": "HP", "KPH": "KPHP Batu Ayau", "Shape_Leng": 29815.146053600001, "Shape_Area": 40348137.388099998, "kode": 26.0 }, "geometry": { "type": "MultiPolygon", "coordinates": [ [ [ [ 114.942225948575285, 0.84790856504802, 0.0 ], [ 114.933575694970429, 0.84182235590987, 0.0 ], [ 114.907812665315788, 0.813895065798494, 0.0 ], [ 114.899929000628404, 0.817002000000606, 0.0 ], [ 114.880354000307378, 0.819098999186797, 0.0 ], [ 114.869280001481997, 0.822044002066845, 0.0 ], [ 114.858310000254207, 0.827297999968527, 0.0 ], [ 114.850051879955743, 0.826887964679448, 0.0 ], [ 114.850654602048365, 0.831092595295492, 0.0 ], [ 114.848899841283441, 0.837940513880468, 0.0 ], [ 114.853073120852272, 0.84214711146246, 0.0 ], [ 114.856437682537305, 0.843030571054733, 0.0 ], [ 114.856506347570487, 0.84431898593661, 0.0 ], [ 114.86337280342542, 0.846153735578734, 0.0 ], [ 114.861892700279796, 0.850085973203411, 0.0 ], [ 114.863372803527071, 0.852392374209583, 0.0 ], [ 114.865058899707648, 0.852325498614936, 0.0 ], [ 114.863166809861212, 0.85490131432076, 0.0 ], [ 114.864715576628029, 0.856122791788026, 0.0 ], [ 114.864425658961309, 0.861031114638055, 0.0 ], [ 114.867378234760196, 0.862305581842956, 0.0 ], [ 114.863441467147453, 0.864284872407427, 0.0 ], [ 114.863334656542719, 0.865495681669867, 0.0 ], [ 114.865303040308632, 0.865937172854759, 0.0 ], [ 114.862998962287378, 0.868687926933447, 0.0 ], [ 114.863983153904329, 0.869349003147672, 0.0 ], [ 114.867378235203432, 0.867259323159847, 0.0 ], [ 114.868690491312762, 0.869021355427505, 0.0 ], [ 114.871772765667671, 0.868857264339352, 0.0 ], [ 114.869056113157399, 0.86918247209976, 0.0 ], [ 114.872976687055271, 0.871737261511597, 0.0 ], [ 114.935806274086488, 0.856141030511413, 0.0 ], [ 114.942225948575285, 0.84790856504802, 0.0 ] ] ] ] } },
{ "type": "Feature", "properties": { "FIDcopy": 27.0, "Provinsi": "Kalimantan Timur", "Kab_Kota": "Mahakam Ulu", "Kecamatan": "Long Bagun", "Kel_Desa": "Long Hurai", "Kodetxt": "KT28", "percentFC": 89, "Nama_Lemba": "LPHD Long Hurai", "No_SK_Izin": "SK.533/Menlhk-PSKL/PKPS/PSL.0/2/2017", "Luas_Izin": "2.081", "Luas_Pol": 2089.9098278199999, "Keterangan": null, "Skema_PS": "HD", "Fungsi_Kaw": "HP/HPT", "KPH": "KPHP Mook Manoor Bulatn", "Shape_Leng": 33314.3921739, "Shape_Area": 20899098.2346, "kode": 27.0 }, "geometry": { "type": "MultiPolygon", "coordinates": [ [ [ [ 115.528031052446877, 0.487298408358587, 0.0 ], [ 115.529281616763541, 0.483431219188038, 0.0 ], [ 115.527488737383464, 0.482667025988256, 0.0 ], [ 115.527229960947238, 0.480457110924417, 0.0 ], [ 115.529418944280891, 0.479921848809197, 0.0 ], [ 115.529647826146629, 0.478329986961503, 0.0 ], [ 115.526817322173727, 0.471039205467321, 0.0 ], [ 115.524621795293896, 0.458103105216498, 0.0 ], [ 115.520431519248774, 0.455146043689466, 0.0 ], [ 115.519523621221452, 0.448877781366291, 0.0 ], [ 115.521346309406539, 0.441815638850614, 0.0 ], [ 115.477524631234488, 0.39294395156565, 0.0 ], [ 115.461044312146683, 0.40864407912706, 0.0 ], [ 115.457118085480232, 0.414899239613647, 0.0 ], [ 115.483554329279542, 0.415385866878771, 0.0 ], [ 115.48436889864449, 0.429572942327555, 0.0 ], [ 115.487728995039859, 0.431397237017709, 0.0 ], [ 115.493761896941407, 0.430022652102998, 0.0 ], [ 115.49780928635559, 0.444226698896086, 0.0 ], [ 115.502391236760772, 0.443921236003051, 0.0 ], [ 115.51893999436578, 0.467598362021429, 0.0 ], [ 115.512596735516752, 0.472827263459646, 0.0 ], [ 115.509825130717218, 0.473198717409053, 0.0 ], [ 115.511825258518158, 0.483027909482254, 0.0 ], [ 115.510606134663917, 0.485923331833755, 0.0 ], [ 115.509421176047667, 0.485853914726447, 0.0 ], [ 115.513516507076389, 0.492982993026006, 0.0 ], [ 115.514221539028597, 0.493688024652635, 0.0 ], [ 115.528031052446877, 0.487298408358587, 0.0 ] ] ] ] } },
{ "type": "Feature", "properties": { "FIDcopy": 28.0, "Provinsi": "Kalimantan Timur", "Kab_Kota": "Mahakam Ulu", "Kecamatan": "Laham", "Kel_Desa": "Laham", "Kodetxt": "KT29", "percentFC": 94, "Nama_Lemba": "LPHD Laham", "No_SK_Izin": "SK.534/Menlhk-PSKL/PKPS/PSL.0/2/2017", "Luas_Izin": "1.993", "Luas_Pol": 1933.6600766, "Keterangan": null, "Skema_PS": "HD", "Fungsi_Kaw": "HP", "KPH": "KPHP Damai", "Shape_Leng": 20528.5655123, "Shape_Area": 19336600.818700001, "kode": 28.0 }, "geometry": { "type": "MultiPolygon", "coordinates": [ [ [ [ 115.309059891002462, 0.39210545654739, 0.0 ], [ 115.314708401865317, 0.38720922792079, 0.0 ], [ 115.330774671631247, 0.387397630250697, 0.0 ], [ 115.338870464490782, 0.38082454558736, 0.0 ], [ 115.348865879414333, 0.381536426163735, 0.0 ], [ 115.371823780857298, 0.366731439926873, 0.0 ], [ 115.366074865299751, 0.341171838184263, 0.0 ], [ 115.346884713482098, 0.34174009968545, 0.0 ], [ 115.305611901980882, 0.391516503305276, 0.0 ], [ 115.309059891002462, 0.39210545654739, 0.0 ] ] ] ] } },
{ "type": "Feature", "properties": { "FIDcopy": 29.0, "Provinsi": "Kalimantan Timur", "Kab_Kota": "Berau", "Kecamatan": "Biatan", "Kel_Desa": "Biatan Ilir", "Kodetxt": "KT30", "percentFC": 94, "Nama_Lemba": "LPHD Tebih Dalundun", "No_SK_Izin": "SK.2324/Menlhk-PSKL/PKPS/PSL.0/2/2017", "Luas_Izin": "4.857", "Luas_Pol": 4855.9131246099996, "Keterangan": null, "Skema_PS": "HD", "Fungsi_Kaw": "HL/HPK", "KPH": "KPHP Berau Pantai", "Shape_Leng": 47846.112198800001, "Shape_Area": 48559131.030500002, "kode": 29.0 }, "geometry": { "type": "MultiPolygon", "coordinates": [ [ [ [ 118.07618505671455, 1.507833695356602, 0.0 ], [ 118.091365999209003, 1.425006002957187, 0.0 ], [ 118.105967095922267, 1.378776706176709, 0.0 ], [ 118.107072055009866, 1.37835206550593, 0.0 ], [ 118.104605356168605, 1.375033848412188, 0.0 ], [ 118.100402834500414, 1.378291010461778, 0.0 ], [ 118.097396851909934, 1.378046988545833, 0.0 ], [ 118.081398011405895, 1.390931009369553, 0.0 ], [ 118.07730102602811, 1.39217901057642, 0.0 ], [ 118.070098879541959, 1.39168500808206, 0.0 ], [ 118.057095685864553, 1.394747802323805, 0.0 ], [ 118.062667764918544, 1.390129685603731, 0.0 ], [ 118.06742217454061, 1.382471806095368, 0.0 ], [ 118.031957480062374, 1.42107529897693, 0.0 ], [ 118.02741916625267, 1.422727761928299, 0.0 ], [ 118.033308916775255, 1.42763622622193, 0.0 ], [ 118.039683988430937, 1.428556791329064, 0.0 ], [ 118.045294205198303, 1.431546781554195, 0.0 ], [ 118.046336904393016, 1.433650113247922, 0.0 ], [ 118.050701999657932, 1.434598982119415, 0.0 ], [ 118.052754684476596, 1.437445114545822, 0.0 ], [ 118.056498973894676, 1.439310954354104, 0.0 ], [ 118.05845643559168, 1.444385704878149, 0.0 ], [ 118.06490683844504, 1.444084113219832, 0.0 ], [ 118.063926587296407, 1.447787924882318, 0.0 ], [ 118.065168666714854, 1.451656927678025, 0.0 ], [ 118.067932964931316, 1.453435203838788, 0.0 ], [ 118.071933890534694, 1.452405700913564, 0.0 ], [ 118.07253735336603, 1.459286133496991, 0.0 ], [ 118.067235486645373, 1.466620714847232, 0.0 ], [ 118.066654639901813, 1.472409550609265, 0.0 ], [ 118.068654612379859, 1.476757130450792, 0.0 ], [ 118.064182447440928, 1.487917057591425, 0.0 ], [ 118.064757677934765, 1.493339436477812, 0.0 ], [ 118.063537576994023, 1.495506319549799, 0.0 ], [ 118.057191800438162, 1.498488055144307, 0.0 ], [ 118.053591283428659, 1.504936543313665, 0.0 ], [ 118.054153649102375, 1.507267393164428, 0.0 ], [ 118.058864798847907, 1.512214531645993, 0.0 ], [ 118.063193345442244, 1.512815523534349, 0.0 ], [ 118.064386305778299, 1.514226669069993, 0.0 ], [ 118.07618505671455, 1.507833695356602, 0.0 ] ] ] ] } },
{ "type": "Feature", "properties": { "FIDcopy": 30.0, "Provinsi": "Kalimantan Timur", "Kab_Kota": "Berau", "Kecamatan": "Talisayan", "Kel_Desa": "Dumaring", "Kodetxt": "KT31", "percentFC": 100, "Nama_Lemba": "LPHD Pangalima Jerrung", "No_SK_Izin": "SK.2325/Menlhk-PSKL/PKPS/PSL.0/2/2017", "Luas_Izin": "5.083", "Luas_Pol": 5081.6896136300002, "Keterangan": null, "Skema_PS": "HD", "Fungsi_Kaw": "HL", "KPH": "KPHP Berau Pantai", "Shape_Leng": 36593.243882399998, "Shape_Area": 50816896.182599999, "kode": 30.0 }, "geometry": { "type": "MultiPolygon", "coordinates": [ [ [ [ 118.076185037976529, 1.507833974876394, 0.0 ], [ 118.07618505671455, 1.507833695356602, 0.0 ], [ 118.076185001137176, 1.507834000222521, 0.0 ], [ 118.076185037976529, 1.507833974876394, 0.0 ] ] ], [ [ [ 118.107072055009866, 1.37835206550593, 0.0 ], [ 118.105967095922267, 1.378776706176709, 0.0 ], [ 118.091365999209003, 1.425006002957187, 0.0 ], [ 118.07621554679308, 1.507813877459819, 0.0 ], [ 118.110359212995689, 1.485495260463729, 0.0 ], [ 118.12386392560073, 1.466058550601008, 0.0 ], [ 118.126283170273069, 1.440768197663563, 0.0 ], [ 118.13627624651896, 1.443395733641413, 0.0 ], [ 118.138559257181612, 1.447174010162578, 0.0 ], [ 118.150570614033853, 1.424558399389477, 0.0 ], [ 118.143890382923146, 1.423711419548322, 0.0 ], [ 118.138900757937563, 1.419819354291991, 0.0 ], [ 118.107072055009866, 1.37835206550593, 0.0 ] ] ] ] } },
{ "type": "Feature", "properties": { "FIDcopy": 31.0, "Provinsi": "Kalimantan Timur", "Kab_Kota": "Kutai Barat", "Kecamatan": "Damai", "Kel_Desa": "Besiq", "Kodetxt": "KT32", "percentFC": 98, "Nama_Lemba": "LPHD Besiq", "No_SK_Izin": "503/2028/HPHD/BPPMD-PTSP/XII/2015", "Luas_Izin": "5.440", "Luas_Pol": 5427.3880771300001, "Keterangan": null, "Skema_PS": "HD", "Fungsi_Kaw": "HP/HPT", "KPH": "KPHP Damai", "Shape_Leng": 54928.955635600003, "Shape_Area": 54273880.557099998, "kode": 31.0 }, "geometry": { "type": "MultiPolygon", "coordinates": [ [ [ [ 115.37068129743389, -0.625944832880233, 0.0 ], [ 115.376801828697637, -0.65719861263629, 0.0 ], [ 115.379731870151545, -0.65576614660866, 0.0 ], [ 115.389433564495121, -0.677448456815677, 0.0 ], [ 115.401739740704244, -0.696461171755901, 0.0 ], [ 115.409488073408383, -0.70655353895317, 0.0 ], [ 115.424919626416056, -0.721854867740918, 0.0 ], [ 115.436574681481503, -0.732728579421155, 0.0 ], [ 115.470823614434508, -0.752978422816071, 0.0 ], [ 115.479092843832291, -0.756103801987985, 0.0 ], [ 115.495370854896976, -0.758187387177368, 0.0 ], [ 115.499993807697223, -0.760205860150462, 0.0 ], [ 115.499863584591736, -0.770298226028167, 0.0 ], [ 115.368597711332583, -0.727714951917016, 0.0 ], [ 115.368793047653469, -0.681810962713867, 0.0 ], [ 115.36013314681027, -0.640725266783195, 0.0 ], [ 115.357854225306738, -0.636427871006161, 0.0 ], [ 115.357463552240574, -0.61311776126015, 0.0 ], [ 115.37217887435024, -0.612987537316359, 0.0 ], [ 115.37068129743389, -0.625944832880233, 0.0 ] ] ] ] } },
{ "type": "Feature", "properties": { "FIDcopy": 32.0, "Provinsi": "Kalimantan Timur", "Kab_Kota": "Berau", "Kecamatan": "Kelay", "Kel_Desa": "Kampung Merabu", "Kodetxt": "KT33", "percentFC": 97, "Nama_Lemba": "LPHD Kampung Merabu", "No_SK_Izin": "503/1340/HPHD/BPPMD-PTSP/VII/2015", "Luas_Izin": "8.245", "Luas_Pol": 8246.1799654499991, "Keterangan": null, "Skema_PS": "HD", "Fungsi_Kaw": "HL", "KPH": "KPHP Berau Tengah / KPHP Bengalon", "Shape_Leng": 59391.695568100004, "Shape_Area": 82461799.634100005, "kode": 32.0 }, "geometry": { "type": "MultiPolygon", "coordinates": [ [ [ [ 117.328690666788418, 1.513954968893769, 0.0 ], [ 117.338533556616468, 1.497469053157166, 0.0 ], [ 117.343322363541404, 1.47617941168994, 0.0 ], [ 117.336811446679434, 1.436957021357618, 0.0 ], [ 117.31874218175399, 1.38766918584388, 0.0 ], [ 117.296189306685974, 1.368303130749532, 0.0 ], [ 117.283218660432013, 1.36157761005443, 0.0 ], [ 117.270291434982184, 1.362273958827023, 0.0 ], [ 117.270867117735378, 1.371588570494984, 0.0 ], [ 117.267959595209206, 1.391831039534989, 0.0 ], [ 117.272689820658982, 1.394520283384134, 0.0 ], [ 117.274589539890187, 1.397520542070276, 0.0 ], [ 117.272247315478268, 1.407616496823591, 0.0 ], [ 117.274002076233302, 1.41598129270835, 0.0 ], [ 117.277107238866904, 1.419351100209182, 0.0 ], [ 117.2860183723473, 1.421229004553147, 0.0 ], [ 117.294067384485587, 1.42930638747944, 0.0 ], [ 117.304519654041954, 1.435455798477848, 0.0 ], [ 117.306770325823081, 1.438907384242842, 0.0 ], [ 117.307107144696275, 1.444984941515349, 0.0 ], [ 117.32385787390858, 1.458530629053464, 0.0 ], [ 117.326386888271159, 1.462783971430336, 0.0 ], [ 117.309028652386118, 1.465772807908848, 0.0 ], [ 117.297418177820163, 1.459450270814427, 0.0 ], [ 117.291496889244513, 1.445538810484922, 0.0 ], [ 117.287241698967463, 1.44233539139401, 0.0 ], [ 117.283319459748185, 1.443315951561726, 0.0 ], [ 117.280255211349896, 1.445889920348812, 0.0 ], [ 117.269153149446197, 1.458331617738677, 0.0 ], [ 117.277278457644755, 1.472353661855606, 0.0 ], [ 117.29144050642995, 1.470715881436506, 0.0 ], [ 117.298222863036514, 1.481751580380446, 0.0 ], [ 117.301096743715476, 1.496810713395964, 0.0 ], [ 117.307074414435903, 1.505892174386362, 0.0 ], [ 117.307534235851364, 1.518767156146577, 0.0 ], [ 117.315466144556297, 1.527388796234238, 0.0 ], [ 117.323857874700749, 1.533711333639126, 0.0 ], [ 117.331279017836721, 1.536534268203224, 0.0 ], [ 117.328574744602292, 1.528580524081038, 0.0 ], [ 117.328690666788418, 1.513954968893769, 0.0 ] ] ] ] } },
{ "type": "Feature", "properties": { "FIDcopy": 33.0, "Provinsi": "Kalimantan Timur", "Kab_Kota": "Kutai Timur", "Kecamatan": "Karangan", "Kel_Desa": "Karangan Dalam", "Kodetxt": "KT34", "percentFC": 92, "Nama_Lemba": "LPHD Karangan Dalam", "No_SK_Izin": "503/1000/HPHD/BPPMD-PTSP/VI/2016", "Luas_Izin": "9.525", "Luas_Pol": 9502.3698562200007, "Keterangan": null, "Skema_PS": "HD", "Fungsi_Kaw": "HL/HP", "KPH": "KPHP Bengalon", "Shape_Leng": 71015.253341500022, "Shape_Area": 95023698.977599993, "kode": 33.0 }, "geometry": { "type": "MultiPolygon", "coordinates": [ [ [ [ 117.522047088255889, 1.423997352534706, 0.0 ], [ 117.531583968564135, 1.417715575637886, 0.0 ], [ 117.538208386981708, 1.416573435107635, 0.0 ], [ 117.542205882488645, 1.41189065604464, 0.0 ], [ 117.55082904916793, 1.408635552370165, 0.0 ], [ 117.558138753473287, 1.411262478061598, 0.0 ], [ 117.559452216127454, 1.407150768447865, 0.0 ], [ 117.56253599712683, 1.40652259171181, 0.0 ], [ 117.566645421702319, 1.408136436761122, 0.0 ], [ 117.569986184083547, 1.405409574861245, 0.0 ], [ 117.575068712562214, 1.405709386943548, 0.0 ], [ 117.579223252762944, 1.401683338984468, 0.0 ], [ 117.582235650006069, 1.403268059766241, 0.0 ], [ 117.580750866266158, 1.405966368143195, 0.0 ], [ 117.586247421643577, 1.40683725216545, 0.0 ], [ 117.586161759996926, 1.402282963109343, 0.0 ], [ 117.589788059340037, 1.399984403905287, 0.0 ], [ 117.589269098247186, 1.395533681216587, 0.0 ], [ 117.592451628625426, 1.392618842218967, 0.0 ], [ 117.592659830998301, 1.390388096770132, 0.0 ], [ 117.595931589812935, 1.389436312438854, 0.0 ], [ 117.596139792803143, 1.386283526077956, 0.0 ], [ 117.602444174468474, 1.386552405820007, 0.0 ], [ 117.603714806579646, 1.385196112572818, 0.0 ], [ 117.602715432833918, 1.384053972099647, 0.0 ], [ 117.60095939099746, 1.38528177367115, 0.0 ], [ 117.600502534286406, 1.382040947781009, 0.0 ], [ 117.597261708525849, 1.381898178908001, 0.0 ], [ 117.598903536242233, 1.378443202716306, 0.0 ], [ 117.588452943136772, 1.372860986645672, 0.0 ], [ 117.569821763806104, 1.382740508604463, 0.0 ], [ 117.55939972380051, 1.386181209780187, 0.0 ], [ 117.532302422164747, 1.390721221708173, 0.0 ], [ 117.516483766493067, 1.390906819687164, 0.0 ], [ 117.498266611566734, 1.396289159577992, 0.0 ], [ 117.493760056187014, 1.399032047500436, 0.0 ], [ 117.499889547337247, 1.417030290569717, 0.0 ], [ 117.503430185324348, 1.41920035959424, 0.0 ], [ 117.510111712233524, 1.419543001512813, 0.0 ], [ 117.518220915094304, 1.424282887864864, 0.0 ], [ 117.522047088255889, 1.423997352534706, 0.0 ] ] ], [ [ [ 117.375240933406786, 1.460147971803858, 0.0 ], [ 117.353897168408864, 1.436091621777521, 0.0 ], [ 117.351710301273044, 1.443150231133136, 0.0 ], [ 117.34906686264948, 1.44296826336864, 0.0 ], [ 117.346326532757189, 1.439904008409261, 0.0 ], [ 117.345878384551995, 1.434164257769477, 0.0 ], [ 117.344260351108915, 1.432022742464723, 0.0 ], [ 117.334796505512813, 1.430004484355786, 0.0 ], [ 117.333247909274036, 1.427445205048516, 0.0 ], [ 117.336811446679434, 1.436957021357618, 0.0 ], [ 117.343322363541404, 1.47617941168994, 0.0 ], [ 117.338533556616468, 1.497469053157166, 0.0 ], [ 117.328690666187299, 1.513873378521658, 0.0 ], [ 117.328690653025546, 1.528637258687758, 0.0 ], [ 117.329682703979316, 1.531613178525447, 0.0 ], [ 117.332725524812076, 1.533116340779134, 0.0 ], [ 117.339477539987399, 1.544957041949483, 0.0 ], [ 117.346672058154681, 1.553170084154601, 0.0 ], [ 117.40133094207691, 1.544593480373922, 0.0 ], [ 117.399903264963029, 1.535551528599657, 0.0 ], [ 117.397047911812592, 1.529840822275979, 0.0 ], [ 117.387548695482892, 1.518754096132984, 0.0 ], [ 117.384520831963826, 1.506404693899671, 0.0 ], [ 117.384449447404904, 1.495054664567534, 0.0 ], [ 117.379452579195743, 1.467857425738089, 0.0 ], [ 117.375240933406786, 1.460147971803858, 0.0 ] ] ] ] } },
{ "type": "Feature", "properties": { "FIDcopy": 34.0, "Provinsi": "Kalimantan Timur", "Kab_Kota": "Kutai Barat", "Kecamatan": "Damai", "Kel_Desa": "Bermai", "Kodetxt": "KT35", "percentFC": 84, "Nama_Lemba": "LPHD Bermai", "No_SK_Izin": "SK.503/1980/HPHD/BPPMD-PTSP/X/2016", "Luas_Izin": "155", "Luas_Pol": 152.04795126799999, "Keterangan": null, "Skema_PS": "HD", "Fungsi_Kaw": "HP", "KPH": "KPHP Damai", "Shape_Leng": 7999.1124088500001, "Shape_Area": 1520479.3804200001, "kode": 34.0 }, "geometry": { "type": "MultiPolygon", "coordinates": [ [ [ [ 115.662187602356113, -0.691931830542949, 0.0 ], [ 115.655799747025824, -0.69200698298813, 0.0 ], [ 115.656513683444388, -0.685694277981266, 0.0 ], [ 115.661210636309391, -0.684266404363054, 0.0 ], [ 115.665268803495024, -0.680546418284636, 0.0 ], [ 115.662187602356113, -0.691931830542949, 0.0 ] ] ], [ [ [ 115.63061948011574, -0.733302591333391, 0.0 ], [ 115.620741692583891, -0.733302590823373, 0.0 ], [ 115.620816843489592, -0.728042003163633, 0.0 ], [ 115.635283457381092, -0.727929277768369, 0.0 ], [ 115.63061948011574, -0.733302591333391, 0.0 ] ] ] ] } },
{ "type": "Feature", "properties": { "FIDcopy": 35.0, "Provinsi": "Kalimantan Timur", "Kab_Kota": "Kutai Timur", "Kecamatan": "Kongbeng", "Kel_Desa": "Miau Baru", "Kodetxt": "KT36", "percentFC": 81, "Nama_Lemba": "LPHD Pulung Urip", "No_SK_Izin": "SK.6995/MENLHK-PSKL/PSL.0/12/2017", "Luas_Izin": "1.983", "Luas_Pol": 1983.4587900500001, "Keterangan": null, "Skema_PS": "HD", "Fungsi_Kaw": "HP/HPT/HPK", "KPH": "KPHP Kelinjau", "Shape_Leng": 37625.657000400002, "Shape_Area": 19834588.0737, "kode": 35.0 }, "geometry": { "type": "MultiPolygon", "coordinates": [ [ [ [ 117.087796552647617, 1.289738534669306, 0.0 ], [ 117.058006457285856, 1.289616181394003, 0.0 ], [ 117.057869476924466, 1.296421052481638, 0.0 ], [ 117.087560372477924, 1.295156675376856, 0.0 ], [ 117.087796552647617, 1.289738534669306, 0.0 ] ] ], [ [ [ 117.055963959339962, 1.29654755098825, 0.0 ], [ 117.055865404085964, 1.294763085515613, 0.0 ], [ 117.051344428745253, 1.294763085809011, 0.0 ], [ 117.051281343961264, 1.288539087042052, 0.0 ], [ 117.047373702788889, 1.283532030464866, 0.0 ], [ 117.04517270169444, 1.283145367803652, 0.0 ], [ 117.043863997898882, 1.278207985727364, 0.0 ], [ 117.040384036530313, 1.278802851162891, 0.0 ], [ 117.040287668585123, 1.289430713844477, 0.0 ], [ 117.031848314197077, 1.290061271204821, 0.0 ], [ 117.031737669214351, 1.297570849871579, 0.0 ], [ 117.055963959339962, 1.29654755098825, 0.0 ] ] ], [ [ [ 116.99595327685843, 1.290599364789774, 0.0 ], [ 116.983443357492064, 1.277561038482091, 0.0 ], [ 116.972498788218473, 1.286509359877872, 0.0 ], [ 116.976023831062022, 1.290896102368928, 0.0 ], [ 116.979118074982011, 1.292324215586793, 0.0 ], [ 116.981379253555019, 1.299702796811083, 0.0 ], [ 116.988857098126147, 1.31304098248982, 0.0 ], [ 117.010817482732477, 1.347595393277482, 0.0 ], [ 117.024833680871566, 1.350011110904786, 0.0 ], [ 117.015058554152873, 1.324601844183924, 0.0 ], [ 117.003472137601008, 1.305927461696882, 0.0 ], [ 116.99595327685843, 1.290599364789774, 0.0 ] ] ] ] } },
{ "type": "Feature", "properties": { "FIDcopy": 36.0, "Provinsi": "Kalimantan Timur", "Kab_Kota": "Kutai Timur", "Kecamatan": "Karangan", "Kel_Desa": "Karangan Hilir", "Kodetxt": "KT37", "percentFC": 98, "Nama_Lemba": "LPHD Karangan Hilir", "No_SK_Izin": "SK.7034/MENLHK-PSKL/PKPS/12/2017", "Luas_Izin": "7.598", "Luas_Pol": 7597.9185908899999, "Keterangan": null, "Skema_PS": "HD", "Fungsi_Kaw": "HL", "KPH": "KPHP Berau Tengah / KPHP Bengalon", "Shape_Leng": 65978.76692520002, "Shape_Area": 75979185.965100005, "kode": 36.0 }, "geometry": { "type": "MultiPolygon", "coordinates": [ [ [ [ 117.688775292381948, 1.462430309186226, 0.0 ], [ 117.683895746188654, 1.45806438206649, 0.0 ], [ 117.665706575313919, 1.457235787844868, 0.0 ], [ 117.661517074526074, 1.452724017663702, 0.0 ], [ 117.664674037957724, 1.451277075380791, 0.0 ], [ 117.67772146828365, 1.451272948595481, 0.0 ], [ 117.664068189143705, 1.440767907338714, 0.0 ], [ 117.642039853937106, 1.441031348002986, 0.0 ], [ 117.637736437595493, 1.449991844094005, 0.0 ], [ 117.671758952894734, 1.535834431275577, 0.0 ], [ 117.68925389200362, 1.59615147458045, 0.0 ], [ 117.687458544069045, 1.603850724949316, 0.0 ], [ 117.689930365256942, 1.62954218211925, 0.0 ], [ 117.683608025304665, 1.648460774152316, 0.0 ], [ 117.693686522178282, 1.665613223079591, 0.0 ], [ 117.696967353359724, 1.678736673605555, 0.0 ], [ 117.706810295573774, 1.685298353768652, 0.0 ], [ 117.718293082991693, 1.680377030174871, 0.0 ], [ 117.717480531795502, 1.6455820525375, 0.0 ], [ 117.711611822432047, 1.594601042539188, 0.0 ], [ 117.711903589919586, 1.587196592725533, 0.0 ], [ 117.694525390798759, 1.544257146604224, 0.0 ], [ 117.694229075146211, 1.538037564403216, 0.0 ], [ 117.674500181908613, 1.503391282946675, 0.0 ], [ 117.673612506577953, 1.487694197364996, 0.0 ], [ 117.688027801162093, 1.471103880083893, 0.0 ], [ 117.688775292381948, 1.462430309186226, 0.0 ] ] ] ] } },
{ "type": "Feature", "properties": { "FIDcopy": 37.0, "Provinsi": "Kalimantan Timur", "Kab_Kota": "Berau", "Kecamatan": "Biatan", "Kel_Desa": "Biatan Ulu", "Kodetxt": "KT38", "percentFC": 98, "Nama_Lemba": "LPHD Talun Menjat", "No_SK_Izin": "SK.8760/MENLHK-PSKL/PKPS/PSL.0/12/2018", "Luas_Izin": "10.033", "Luas_Pol": 10032.6586596, "Keterangan": null, "Skema_PS": "HD", "Fungsi_Kaw": "HL/HPT/HPK", "KPH": "KPHP Berau Pantai", "Shape_Leng": 74914.867015800002, "Shape_Area": 100326586.29300001, "kode": 37.0 }, "geometry": { "type": "MultiPolygon", "coordinates": [ [ [ [ 117.967117310418843, 1.576539158815843, 0.0 ], [ 117.970436975530177, 1.574557722286423, 0.0 ], [ 117.971918267980854, 1.570135578418046, 0.0 ], [ 117.971291371182033, 1.562012381295319, 0.0 ], [ 117.976575414346598, 1.557585950311338, 0.0 ], [ 117.972976685608941, 1.558007598193345, 0.0 ], [ 117.969492531918988, 1.5641809048714, 0.0 ], [ 117.955721002327451, 1.567270859730765, 0.0 ], [ 117.955129489668948, 1.576261903531644, 0.0 ], [ 117.949154321938622, 1.581611833532804, 0.0 ], [ 117.939531111270227, 1.584356427807607, 0.0 ], [ 117.941543580625847, 1.587652444019851, 0.0 ], [ 117.953819276155045, 1.593043327518779, 0.0 ], [ 117.962196351311121, 1.588485837120395, 0.0 ], [ 117.967215632474918, 1.580562216342222, 0.0 ], [ 117.967117310418843, 1.576539158815843, 0.0 ] ] ], [ [ [ 117.944541932188116, 1.571592808176398, 0.0 ], [ 117.935803661300909, 1.572036764189134, 0.0 ], [ 117.934593201886301, 1.573511599987069, 0.0 ], [ 117.939201071471373, 1.583921682707585, 0.0 ], [ 117.940383913611413, 1.583872915024892, 0.0 ], [ 117.941665454057215, 1.57663802124907, 0.0 ], [ 117.944541932188116, 1.571592808176398, 0.0 ] ] ], [ [ [ 118.064386305778299, 1.514226669069993, 0.0 ], [ 118.063193345442244, 1.512815523534349, 0.0 ], [ 118.058864798847907, 1.512214531645993, 0.0 ], [ 118.054153649102375, 1.507267393164428, 0.0 ], [ 118.053614897879257, 1.504587104074852, 0.0 ], [ 118.057481427447357, 1.498203240783379, 0.0 ], [ 118.064585438480123, 1.493832489288966, 0.0 ], [ 118.064182447440928, 1.487917057591425, 0.0 ], [ 118.068654612379859, 1.476757130450792, 0.0 ], [ 118.066654639901813, 1.472409550609265, 0.0 ], [ 118.067235486645373, 1.466620714847232, 0.0 ], [ 118.07253735336603, 1.459286133496991, 0.0 ], [ 118.071933890534694, 1.452405700913564, 0.0 ], [ 118.067932964931316, 1.453435203838788, 0.0 ], [ 118.065168666714854, 1.451656927678025, 0.0 ], [ 118.063926587296407, 1.447787924882318, 0.0 ], [ 118.06517294896048, 1.444301062452391, 0.0 ], [ 118.05845643559168, 1.444385704878149, 0.0 ], [ 118.056253116945612, 1.43916985184455, 0.0 ], [ 118.049643814155786, 1.446187612545655, 0.0 ], [ 118.044236875425156, 1.447040435914995, 0.0 ], [ 118.043154184564955, 1.444846960628311, 0.0 ], [ 118.047866823421103, 1.442331672221653, 0.0 ], [ 118.050580948401731, 1.434725923380603, 0.0 ], [ 118.046336904393016, 1.433650113247922, 0.0 ], [ 118.045294205198303, 1.431546781554195, 0.0 ], [ 118.041616676956707, 1.429753862289203, 0.0 ], [ 118.040612553824985, 1.430710472390474, 0.0 ], [ 118.03127347302825, 1.428115211009845, 0.0 ], [ 118.030786514440791, 1.43307304382771, 0.0 ], [ 118.021516800780489, 1.439832686040583, 0.0 ], [ 118.012802125619061, 1.43810796685673, 0.0 ], [ 118.001502992618853, 1.450469016991508, 0.0 ], [ 118.001899720716665, 1.452779055516719, 0.0 ], [ 118.006442386063682, 1.455166827576595, 0.0 ], [ 117.999057535061638, 1.456579803634219, 0.0 ], [ 117.992401125629868, 1.451354025880686, 0.0 ], [ 117.987800599188049, 1.45173895391567, 0.0 ], [ 117.981597903022774, 1.454713940940196, 0.0 ], [ 117.969703674891406, 1.463608978554636, 0.0 ], [ 117.958201754365945, 1.467312092912153, 0.0 ], [ 118.005543441252399, 1.533683729133408, 0.0 ], [ 118.001541139852421, 1.538335442277532, 0.0 ], [ 117.997756880520583, 1.537505587015107, 0.0 ], [ 117.993967998957984, 1.543939843273927, 0.0 ], [ 117.987472534141816, 1.54716288910426, 0.0 ], [ 117.984815129623811, 1.551504508634459, 0.0 ], [ 117.991996766856786, 1.548138021188925, 0.0 ], [ 117.994676737232197, 1.545179262580886, 0.0 ], [ 118.002374589687648, 1.54506407359381, 0.0 ], [ 118.064386305778299, 1.514226669069993, 0.0 ] ] ], [ [ [ 118.020682187524272, 1.435735895050576, 0.0 ], [ 118.024051503130238, 1.43310896997046, 0.0 ], [ 118.023708861544705, 1.429968080479978, 0.0 ], [ 118.026221572513109, 1.426256121692705, 0.0 ], [ 118.022909362756238, 1.423914733196018, 0.0 ], [ 118.024108610544687, 1.422487055264217, 0.0 ], [ 118.022281184556846, 1.420488308900038, 0.0 ], [ 118.019882687499972, 1.419745916044181, 0.0 ], [ 118.016364726635231, 1.422800146599142, 0.0 ], [ 118.014602663560339, 1.426746011315822, 0.0 ], [ 118.013130269565522, 1.435646176469282, 0.0 ], [ 118.016227835540931, 1.434422431573506, 0.0 ], [ 118.020682187524272, 1.435735895050576, 0.0 ] ] ] ] } },
{ "type": "Feature", "properties": { "FIDcopy": 38.0, "Provinsi": "Kalimantan Timur", "Kab_Kota": "Berau", "Kecamatan": "Sambaliung", "Kel_Desa": "Long Lanuk", "Kodetxt": "KT39", "percentFC": 98, "Nama_Lemba": "LPHD Long Lanuk", "No_SK_Izin": "SK.9206/MENLHK-PSKL/PKPS/PSL.0/12/2018", "Luas_Izin": "8.297", "Luas_Pol": 8296.5966214500004, "Keterangan": null, "Skema_PS": "HD", "Fungsi_Kaw": "HL/HP", "KPH": "KPHP Berau Tengah", "Shape_Leng": 74170.195400800003, "Shape_Area": 82965966.173899993, "kode": 38.0 }, "geometry": { "type": "MultiPolygon", "coordinates": [ [ [ [ 117.349040105338347, 1.915925118509668, 0.0 ], [ 117.333961996696729, 1.890570998314941, 0.0 ], [ 117.320260283450409, 1.875923553832624, 0.0 ], [ 117.308136370196195, 1.866946304325851, 0.0 ], [ 117.289724595586861, 1.856985977087587, 0.0 ], [ 117.291158829173185, 1.862356501580838, 0.0 ], [ 117.290417401968426, 1.865755011534661, 0.0 ], [ 117.292064343099213, 1.865677831509775, 0.0 ], [ 117.297028082056769, 1.871845940939985, 0.0 ], [ 117.299667692458343, 1.872511076543386, 0.0 ], [ 117.300657529045353, 1.870696441250643, 0.0 ], [ 117.301973399717355, 1.870979209658575, 0.0 ], [ 117.304477195338094, 1.878766033735974, 0.0 ], [ 117.307978463697367, 1.880390571384121, 0.0 ], [ 117.310275691883106, 1.883645465281552, 0.0 ], [ 117.316822819742541, 1.886785001821858, 0.0 ], [ 117.317383513433754, 1.897712440469333, 0.0 ], [ 117.31455875757328, 1.898405945725305, 0.0 ], [ 117.308810331751204, 1.896893418470242, 0.0 ], [ 117.309154046234795, 1.899396905902585, 0.0 ], [ 117.314983183238667, 1.899827036172172, 0.0 ], [ 117.321862550869724, 1.904236664453885, 0.0 ], [ 117.326909540274201, 1.899139864279375, 0.0 ], [ 117.330923045998034, 1.899651085536595, 0.0 ], [ 117.337664389320352, 1.907112639170793, 0.0 ], [ 117.349040105338347, 1.915925118509668, 0.0 ] ] ], [ [ [ 117.41405839310579, 1.831191324014966, 0.0 ], [ 117.44679069480199, 1.790601729943303, 0.0 ], [ 117.45661570197592, 1.771483279812279, 0.0 ], [ 117.454874643991118, 1.76930909933331, 0.0 ], [ 117.453250541146033, 1.769916456788939, 0.0 ], [ 117.453021130666784, 1.767386401675055, 0.0 ], [ 117.459411794237568, 1.751923486116517, 0.0 ], [ 117.459115772884644, 1.75001566323433, 0.0 ], [ 117.449711839473878, 1.74850928509741, 0.0 ], [ 117.41483205871647, 1.780786401577887, 0.0 ], [ 117.41225118781837, 1.781350575403926, 0.0 ], [ 117.406606261705619, 1.787997266971151, 0.0 ], [ 117.394190541922725, 1.793405206733267, 0.0 ], [ 117.370261139636312, 1.791869752727035, 0.0 ], [ 117.358601441175011, 1.787320581961879, 0.0 ], [ 117.358559353733128, 1.77260367757351, 0.0 ], [ 117.354711855430921, 1.770535324977403, 0.0 ], [ 117.353156590300244, 1.767087063839121, 0.0 ], [ 117.353975986127637, 1.753563614182718, 0.0 ], [ 117.347949324484063, 1.754180201675697, 0.0 ], [ 117.337045741376656, 1.762206017660943, 0.0 ], [ 117.351661682578154, 1.790946603339821, 0.0 ], [ 117.351448059095802, 1.82175517017081, 0.0 ], [ 117.353492737229359, 1.84261763013648, 0.0 ], [ 117.365740243423986, 1.857157412162918, 0.0 ], [ 117.359046089971216, 1.859615436864001, 0.0 ], [ 117.366094550524863, 1.865307171077902, 0.0 ], [ 117.377145768427283, 1.86561012240434, 0.0 ], [ 117.41405839310579, 1.831191324014966, 0.0 ] ] ] ] } },
{ "type": "Feature", "properties": { "FIDcopy": 39.0, "Provinsi": "Kalimantan Timur", "Kab_Kota": "Kutai Timur", "Kecamatan": "Karangan", "Kel_Desa": "Baay", "Kodetxt": "KT40", "percentFC": 95, "Nama_Lemba": "LPHD Baay", "No_SK_Izin": "SK.8767/MENLHK PSKL/PKPS/ PSL.0/12/2018", "Luas_Izin": "1.967", "Luas_Pol": 1966.6255895, "Keterangan": null, "Skema_PS": "HD", "Fungsi_Kaw": "HPT", "KPH": "KPHP Bengalon", "Shape_Leng": 20521.2518657, "Shape_Area": 19666255.877799999, "kode": 39.0 }, "geometry": { "type": "MultiPolygon", "coordinates": [ [ [ [ 117.344335491802624, 1.102247891222713, 0.0 ], [ 117.341003045344081, 1.101641691333456, 0.0 ], [ 117.339327096683917, 1.15078545694786, 0.0 ], [ 117.342702143923105, 1.151418278301933, 0.0 ], [ 117.354166625804581, 1.160859616173978, 0.0 ], [ 117.359490314993508, 1.179492531282138, 0.0 ], [ 117.368988038277976, 1.172809600547204, 0.0 ], [ 117.372879027541714, 1.163591980153605, 0.0 ], [ 117.374313355158506, 1.148793579288764, 0.0 ], [ 117.373016358716967, 1.139209154554824, 0.0 ], [ 117.369705201656458, 1.127639773477052, 0.0 ], [ 117.356056213795256, 1.119339347522229, 0.0 ], [ 117.344335491802624, 1.102247891222713, 0.0 ] ] ] ] } },
{ "type": "Feature", "properties": { "FIDcopy": 40.0, "Provinsi": "Kalimantan Timur", "Kab_Kota": "Kutai Timur", "Kecamatan": "Karangan", "Kel_Desa": "Batu Lepoq", "Kodetxt": "KT41", "percentFC": 0, "Nama_Lemba": "Batu Numoq", "No_SK_Izin": "SK.1944/Menlhk-PSKL/PKPS/PSL.0/4/2017", "Luas_Izin": "590", "Luas_Pol": 582.97725093199995, "Keterangan": null, "Skema_PS": "HKM", "Fungsi_Kaw": "HP", "KPH": "KPHP Bengalon", "Shape_Leng": 9990.4182741099994, "Shape_Area": 5829772.3774300003, "kode": 0.0 }, "geometry": { "type": "MultiPolygon", "coordinates": [ [ [ [ 117.794955902962599, 1.430736579645887, 0.0 ], [ 117.76994015318536, 1.44139037839928, 0.0 ], [ 117.769941608341938, 1.445713460985112, 0.0 ], [ 117.779588679646849, 1.458098856005825, 0.0 ], [ 117.794826518734808, 1.458098821636777, 0.0 ], [ 117.794955902962599, 1.430736579645887, 0.0 ] ] ] ] } },
{ "type": "Feature", "properties": { "FIDcopy": 41.0, "Provinsi": "Kalimantan Timur", "Kab_Kota": "Berau", "Kecamatan": "Tabalar", "Kel_Desa": "Semurut", "Kodetxt": "KT42", "percentFC": 0, "Nama_Lemba": "Koperasi Kasai Makmur", "No_SK_Izin": "SK.5841/MENLHK-PSKL/PKPS/PSL.0/10/2017", "Luas_Izin": "1.096", "Luas_Pol": 1097.2706706, "Keterangan": null, "Skema_PS": "HTR", "Fungsi_Kaw": "HP", "KPH": "KPHP Berau Tengah", "Shape_Leng": 27713.750106, "Shape_Area": 10972706.793500001, "kode": 0.0 }, "geometry": { "type": "MultiPolygon", "coordinates": [ [ [ [ 117.811491221461708, 1.818451382755831, 0.0 ], [ 117.81948621060549, 1.802818324410431, 0.0 ], [ 117.81227644383128, 1.791753831253488, 0.0 ], [ 117.801587809086087, 1.783330555409988, 0.0 ], [ 117.79737507983431, 1.783330555340886, 0.0 ], [ 117.798840082174991, 1.800384930229234, 0.0 ], [ 117.792792170256362, 1.80045405411447, 0.0 ], [ 117.793831111379674, 1.801456883110433, 0.0 ], [ 117.793492445050205, 1.808296073520959, 0.0 ], [ 117.788414231031211, 1.807291088431595, 0.0 ], [ 117.78838902451713, 1.812282023798604, 0.0 ], [ 117.794571845249692, 1.812223139668826, 0.0 ], [ 117.794099730526696, 1.817457350506017, 0.0 ], [ 117.783020616945691, 1.818223459307102, 0.0 ], [ 117.78321015942258, 1.824229834252542, 0.0 ], [ 117.791218213297242, 1.820521513379634, 0.0 ], [ 117.811491221461708, 1.818451382755831, 0.0 ] ] ], [ [ [ 117.783399962021434, 1.762376002361584, 0.0 ], [ 117.783783333391952, 1.7246172529923, 0.0 ], [ 117.782937689223999, 1.724581647408162, 0.0 ], [ 117.775506069363104, 1.731914836670096, 0.0 ], [ 117.778454774208271, 1.732034701008972, 0.0 ], [ 117.77830308797013, 1.73475604950869, 0.0 ], [ 117.782412665788058, 1.735251400581455, 0.0 ], [ 117.782443194259628, 1.743890682926885, 0.0 ], [ 117.777795911887679, 1.743855336923148, 0.0 ], [ 117.777443504040889, 1.750178092040156, 0.0 ], [ 117.774116419939745, 1.75074590240646, 0.0 ], [ 117.773835372376539, 1.75522940207044, 0.0 ], [ 117.780419400983476, 1.763097004227408, 0.0 ], [ 117.783399962021434, 1.762376002361584, 0.0 ] ] ] ] } },
{ "type": "Feature", "properties": { "FIDcopy": 42.0, "Provinsi": "Kalimantan Timur", "Kab_Kota": "Kutai Kartanegara", "Kecamatan": "Loa Kulu", "Kel_Desa": "Sungai Payang", "Kodetxt": "KT43", "percentFC": 0, "Nama_Lemba": "KSU Payang Berseri", "No_SK_Izin": "SK.7061/MENLHK-PSKL/PKPS/PSL.0/12/2017", "Luas_Izin": "146", "Luas_Pol": 145.73455096500001, "Keterangan": null, "Skema_PS": "HTR", "Fungsi_Kaw": "HP", "KPH": "KPHP Meratus", "Shape_Leng": 7771.2528570699997, "Shape_Area": 1457345.50452, "kode": 0.0 }, "geometry": { "type": "MultiPolygon", "coordinates": [ [ [ [ 116.900016092151901, -0.771993624105476, 0.0 ], [ 116.90290800056556, -0.775131000161825, 0.0 ], [ 116.901775667008579, -0.779334971530074, 0.0 ], [ 116.879244106964521, -0.783695917514545, 0.0 ], [ 116.877750832220258, -0.781251783960582, 0.0 ], [ 116.873229803743783, -0.780927355888703, 0.0 ], [ 116.900000002830922, -0.775057703339059, 0.0 ], [ 116.900016092151901, -0.771993624105476, 0.0 ] ] ] ] } },
{ "type": "Feature", "properties": { "FIDcopy": 43.0, "Provinsi": "Kalimantan Timur", "Kab_Kota": "Kutai Kartanegara", "Kecamatan": "Loa Janan", "Kel_Desa": "Maju Bersama", "Kodetxt": "KT44", "percentFC": 0, "Nama_Lemba": "KTH Maju Bersama", "No_SK_Izin": "SK.8845/MENLHK-PSKL/PKPS/PSL.0/12/2018", "Luas_Izin": "1.355", "Luas_Pol": 1354.5731780199999, "Keterangan": null, "Skema_PS": "HTR", "Fungsi_Kaw": "HP", "KPH": "KPHP Meratus", "Shape_Leng": 16405.325887700001, "Shape_Area": 13545731.542899998, "kode": 0.0 }, "geometry": { "type": "MultiPolygon", "coordinates": [ [ [ [ 116.931146436801356, -0.740654056423007, 0.0 ], [ 116.954127980887961, -0.764618612139477, 0.0 ], [ 116.902359636009606, -0.774537341798415, 0.0 ], [ 116.900016092151901, -0.771993624105476, 0.0 ], [ 116.900058399093595, -0.749774999697558, 0.0 ], [ 116.917179759834582, -0.749489426178856, 0.0 ], [ 116.926316700989076, -0.740322222231409, 0.0 ], [ 116.929736099951199, -0.741722222535457, 0.0 ], [ 116.931146436801356, -0.740654056423007, 0.0 ] ] ] ] } },
{ "type": "Feature", "properties": { "FIDcopy": 44.0, "Provinsi": "Kalimantan Timur", "Kab_Kota": "Kutai Barat", "Kecamatan": "Bentian Besar", "Kel_Desa": "Penarung", "Kodetxt": "KT45", "percentFC": 0, "Nama_Lemba": "KTH Jengan Simpung Tuha", "No_SK_Izin": "SK.8821/MENLHK-PSKL/PKPS/PSL.0/12/2018", "Luas_Izin": "285", "Luas_Pol": 293.597059753, "Keterangan": null, "Skema_PS": "HTR", "Fungsi_Kaw": "HP", "KPH": "KPHP Damai", "Shape_Leng": 6940.4534604199998, "Shape_Area": 2935970.5756399999, "kode": 0.0 }, "geometry": { "type": "MultiPolygon", "coordinates": [ [ [ [ 115.704319212267919, -0.670660455342966, 0.0 ], [ 115.696794652459701, -0.654232790183969, 0.0 ], [ 115.708745234758396, -0.648628343740628, 0.0 ], [ 115.71629621043904, -0.665085127069712, 0.0 ], [ 115.704319212267919, -0.670660455342966, 0.0 ] ] ] ] } },
{ "type": "Feature", "properties": { "FIDcopy": 45.0, "Provinsi": "Kalimantan Timur", "Kab_Kota": "Kutai Barat", "Kecamatan": "Bentian Besar", "Kel_Desa": "Penarung", "Kodetxt": "KT46", "percentFC": 0, "Nama_Lemba": "KTH Putra Lawa", "No_SK_Izin": "SK.1361/MENLHK-PSKL/PKPS/PSL.0/2/2019", "Luas_Izin": "323", "Luas_Pol": 325.37978072300001, "Keterangan": null, "Skema_PS": "HTR", "Fungsi_Kaw": "HP", "KPH": "KPHP Damai", "Shape_Leng": 12569.660134100001, "Shape_Area": 3253797.7976000002, "kode": 0.0 }, "geometry": { "type": "MultiPolygon", "coordinates": [ [ [ [ 115.708745234758396, -0.648628343740628, 0.0 ], [ 115.690570924015688, -0.657092534099706, 0.0 ], [ 115.690939551347554, -0.648455803101795, 0.0 ], [ 115.687182983304496, -0.640519522530026, 0.0 ], [ 115.690180533209741, -0.639326201160376, 0.0 ], [ 115.696081258803744, -0.646657624846889, 0.0 ], [ 115.699921815065167, -0.647046187594768, 0.0 ], [ 115.70657386609625, -0.643896010814214, 0.0 ], [ 115.708745234758396, -0.648628343740628, 0.0 ] ] ], [ [ [ 115.684540473113714, -0.659881853889867, 0.0 ], [ 115.682809422438723, -0.642260623318932, 0.0 ], [ 115.686941292034248, -0.640615737845354, 0.0 ], [ 115.690698096633824, -0.648505299185068, 0.0 ], [ 115.690161712642038, -0.657164278960305, 0.0 ], [ 115.684540473113714, -0.659881853889867, 0.0 ] ] ] ] } },
{ "type": "Feature", "properties": { "FIDcopy": 46.0, "Provinsi": "Kalimantan Timur", "Kab_Kota": "Kutai Barat", "Kecamatan": "Bentian Besar", "Kel_Desa": "Penarung", "Kodetxt": "KT47", "percentFC": 0, "Nama_Lemba": "KTH Saman Takaq", "No_SK_Izin": "SK.8837/MENLHK-PSKL/PKPS/PSL.0/12/2018", "Luas_Izin": "381", "Luas_Pol": 381.55215683699998, "Keterangan": null, "Skema_PS": "HTR", "Fungsi_Kaw": "HP", "KPH": "KPHP Damai", "Shape_Leng": 10023.1767531, "Shape_Area": 3815521.6179800001, "kode": 0.0 }, "geometry": { "type": "MultiPolygon", "coordinates": [ [ [ [ 115.696794652459701, -0.654232790183969, 0.0 ], [ 115.706520995479991, -0.675613933866084, 0.0 ], [ 115.694268521820263, -0.681262636168633, 0.0 ], [ 115.687067876053817, -0.66543667848286, 0.0 ], [ 115.690571118528538, -0.657101205519531, 0.0 ], [ 115.696794652459701, -0.654232790183969, 0.0 ] ] ], [ [ [ 115.684540473113714, -0.659881853889867, 0.0 ], [ 115.690132411422397, -0.657303488859133, 0.0 ], [ 115.686821197638167, -0.664894517459604, 0.0 ], [ 115.684540473113714, -0.659881853889867, 0.0 ] ] ] ] } },
{ "type": "Feature", "properties": { "FIDcopy": 47.0, "Provinsi": "Kalimantan Timur", "Kab_Kota": "Kutai Barat", "Kecamatan": "Nyuatan", "Kel_Desa": "Sembuan", "Kodetxt": "KT48", "percentFC": 100, "Nama_Lemba": "LPHD Sembuan", "No_SK_Izin": "503/2014/HPHD/BPPMD-PTSP/X/2016", "Luas_Izin": "2.810", "Luas_Pol": 2834.2686786700001, "Keterangan": null, "Skema_PS": "HD", "Fungsi_Kaw": "HPT", "KPH": "KPHP Damai", "Shape_Leng": 46016.192162799998, "Shape_Area": 28342686.931000002, "kode": 47.0 }, "geometry": { "type": "MultiPolygon", "coordinates": [ [ [ [ 115.262772317949896, -0.323961864519966, 0.0 ], [ 115.242144692036774, -0.312121867079377, 0.0 ], [ 115.24550821860457, -0.298388765783895, 0.0 ], [ 115.250189507890937, -0.295615105385343, 0.0 ], [ 115.253757826256361, -0.287137781126668, 0.0 ], [ 115.254481027282068, -0.274379003364781, 0.0 ], [ 115.250842055852814, -0.262453375596312, 0.0 ], [ 115.261670182961268, -0.259256344130434, 0.0 ], [ 115.258979914772141, -0.271807803822409, 0.0 ], [ 115.262772317949896, -0.323961864519966, 0.0 ] ] ], [ [ [ 115.264113147053649, -0.341065369503741, 0.0 ], [ 115.272199241699482, -0.402167006736763, 0.0 ], [ 115.284760850362034, -0.431486012646007, 0.0 ], [ 115.2619766216242, -0.439409811204811, 0.0 ], [ 115.248937005102476, -0.440094017180355, 0.0 ], [ 115.255365930632948, -0.43650090720293, 0.0 ], [ 115.259965782268566, -0.429732308909892, 0.0 ], [ 115.261555911453328, -0.420949998372844, 0.0 ], [ 115.261399756210835, -0.403718305933656, 0.0 ], [ 115.25997836204931, -0.392366183093007, 0.0 ], [ 115.256381727843859, -0.383248183961755, 0.0 ], [ 115.24651097887967, -0.38138419101192, 0.0 ], [ 115.243863788171211, -0.353738193582574, 0.0 ], [ 115.246941079926529, -0.344985110337221, 0.0 ], [ 115.264113147053649, -0.341065369503741, 0.0 ] ] ] ] } },
{ "type": "Feature", "properties": { "FIDcopy": 48.0, "Provinsi": "Kalimantan Timur", "Kab_Kota": "Kutai Timur", "Kecamatan": "Muara Wahau", "Kel_Desa": "Muara Wahau", "Kodetxt": "KT49", "percentFC": 0, "Nama_Lemba": "Koperasi Harapan Baru Jaya", "No_SK_Izin": "503/1567/IUPHHK/HTR/BPPMD/PTSP/VIII/2016", "Luas_Izin": "690", "Luas_Pol": 690.458322447, "Keterangan": null, "Skema_PS": "HTR", "Fungsi_Kaw": "HP", "KPH": "KPHP Kelinjau", "Shape_Leng": 10758.799544, "Shape_Area": 6904582.8983500004, "kode": 0.0 }, "geometry": { "type": "MultiPolygon", "coordinates": [ [ [ [ 116.667915188190108, 1.358541083376775, 0.0 ], [ 116.657870181917772, 1.342907287686684, 0.0 ], [ 116.632081007244338, 1.355136353630134, 0.0 ], [ 116.632089224708082, 1.362025770397343, 0.0 ], [ 116.662804035244662, 1.368812128011674, 0.0 ], [ 116.667915188190108, 1.358541083376775, 0.0 ] ] ] ] } },
{ "type": "Feature", "properties": { "FIDcopy": 49.0, "Provinsi": "Kalimantan Timur", "Kab_Kota": "Kutai Timur", "Kecamatan": "Muara Wahau", "Kel_Desa": "Muara Wahau", "Kodetxt": "KT50", "percentFC": 0, "Nama_Lemba": "Koperasi Harapan Baru Maju", "No_SK_Izin": "503/1435/IUPHHK/HTR/BPPMD/PTSP/VIII/2016", "Luas_Izin": "644", "Luas_Pol": 644.08272768100005, "Keterangan": null, "Skema_PS": "HTR", "Fungsi_Kaw": "HP", "KPH": "KPHP Kelinjau", "Shape_Leng": 9975.5086826200004, "Shape_Area": 6440827.2997899996, "kode": 0.0 }, "geometry": { "type": "MultiPolygon", "coordinates": [ [ [ [ 116.674725393100815, 1.330783488216518, 0.0 ], [ 116.657870181917772, 1.342907287686684, 0.0 ], [ 116.667915188190108, 1.358541083376775, 0.0 ], [ 116.680721200331305, 1.360963024809205, 0.0 ], [ 116.688816145693821, 1.351945441205689, 0.0 ], [ 116.674725393100815, 1.330783488216518, 0.0 ] ] ] ] } },
{ "type": "Feature", "properties": { "FIDcopy": 50.0, "Provinsi": "Kalimantan Timur", "Kab_Kota": "Kutai Timur", "Kecamatan": "Muara Wahau", "Kel_Desa": "Muara Wahau", "Kodetxt": "KT51", "percentFC": 0, "Nama_Lemba": "Koperasi Tunas Harapan Wahau", "No_SK_Izin": "503/1569/IUPHHK/HTR/BPPMD/PTSP/VIII/2016", "Luas_Izin": "685", "Luas_Pol": 685.42851861999998, "Keterangan": null, "Skema_PS": "HTR", "Fungsi_Kaw": "HP", "KPH": "KPHP Kelinjau", "Shape_Leng": 11124.009836499999, "Shape_Area": 6854285.2081300011, "kode": 0.0 }, "geometry": { "type": "MultiPolygon", "coordinates": [ [ [ [ 116.632081007244338, 1.355136353630134, 0.0 ], [ 116.659811254958086, 1.34198683025675, 0.0 ], [ 116.644364973961444, 1.318963264417627, 0.0 ], [ 116.640158565586447, 1.325114574849383, 0.0 ], [ 116.632164691982268, 1.33085633512189, 0.0 ], [ 116.632081007244338, 1.355136353630134, 0.0 ] ] ] ] } },
{ "type": "Feature", "properties": { "FIDcopy": 51.0, "Provinsi": "Kalimantan Timur", "Kab_Kota": "Kutai Timur", "Kecamatan": "Muara Wahau", "Kel_Desa": "Muara Wahau", "Kodetxt": "KT52", "percentFC": 0, "Nama_Lemba": "Koperasi Tunas Jaya Baru", "No_SK_Izin": "503/1568/IUPHHK/HTR/BPPMD/PTSP/VIII/2016", "Luas_Izin": "678", "Luas_Pol": 678.219609418, "Keterangan": null, "Skema_PS": "HTR", "Fungsi_Kaw": "HP", "KPH": "KPHP Kelinjau", "Shape_Leng": 11716.4039608, "Shape_Area": 6782196.128229999, "kode": 0.0 }, "geometry": { "type": "MultiPolygon", "coordinates": [ [ [ [ 116.65799677400318, 1.305089233004498, 0.0 ], [ 116.667898165001958, 1.32029726457409, 0.0 ], [ 116.69532280223774, 1.321756506618749, 0.0 ], [ 116.677814850973007, 1.302196860212356, 0.0 ], [ 116.675988536349465, 1.293070182393327, 0.0 ], [ 116.670925272900377, 1.296377233554091, 0.0 ], [ 116.662429963408243, 1.297041695851885, 0.0 ], [ 116.65799677400318, 1.305089233004498, 0.0 ] ] ] ] } },
{ "type": "Feature", "properties": { "FIDcopy": 52.0, "Provinsi": "Kalimantan Timur", "Kab_Kota": "Kutai Timur", "Kecamatan": "Muara Wahau", "Kel_Desa": "Muara Wahau", "Kodetxt": "KT53", "percentFC": 0, "Nama_Lemba": "Koperasi Tunas Jaya Mandiri", "No_SK_Izin": "503/1571/IUPHHK/HTR/BPPMD/PTSP/VIII/2016", "Luas_Izin": "687", "Luas_Pol": 686.71542011199995, "Keterangan": null, "Skema_PS": "HTR", "Fungsi_Kaw": "HP", "KPH": "KPHP Kelinjau", "Shape_Leng": 10775.398343299999, "Shape_Area": 6867154.297650001, "kode": 0.0 }, "geometry": { "type": "MultiPolygon", "coordinates": [ [ [ [ 116.674725393100815, 1.330783488216518, 0.0 ], [ 116.65799677400318, 1.305089233004498, 0.0 ], [ 116.653941776555584, 1.307054264198676, 0.0 ], [ 116.644364973961444, 1.318963264417627, 0.0 ], [ 116.659811254958086, 1.34198683025675, 0.0 ], [ 116.674725393100815, 1.330783488216518, 0.0 ] ] ] ] } },
{ "type": "Feature", "properties": { "FIDcopy": 53.0, "Provinsi": "Kalimantan Timur", "Kab_Kota": "Kutai Timur", "Kecamatan": "Muara Wahau", "Kel_Desa": "Muara Wahau", "Kodetxt": "KT54", "percentFC": 0, "Nama_Lemba": "Koperasi Tunas Jaya Berseri", "No_SK_Izin": "503/1570/IUPHHK/HTR/BPPMD/PTSP/VIII/2016", "Luas_Izin": "673", "Luas_Pol": 672.57620054500001, "Keterangan": null, "Skema_PS": "HTR", "Fungsi_Kaw": "HP", "KPH": "KPHP Kelinjau", "Shape_Leng": 11120.4619568, "Shape_Area": 6725762.15778, "kode": 0.0 }, "geometry": { "type": "MultiPolygon", "coordinates": [ [ [ [ 116.69585161512299, 1.322161549752028, 0.0 ], [ 116.66842697177961, 1.320702313332659, 0.0 ], [ 116.689344963408843, 1.352350486001825, 0.0 ], [ 116.698481248462684, 1.3441313746825, 0.0 ], [ 116.697475799869309, 1.323976066205942, 0.0 ], [ 116.69585161512299, 1.322161549752028, 0.0 ] ] ] ] } },
{ "type": "Feature", "properties": { "FIDcopy": 54.0, "Provinsi": "Kalimantan Timur", "Kab_Kota": "Mahakam Ulu", "Kecamatan": "Long Hubung", "Kel_Desa": "Mamahak Teboq", "Kodetxt": "KT55", "percentFC": 0, "Nama_Lemba": "PT. Ratah Timber (Kel. Tani Hunge Palau)", "No_SK_Izin": "SK 1299/MENLHK-PSKL/PKPS/PSL.0/3/2018", "Luas_Izin": "96", "Luas_Pol": 84.6936400851, "Keterangan": null, "Skema_PS": "KK", "Fungsi_Kaw": "HP", "KPH": "KPHP Damai", "Shape_Leng": 4306.0688012600003, "Shape_Area": 846936.39985799999, "kode": 0.0 }, "geometry": { "type": "MultiPolygon", "coordinates": [ [ [ [ 115.466686725025113, 0.16170042477719, 0.0 ], [ 115.468646336676372, 0.158860671042169, 0.0 ], [ 115.471114022982349, 0.159584982107993, 0.0 ], [ 115.473803131900141, 0.156640942015744, 0.0 ], [ 115.473822083116758, 0.150260401423479, 0.0 ], [ 115.47186249288913, 0.148725276161817, 0.0 ], [ 115.467556734682049, 0.148708823787216, 0.0 ], [ 115.466686725025113, 0.16170042477719, 0.0 ] ] ] ] } },
{ "type": "Feature", "properties": { "FIDcopy": 55.0, "Provinsi": "Kalimantan Timur", "Kab_Kota": "Berau", "Kecamatan": "Segah", "Kel_Desa": "Tepian Buah", "Kodetxt": "KT56", "percentFC": 0, "Nama_Lemba": "PT. Inhutani Unit Labanan II (Kel. Sadar Wisata)", "No_SK_Izin": "SK.8868/MENLHK-PSKL/PKPS/PSL.0/12/2018", "Luas_Izin": "225", "Luas_Pol": 225.00081864699999, "Keterangan": null, "Skema_PS": "KK", "Fungsi_Kaw": "HPT", "KPH": "KPHP Berau Barat", "Shape_Leng": 7903.2914195399999, "Shape_Area": 2250008.2287900001, "kode": 0.0 }, "geometry": { "type": "MultiPolygon", "coordinates": [ [ [ [ 117.019899279345125, 2.177363682107398, 0.0 ], [ 117.017928610394719, 2.17716451516283, 0.0 ], [ 117.014536054516313, 2.179829456388644, 0.0 ], [ 117.009141004501799, 2.187288561081741, 0.0 ], [ 117.009247140190908, 2.196518938377508, 0.0 ], [ 117.01289821939983, 2.205828224499963, 0.0 ], [ 117.016966873121504, 2.205093267541193, 0.0 ], [ 117.015393674752943, 2.190134819729094, 0.0 ], [ 117.022190200458482, 2.180532511279878, 0.0 ], [ 117.019899279345125, 2.177363682107398, 0.0 ] ] ] ] } },
{ "type": "Feature", "properties": { "FIDcopy": 56.0, "Provinsi": "Kalimantan Timur", "Kab_Kota": "Kutai Barat", "Kecamatan": "Barong Tongkok", "Kel_Desa": "Kampung Juaq", "Kodetxt": "KT57", "percentFC": 89, "Nama_Lemba": "MHA Hemaq Beniung", "No_SK_Izin": "SK.4618/MENLHK-PSKL/PKTHA/PSL.1/2017", "Luas_Izin": "48,85", "Luas_Pol": 48.939690495299999, "Keterangan": null, "Skema_PS": "HA", "Fungsi_Kaw": "APL", "KPH": null, "Shape_Leng": 5097.8178912800004, "Shape_Area": 489396.89631699998, "kode": 56.0 }, "geometry": { "type": "MultiPolygon", "coordinates": [ [ [ [ 115.675077330411924, -0.157163855822312, 0.0 ], [ 115.678062836241622, -0.159624185509969, 0.0 ], [ 115.68131711207532, -0.159689010838939, 0.0 ], [ 115.684140895742956, -0.163427272975686, 0.0 ], [ 115.679897610461708, -0.165219450338056, 0.0 ], [ 115.676503444170436, -0.159650408749988, 0.0 ], [ 115.675079526148153, -0.160004499363046, 0.0 ], [ 115.674868667884851, -0.162887008390713, 0.0 ], [ 115.673393956601529, -0.163000584840636, 0.0 ], [ 115.67294014757357, -0.159604708036197, 0.0 ], [ 115.675077330411924, -0.157163855822312, 0.0 ] ] ] ] } },
{ "type": "Feature", "properties": { "FIDcopy": 57.0, "Provinsi": "Kalimantan Timur", "Kab_Kota": "Berau", "Kecamatan": "Pulau Derawan", "Kel_Desa": "Pegat Batumbuk", "Kodetxt": "KT58", "percentFC": 77, "Nama_Lemba": "LPHD Pegat Batumbuk", "No_SK_Izin": "SK.7992/MENLHK-PSKL/PKPS/PSL.0/11/2018", "Luas_Izin": "11.180", "Luas_Pol": 11179.5830639, "Keterangan": null, "Skema_PS": "HD", "Fungsi_Kaw": "HP", "KPH": "KPHP Berau Utara", "Shape_Leng": 414596.39598099998, "Shape_Area": 111795830.377, "kode": 57.0 }, "geometry": { "type": "MultiPolygon", "coordinates": [ [ [ [ 117.781925889046818, 2.18230392527995, 0.0 ], [ 117.799525145698283, 2.179498022544656, 0.0 ], [ 117.802001486308157, 2.177046324519622, 0.0 ], [ 117.803469926710989, 2.170326712086832, 0.0 ], [ 117.802325344192212, 2.171476570571443, 0.0 ], [ 117.798506309130801, 2.171179137407963, 0.0 ], [ 117.800471702043154, 2.159726285312542, 0.0 ], [ 117.797691345908532, 2.156670569517699, 0.0 ], [ 117.798434835050372, 2.140424003063809, 0.0 ], [ 117.796633674019375, 2.130755267918422, 0.0 ], [ 117.798299296266222, 2.12736453520477, 0.0 ], [ 117.797228538068282, 2.127305049848392, 0.0 ], [ 117.797644944509557, 2.124390209600922, 0.0 ], [ 117.788101197089048, 2.118099690096821, 0.0 ], [ 117.784635241950681, 2.122849508864158, 0.0 ], [ 117.781970990974898, 2.120364084446915, 0.0 ], [ 117.778145921548358, 2.12228115641818, 0.0 ], [ 117.779006960341761, 2.123499869863472, 0.0 ], [ 117.777022491670124, 2.127571899045777, 0.0 ], [ 117.778303780688987, 2.12872382780451, 0.0 ], [ 117.777570735099346, 2.130504082144456, 0.0 ], [ 117.778759624449862, 2.130688884039788, 0.0 ], [ 117.779511150271489, 2.132709378883238, 0.0 ], [ 117.780773960488489, 2.132355176817982, 0.0 ], [ 117.782477213625569, 2.13349170523739, 0.0 ], [ 117.782936137759677, 2.134991676499585, 0.0 ], [ 117.782917656857393, 2.135909523962156, 0.0 ], [ 117.783786223611656, 2.135536840880889, 0.0 ], [ 117.784115785901889, 2.135761683175383, 0.0 ], [ 117.785002833741885, 2.137132292989194, 0.0 ], [ 117.784260547703099, 2.138281142062208, 0.0 ], [ 117.784978192470135, 2.138201062273394, 0.0 ], [ 117.786173242776783, 2.139275990071634, 0.0 ], [ 117.785976121511737, 2.139630192232387, 0.0 ], [ 117.786589045646025, 2.140341678705356, 0.0 ], [ 117.786453524497915, 2.140775962560706, 0.0 ], [ 117.784043406064399, 2.138244181731763, 0.0 ], [ 117.783978724838164, 2.135758603564539, 0.0 ], [ 117.782843736932406, 2.136306847221432, 0.0 ], [ 117.782161510415051, 2.133350024579927, 0.0 ], [ 117.782394408920709, 2.135735989153667, 0.0 ], [ 117.780761719700578, 2.136362313778664, 0.0 ], [ 117.780456543806778, 2.134251117036667, 0.0 ], [ 117.778587341089462, 2.133978366260112, 0.0 ], [ 117.781465203443688, 2.133075169863353, 0.0 ], [ 117.779369469078972, 2.132897260459988, 0.0 ], [ 117.778214460149997, 2.130633442831494, 0.0 ], [ 117.778045654544414, 2.132023811546932, 0.0 ], [ 117.774920603381446, 2.132160770023139, 0.0 ], [ 117.776629788154352, 2.13306050174422, 0.0 ], [ 117.775718100968277, 2.133306903878856, 0.0 ], [ 117.774886494181956, 2.132758660137034, 0.0 ], [ 117.774818733905093, 2.131323367712888, 0.0 ], [ 117.774353027832163, 2.132768630588854, 0.0 ], [ 117.772371654933451, 2.131808472191608, 0.0 ], [ 117.775749206844608, 2.1382806292773, 0.0 ], [ 117.774925440953737, 2.141912104977346, 0.0 ], [ 117.770366393179998, 2.142711604220397, 0.0 ], [ 117.768287659439338, 2.138362646337767, 0.0 ], [ 117.769917194573139, 2.136971699786731, 0.0 ], [ 117.767494859414015, 2.136720121753421, 0.0 ], [ 117.765788437009249, 2.131489363745099, 0.0 ], [ 117.76348270515264, 2.135236538499811, 0.0 ], [ 117.766319407890109, 2.138141001848865, 0.0 ], [ 117.765380000667534, 2.140842182999913, 0.0 ], [ 117.766907621883362, 2.142048308220091, 0.0 ], [ 117.765751204256233, 2.14403277990111, 0.0 ], [ 117.761710152149035, 2.143223040963476, 0.0 ], [ 117.760418997661304, 2.143464469406804, 0.0 ], [ 117.761345710337764, 2.144695820854303, 0.0 ], [ 117.759490816471484, 2.144180315651113, 0.0 ], [ 117.756229419372829, 2.140304420921233, 0.0 ], [ 117.751597998175896, 2.145934987817982, 0.0 ], [ 117.754239553616202, 2.151266523303019, 0.0 ], [ 117.753737509165859, 2.155202793411541, 0.0 ], [ 117.751372051757627, 2.156878327153948, 0.0 ], [ 117.754788801331543, 2.161254003466334, 0.0 ], [ 117.767825539421622, 2.165345313193346, 0.0 ], [ 117.77267965740316, 2.168573178493511, 0.0 ], [ 117.776689848242725, 2.173211694104257, 0.0 ], [ 117.779899233936959, 2.181416878896414, 0.0 ], [ 117.781925889046818, 2.18230392527995, 0.0 ] ], [ [ 117.786422730019822, 2.177373409059705, 0.0 ], [ 117.790542602988623, 2.177136659135225, 0.0 ], [ 117.791472388167534, 2.180650577222679, 0.0 ], [ 117.787666321265192, 2.180969715710174, 0.0 ], [ 117.786422730019822, 2.177373409059705, 0.0 ] ], [ [ 117.777404784767413, 2.171669959617636, 0.0 ], [ 117.778953552235521, 2.171512603464974, 0.0 ], [ 117.781364441536539, 2.175343036381244, 0.0 ], [ 117.778961182845705, 2.175813436648093, 0.0 ], [ 117.777404784767413, 2.171669959617636, 0.0 ] ], [ [ 117.755067547059923, 2.148323324767627, 0.0 ], [ 117.754807271117585, 2.149315934414218, 0.0 ], [ 117.7540833201775, 2.149529865112607, 0.0 ], [ 117.754473158365315, 2.149161356382653, 0.0 ], [ 117.755067547059923, 2.148323324767627, 0.0 ] ], [ [ 117.752830505039938, 2.14677643725644, 0.0 ], [ 117.753285808458543, 2.147853249113733, 0.0 ], [ 117.752614969702307, 2.146380361289908, 0.0 ], [ 117.752830505039938, 2.14677643725644, 0.0 ] ], [ [ 117.78249961542403, 2.145716489793988, 0.0 ], [ 117.781167116838986, 2.143991380477945, 0.0 ], [ 117.786318650769289, 2.141457254369192, 0.0 ], [ 117.786437623703577, 2.142837341070553, 0.0 ], [ 117.78249961542403, 2.145716489793988, 0.0 ] ], [ [ 117.787791536956547, 2.14266602038972, 0.0 ], [ 117.785735682341226, 2.138287812233512, 0.0 ], [ 117.786877823930553, 2.1365936358282, 0.0 ], [ 117.792417209781334, 2.13655556397308, 0.0 ], [ 117.792169745291929, 2.141771343933015, 0.0 ], [ 117.787791536956547, 2.14266602038972, 0.0 ] ] ], [ [ [ 117.868345646447992, 2.155302682409396, 0.0 ], [ 117.879607788152995, 2.15359191051002, 0.0 ], [ 117.891055733053605, 2.155087830121531, 0.0 ], [ 117.917319038654838, 2.142263831726131, 0.0 ], [ 117.948181978619829, 2.135928545765272, 0.0 ], [ 117.956718445257437, 2.128861190150616, 0.0 ], [ 117.956455887251366, 2.126678134962321, 0.0 ], [ 117.951909540237352, 2.125326955409063, 0.0 ], [ 117.951705933271072, 2.128531218023052, 0.0 ], [ 117.940517268497032, 2.126725122672219, 0.0 ], [ 117.938437721994475, 2.128014234402101, 0.0 ], [ 117.938738183951841, 2.128947585501542, 0.0 ], [ 117.938097126935631, 2.131559053971093, 0.0 ], [ 117.945602416913985, 2.132133244029334, 0.0 ], [ 117.947204589570291, 2.130953549347603, 0.0 ], [ 117.946403503581919, 2.129713296789064, 0.0 ], [ 117.948867797964141, 2.128657103685855, 0.0 ], [ 117.950408936377769, 2.131199836286559, 0.0 ], [ 117.943443298840052, 2.136353015185469, 0.0 ], [ 117.933456421274101, 2.138406514681593, 0.0 ], [ 117.930862427683962, 2.132700681634252, 0.0 ], [ 117.937767029410423, 2.131765841751799, 0.0 ], [ 117.938576766083017, 2.128890050659339, 0.0 ], [ 117.931680510269786, 2.129682759943083, 0.0 ], [ 117.940560138126926, 2.126460778734006, 0.0 ], [ 117.94144874015926, 2.121563878601859, 0.0 ], [ 117.940008484049812, 2.120351281833904, 0.0 ], [ 117.936531067138091, 2.121530532806027, 0.0 ], [ 117.937726333754128, 2.119631331763448, 0.0 ], [ 117.935960504268067, 2.120541026707476, 0.0 ], [ 117.933965943238746, 2.120982130980588, 0.0 ], [ 117.93170608132975, 2.120636919358741, 0.0 ], [ 117.929596451061585, 2.121838769460783, 0.0 ], [ 117.927406910157515, 2.122177588423744, 0.0 ], [ 117.929024292643149, 2.126473564686736, 0.0 ], [ 117.928007835098569, 2.130385970887579, 0.0 ], [ 117.928896437460722, 2.126467172380879, 0.0 ], [ 117.927247088626785, 2.123027834174512, 0.0 ], [ 117.927202339338365, 2.122369372994508, 0.0 ], [ 117.927611479579269, 2.121864341413719, 0.0 ], [ 117.931654938877088, 2.120419563456397, 0.0 ], [ 117.94228300357986, 2.118431395558323, 0.0 ], [ 117.950214896132195, 2.123935614161107, 0.0 ], [ 117.956484059410712, 2.125918019248488, 0.0 ], [ 117.95748138430902, 2.122023820702596, 0.0 ], [ 117.956001996787847, 2.119582103387398, 0.0 ], [ 117.949882468447143, 2.115701661297718, 0.0 ], [ 117.927862397985407, 2.105799182349968, 0.0 ], [ 117.925781745492813, 2.10621935530489, 0.0 ], [ 117.924293606196215, 2.109526196323463, 0.0 ], [ 117.924683567419905, 2.110766404318761, 0.0 ], [ 117.928223482745906, 2.115625899312258, 0.0 ], [ 117.928428162961637, 2.116526335022724, 0.0 ], [ 117.926240219727589, 2.113272389676244, 0.0 ], [ 117.925095904908403, 2.114391133000332, 0.0 ], [ 117.923357058033702, 2.114729952239578, 0.0 ], [ 117.921595835317518, 2.117670650455638, 0.0 ], [ 117.920643304563953, 2.117747364634131, 0.0 ], [ 117.92137897886343, 2.11616535582904, 0.0 ], [ 117.920507457749139, 2.114883380734593, 0.0 ], [ 117.920871848854503, 2.11425688405938, 0.0 ], [ 117.920449923050086, 2.113675136627549, 0.0 ], [ 117.920667278347707, 2.113297959982655, 0.0 ], [ 117.921474606678586, 2.116144852890187, 0.0 ], [ 117.923256370667843, 2.11464684617097, 0.0 ], [ 117.924948870537804, 2.114263276212964, 0.0 ], [ 117.925914185984297, 2.113170104818822, 0.0 ], [ 117.923189246497955, 2.109896979631768, 0.0 ], [ 117.924979236123676, 2.106822032716147, 0.0 ], [ 117.923713457580362, 2.104290476779586, 0.0 ], [ 117.913981986378047, 2.099176220487285, 0.0 ], [ 117.913118955698238, 2.101893167833508, 0.0 ], [ 117.913419417446633, 2.104258511700405, 0.0 ], [ 117.913042241125396, 2.105466756158085, 0.0 ], [ 117.914429483186538, 2.10568411063296, 0.0 ], [ 117.915166256390251, 2.106547142153369, 0.0 ], [ 117.914429483645506, 2.107454923371616, 0.0 ], [ 117.914141806761819, 2.109468661825019, 0.0 ], [ 117.912689037631353, 2.112415751718012, 0.0 ], [ 117.914224913710967, 2.107486887103444, 0.0 ], [ 117.914948900001221, 2.106726141360641, 0.0 ], [ 117.91285045652684, 2.105498719313302, 0.0 ], [ 117.912748171964623, 2.103248446278159, 0.0 ], [ 117.913393846681316, 2.100052036226316, 0.0 ], [ 117.909350387215071, 2.099559788684027, 0.0 ], [ 117.903139913666351, 2.105476401188005, 0.0 ], [ 117.904688422255873, 2.107672278308053, 0.0 ], [ 117.906702161056174, 2.107288709273753, 0.0 ], [ 117.904969707336534, 2.107896026480739, 0.0 ], [ 117.904317639447513, 2.10749967264994, 0.0 ], [ 117.902840897771384, 2.10602293047255, 0.0 ], [ 117.901952295225826, 2.107876849242023, 0.0 ], [ 117.902700255647403, 2.110600190222382, 0.0 ], [ 117.904956921304887, 2.110267763727845, 0.0 ], [ 117.907450121370616, 2.108279597221595, 0.0 ], [ 117.907654691259694, 2.108369096511344, 0.0 ], [ 117.905142313344271, 2.110254978087668, 0.0 ], [ 117.902685871331556, 2.110894260803991, 0.0 ], [ 117.905479534893757, 2.115791160482626, 0.0 ], [ 117.9067069567581, 2.114979272689169, 0.0 ], [ 117.907592361732696, 2.115139092507632, 0.0 ], [ 117.907739396522715, 2.115465126968766, 0.0 ], [ 117.907988716921508, 2.115337269931569, 0.0 ], [ 117.908250822815546, 2.115458734348421, 0.0 ], [ 117.9051055538322, 2.116021302689753, 0.0 ], [ 117.905412409729735, 2.117414937026027, 0.0 ], [ 117.905310125114951, 2.119204926586391, 0.0 ], [ 117.905620177272084, 2.119994441350511, 0.0 ], [ 117.905501910065254, 2.120534633679043, 0.0 ], [ 117.906224298605338, 2.119997637315866, 0.0 ], [ 117.906700562814649, 2.120093529072597, 0.0 ], [ 117.906828420050971, 2.121023684579015, 0.0 ], [ 117.907371808780809, 2.120895827588825, 0.0 ], [ 117.90750126355357, 2.121023684103679, 0.0 ], [ 117.907494871582415, 2.121615020014501, 0.0 ], [ 117.907993511080065, 2.121570270762264, 0.0 ], [ 117.908124563795567, 2.12208808961454, 0.0 ], [ 117.908469775946159, 2.121893108951225, 0.0 ], [ 117.908620007556465, 2.121995393416597, 0.0 ], [ 117.908623203879401, 2.122196767389324, 0.0 ], [ 117.908463383398811, 2.122730567748853, 0.0 ], [ 117.906804446308456, 2.121116380030285, 0.0 ], [ 117.906660607649897, 2.120119100466773, 0.0 ], [ 117.905356471933857, 2.120659293374934, 0.0 ], [ 117.905269909822977, 2.119832218202431, 0.0 ], [ 117.901830832587947, 2.130622505138693, 0.0 ], [ 117.902711087973202, 2.132065998449931, 0.0 ], [ 117.904503030790508, 2.12954851140672, 0.0 ], [ 117.906050092928965, 2.129650796720682, 0.0 ], [ 117.906311858972515, 2.133484766618417, 0.0 ], [ 117.908477783410319, 2.13376879683325, 0.0 ], [ 117.907615663135886, 2.135692357364539, 0.0 ], [ 117.906139666598634, 2.135605200750057, 0.0 ], [ 117.906834811946212, 2.13631850817173, 0.0 ], [ 117.907004221480861, 2.136839523367261, 0.0 ], [ 117.906908329457792, 2.137341359252486, 0.0 ], [ 117.905374053158766, 2.138655084561355, 0.0 ], [ 117.906901937690449, 2.137139986225553, 0.0 ], [ 117.906096129453559, 2.135700979927417, 0.0 ], [ 117.906514743291893, 2.137104922050803, 0.0 ], [ 117.901908107592732, 2.141216631471717, 0.0 ], [ 117.898588269285412, 2.138132870158769, 0.0 ], [ 117.896585253290752, 2.139098911447472, 0.0 ], [ 117.896443992360574, 2.141191112858939, 0.0 ], [ 117.890458140545206, 2.14674292943897, 0.0 ], [ 117.887751504370897, 2.145791146106954, 0.0 ], [ 117.88156490564694, 2.147486512054539, 0.0 ], [ 117.880940960490136, 2.145822020043135, 0.0 ], [ 117.865484281075894, 2.152030524573881, 0.0 ], [ 117.863594110959923, 2.150831880349318, 0.0 ], [ 117.863488354039191, 2.153165461137475, 0.0 ], [ 117.867164611841602, 2.153635739450607, 0.0 ], [ 117.868345646447992, 2.155302682409396, 0.0 ] ], [ [ 117.887260437429731, 2.153325795586334, 0.0 ], [ 117.8881378179602, 2.151833772524163, 0.0 ], [ 117.889739990717501, 2.153321980085953, 0.0 ], [ 117.888389587743333, 2.153943061054615, 0.0 ], [ 117.887260437429731, 2.153325795586334, 0.0 ] ], [ [ 117.891349791996603, 2.154003381414391, 0.0 ], [ 117.889617920372686, 2.15152287565355, 0.0 ], [ 117.893936156971449, 2.149969338586429, 0.0 ], [ 117.895111084402174, 2.151767731002401, 0.0 ], [ 117.891349791996603, 2.154003381414391, 0.0 ] ], [ [ 117.896522522848485, 2.151270627956817, 0.0 ], [ 117.895042419494615, 2.149472236162968, 0.0 ], [ 117.902601167057085, 2.145752610237463, 0.0 ], [ 117.908920288506565, 2.14412879840515, 0.0 ], [ 117.896522522848485, 2.151270627956817, 0.0 ] ], [ [ 117.919025060016821, 2.13943383399889, 0.0 ], [ 117.921310425302195, 2.137669563009427, 0.0 ], [ 117.922172546527179, 2.140150308073561, 0.0 ], [ 117.919586182371617, 2.140834332211306, 0.0 ], [ 117.919025060016821, 2.13943383399889, 0.0 ] ], [ [ 117.907119751562547, 2.129923104955581, 0.0 ], [ 117.907737732146444, 2.127441167261326, 0.0 ], [ 117.908538818798803, 2.127812861854334, 0.0 ], [ 117.907119751562547, 2.129923104955581, 0.0 ] ], [ [ 117.906936646389084, 2.126138925652407, 0.0 ], [ 117.905700684107018, 2.128621100123173, 0.0 ], [ 117.904899597801943, 2.127939223735908, 0.0 ], [ 117.906936646389084, 2.126138925652407, 0.0 ] ], [ [ 117.904220582029581, 2.126264572091001, 0.0 ], [ 117.903724670159193, 2.129428863369233, 0.0 ], [ 117.902374268400635, 2.130670308329857, 0.0 ], [ 117.904220582029581, 2.126264572091001, 0.0 ] ], [ [ 117.926910400529195, 2.121164082581391, 0.0 ], [ 117.926597596076917, 2.119737386377597, 0.0 ], [ 117.93011474662525, 2.119673013780193, 0.0 ], [ 117.929870605404375, 2.120541810884438, 0.0 ], [ 117.926910400529195, 2.121164082581391, 0.0 ] ], [ [ 117.931228637974371, 2.119176148930233, 0.0 ], [ 117.935791018234028, 2.118118762509803, 0.0 ], [ 117.936279297456352, 2.115078687416459, 0.0 ], [ 117.940719604599437, 2.11501383815736, 0.0 ], [ 117.940658569574268, 2.117371321872778, 0.0 ], [ 117.934432982824077, 2.119794607598427, 0.0 ], [ 117.931228637974371, 2.119176148930233, 0.0 ] ], [ [ 117.942016602422427, 2.115819692528035, 0.0 ], [ 117.952438354670107, 2.118480920496744, 0.0 ], [ 117.952194213808994, 2.122141122766924, 0.0 ], [ 117.955276489320084, 2.12325596704489, 0.0 ], [ 117.955459595791041, 2.124868871191608, 0.0 ], [ 117.948921204666632, 2.122267245327861, 0.0 ], [ 117.94497680737787, 2.118237256661045, 0.0 ], [ 117.941276550595745, 2.117371082095577, 0.0 ], [ 117.942016602422427, 2.115819692528035, 0.0 ] ] ], [ [ [ 117.759193420026151, 2.136724949847683, 0.0 ], [ 117.755596378296516, 2.136113457386561, 0.0 ], [ 117.755927600002281, 2.132863588859449, 0.0 ], [ 117.761367797932635, 2.131641149360326, 0.0 ], [ 117.763428849962338, 2.12859483679625, 0.0 ], [ 117.767421326437898, 2.126663810323705, 0.0 ], [ 117.764510587990003, 2.127048175585978, 0.0 ], [ 117.759811401648122, 2.122101783383098, 0.0 ], [ 117.758145624163447, 2.121891798240068, 0.0 ], [ 117.757941742752038, 2.122334318972487, 0.0 ], [ 117.757738461436361, 2.122537599370698, 0.0 ], [ 117.756931495292619, 2.12264848047189, 0.0 ], [ 117.757467419131899, 2.124040652171005, 0.0 ], [ 117.757156336401366, 2.124173091845035, 0.0 ], [ 117.75678365364007, 2.122713161708277, 0.0 ], [ 117.758073545205178, 2.121869176168475, 0.0 ], [ 117.756018267319092, 2.120803546821621, 0.0 ], [ 117.753993151573269, 2.122961103274175, 0.0 ], [ 117.75472619739763, 2.126952814390087, 0.0 ], [ 117.753629708212387, 2.123891270737452, 0.0 ], [ 117.747420380725885, 2.12715609549397, 0.0 ], [ 117.746598014132687, 2.128945590456761, 0.0 ], [ 117.751158809965915, 2.137624574416012, 0.0 ], [ 117.750877380098402, 2.135790826038863, 0.0 ], [ 117.754359058654018, 2.135585216234138, 0.0 ], [ 117.756782531873753, 2.136960745514549, 0.0 ], [ 117.757888441926085, 2.139621582501155, 0.0 ], [ 117.759193420026151, 2.136724949847683, 0.0 ] ], [ [ 117.754350299893233, 2.132222431036797, 0.0 ], [ 117.750581234035806, 2.129666889493565, 0.0 ], [ 117.750709724612733, 2.126683045026782, 0.0 ], [ 117.754164702800438, 2.127125626151586, 0.0 ], [ 117.754350299893233, 2.132222431036797, 0.0 ] ] ], [ [ [ 117.866986541861039, 2.13552079604198, 0.0 ], [ 117.869841896147335, 2.133141335658344, 0.0 ], [ 117.873934568480777, 2.132808211648566, 0.0 ], [ 117.873710968627222, 2.130429658029619, 0.0 ], [ 117.879846067440482, 2.125160540926656, 0.0 ], [ 117.884719213893533, 2.124900365932695, 0.0 ], [ 117.88683124727028, 2.122433762426614, 0.0 ], [ 117.885689106981062, 2.120815728066169, 0.0 ], [ 117.888116156179663, 2.117151357782835, 0.0 ], [ 117.891923294571413, 2.117912785240414, 0.0 ], [ 117.892446775678508, 2.119673586256656, 0.0 ], [ 117.894635878935247, 2.118721801433716, 0.0 ], [ 117.899252033616804, 2.125860184541921, 0.0 ], [ 117.896544174708822, 2.128142996149784, 0.0 ], [ 117.899969722497886, 2.125863049510782, 0.0 ], [ 117.900759235459489, 2.12353286706129, 0.0 ], [ 117.898863763468341, 2.115947784648708, 0.0 ], [ 117.897284738015131, 2.11568567946115, 0.0 ], [ 117.896274671748259, 2.115135896921695, 0.0 ], [ 117.896121244153505, 2.115858285589625, 0.0 ], [ 117.895686531660431, 2.116267426330325, 0.0 ], [ 117.894983322457406, 2.116804423741372, 0.0 ], [ 117.894951357365528, 2.116772458970396, 0.0 ], [ 117.896159601287039, 2.115001647580348, 0.0 ], [ 117.898838192489009, 2.115513073364905, 0.0 ], [ 117.898039089955574, 2.10629462611951, 0.0 ], [ 117.899830678116885, 2.097395818498521, 0.0 ], [ 117.896672624908831, 2.097344676818025, 0.0 ], [ 117.894141067351185, 2.099748376858736, 0.0 ], [ 117.892025044138634, 2.098987631465565, 0.0 ], [ 117.888564929720417, 2.101826043438019, 0.0 ], [ 117.886436120065511, 2.100947030845941, 0.0 ], [ 117.885789646011204, 2.102868074273563, 0.0 ], [ 117.886812497363096, 2.103200499809634, 0.0 ], [ 117.887158509488955, 2.103405070500506, 0.0 ], [ 117.887295955003893, 2.103584070350515, 0.0 ], [ 117.886568771039521, 2.105092775525928, 0.0 ], [ 117.887613997888295, 2.10509277538876, 0.0 ], [ 117.888540956883844, 2.10561378997866, 0.0 ], [ 117.888576117940687, 2.105118346654849, 0.0 ], [ 117.889023615137589, 2.104338422315443, 0.0 ], [ 117.889263345020325, 2.104309654879583, 0.0 ], [ 117.889602164692704, 2.104418332143951, 0.0 ], [ 117.890062447460437, 2.104885008473364, 0.0 ], [ 117.889045990251105, 2.104392761157557, 0.0 ], [ 117.888635250318913, 2.105677718974122, 0.0 ], [ 117.886637493923729, 2.105198257212293, 0.0 ], [ 117.88654799486703, 2.105108757398588, 0.0 ], [ 117.886468084350795, 2.104926562093178, 0.0 ], [ 117.886477674102267, 2.104156226579701, 0.0 ], [ 117.887184080393595, 2.103555301688682, 0.0 ], [ 117.885684964846206, 2.102887252058829, 0.0 ], [ 117.884729237152328, 2.101822847692975, 0.0 ], [ 117.882021877555204, 2.102874466449347, 0.0 ], [ 117.883432293630136, 2.104360797010429, 0.0 ], [ 117.88307749292008, 2.104990489992171, 0.0 ], [ 117.881951557022759, 2.10514072198391, 0.0 ], [ 117.88181730785513, 2.105668128978574, 0.0 ], [ 117.88378629617155, 2.106144394222469, 0.0 ], [ 117.884682089758215, 2.106844408228937, 0.0 ], [ 117.883988468958705, 2.107346244557115, 0.0 ], [ 117.884602180027258, 2.107653099957036, 0.0 ], [ 117.884739625935325, 2.108282793365322, 0.0 ], [ 117.884234592626157, 2.109254501063536, 0.0 ], [ 117.882882511084972, 2.109845836846849, 0.0 ], [ 117.884471926480359, 2.114041126169255, 0.0 ], [ 117.884433569577311, 2.114332000414904, 0.0 ], [ 117.883966893417053, 2.114443874115077, 0.0 ], [ 117.88277703011083, 2.109946524194442, 0.0 ], [ 117.884469529080263, 2.107779358092593, 0.0 ], [ 117.883238911144971, 2.10792319630094, 0.0 ], [ 117.882381473829213, 2.106935505852864, 0.0 ], [ 117.882311153472628, 2.107811322807606, 0.0 ], [ 117.880915919838017, 2.107303093147969, 0.0 ], [ 117.880989437664439, 2.107881642783881, 0.0 ], [ 117.880366137699127, 2.107715430243396, 0.0 ], [ 117.880692171113552, 2.108098999242059, 0.0 ], [ 117.880529153569796, 2.108492157563143, 0.0 ], [ 117.880330976778652, 2.108453800766982, 0.0 ], [ 117.880106428523291, 2.107990322093699, 0.0 ], [ 117.879932224080946, 2.108504943589598, 0.0 ], [ 117.879737243642396, 2.10864878189294, 0.0 ], [ 117.879580619307475, 2.108693531609315, 0.0 ], [ 117.879395227865444, 2.108607228415466, 0.0 ], [ 117.879356870657247, 2.108137356693734, 0.0 ], [ 117.878845445303668, 2.108680745535306, 0.0 ], [ 117.878576946914521, 2.10856567570346, 0.0 ], [ 117.880913522718075, 2.107188022472051, 0.0 ], [ 117.882183296561792, 2.107712233063882, 0.0 ], [ 117.88231195165865, 2.106794863910544, 0.0 ], [ 117.883408321252446, 2.107766572071264, 0.0 ], [ 117.883863009767992, 2.106938702063682, 0.0 ], [ 117.883616886244326, 2.106321795513566, 0.0 ], [ 117.881915597010561, 2.105998957324186, 0.0 ], [ 117.881020602344421, 2.105164695244337, 0.0 ], [ 117.880975852590339, 2.10500807087008, 0.0 ], [ 117.881346635453809, 2.10424412817687, 0.0 ], [ 117.880819228391815, 2.103978826539778, 0.0 ], [ 117.880771281576557, 2.103649596781087, 0.0 ], [ 117.881090923682123, 2.103230866806772, 0.0 ], [ 117.880995030514484, 2.102882457570014, 0.0 ], [ 117.880800050603824, 2.102607566254201, 0.0 ], [ 117.880387713151677, 2.102971957142119, 0.0 ], [ 117.879828340713942, 2.102879261264003, 0.0 ], [ 117.879692493593481, 2.102738619532447, 0.0 ], [ 117.880341364624229, 2.102935198296456, 0.0 ], [ 117.880718540953993, 2.102575602817395, 0.0 ], [ 117.880830415606084, 2.102581994643704, 0.0 ], [ 117.880903932449812, 2.10266190522508, 0.0 ], [ 117.88109012372577, 2.103042278330333, 0.0 ], [ 117.881112499295782, 2.103208491648843, 0.0 ], [ 117.880843999823284, 2.103857362913446, 0.0 ], [ 117.881394582064416, 2.104109879176635, 0.0 ], [ 117.881129280632308, 2.105164694991357, 0.0 ], [ 117.883160598660595, 2.104269700005437, 0.0 ], [ 117.881644702113121, 2.103569686617698, 0.0 ], [ 117.881870847179727, 2.101888373714462, 0.0 ], [ 117.880467623145378, 2.101808464219008, 0.0 ], [ 117.878771927137407, 2.099708422006868, 0.0 ], [ 117.88053394864454, 2.101770107248542, 0.0 ], [ 117.881432140010602, 2.101380144227997, 0.0 ], [ 117.882347112905819, 2.102428566855973, 0.0 ], [ 117.882120966787411, 2.098496983284824, 0.0 ], [ 117.882188090793534, 2.098356340536675, 0.0 ], [ 117.882651571048186, 2.098196520401356, 0.0 ], [ 117.882811391219363, 2.097918431769509, 0.0 ], [ 117.881456113118674, 2.097755415837394, 0.0 ], [ 117.881401773996828, 2.097681898073527, 0.0 ], [ 117.881427345713405, 2.09726316777149, 0.0 ], [ 117.881657487024867, 2.097049008988017, 0.0 ], [ 117.881465702355484, 2.096959509506033, 0.0 ], [ 117.881414559802195, 2.096889188627032, 0.0 ], [ 117.88144332723445, 2.096754938811439, 0.0 ], [ 117.88281778364528, 2.09778737890186, 0.0 ], [ 117.882881712169819, 2.097998342316244, 0.0 ], [ 117.88276983853676, 2.098132592242285, 0.0 ], [ 117.882165715634912, 2.098490589436659, 0.0 ], [ 117.88270152110438, 2.099098394132796, 0.0 ], [ 117.889007586795813, 2.095177368142486, 0.0 ], [ 117.890283332635207, 2.095914068164571, 0.0 ], [ 117.889959905585272, 2.098034324222071, 0.0 ], [ 117.890696605118691, 2.098771022645808, 0.0 ], [ 117.889313046874022, 2.100082705353366, 0.0 ], [ 117.882970249427274, 2.101160801451793, 0.0 ], [ 117.88223923330483, 2.099884224768644, 0.0 ], [ 117.882769838143659, 2.101562340270911, 0.0 ], [ 117.884420783785302, 2.101412109328504, 0.0 ], [ 117.885642611573374, 2.102326281950463, 0.0 ], [ 117.886379384059083, 2.100628988613307, 0.0 ], [ 117.888896557952506, 2.101252287563823, 0.0 ], [ 117.891658256024812, 2.098775070539165, 0.0 ], [ 117.8905866590149, 2.098397893512348, 0.0 ], [ 117.890375696028855, 2.098075056043188, 0.0 ], [ 117.890436427959543, 2.097649933514075, 0.0 ], [ 117.892009061962241, 2.097541256608884, 0.0 ], [ 117.890199894067251, 2.095537106256816, 0.0 ], [ 117.889495884924287, 2.094143472300058, 0.0 ], [ 117.889499081418947, 2.092474944869621, 0.0 ], [ 117.889121904631438, 2.092363071536017, 0.0 ], [ 117.8891410826228, 2.09195712777338, 0.0 ], [ 117.888722353042894, 2.091963519531561, 0.0 ], [ 117.888478626313798, 2.091557575290476, 0.0 ], [ 117.88859050175526, 2.091404147616599, 0.0 ], [ 117.889258550828472, 2.091902787844291, 0.0 ], [ 117.889181837345618, 2.092359873949284, 0.0 ], [ 117.889635727918673, 2.092494124263141, 0.0 ], [ 117.890301380004473, 2.09557865937836, 0.0 ], [ 117.8917030058618, 2.095808801476506, 0.0 ], [ 117.892061802788589, 2.097637148406165, 0.0 ], [ 117.890504352378258, 2.098170948794648, 0.0 ], [ 117.894395981160969, 2.099248139087039, 0.0 ], [ 117.894767563689015, 2.097263168241844, 0.0 ], [ 117.894153853258018, 2.096697403387139, 0.0 ], [ 117.8937247356385, 2.095863140168006, 0.0 ], [ 117.893421076730178, 2.095853550984433, 0.0 ], [ 117.893059881939834, 2.096224334826768, 0.0 ], [ 117.892494117789539, 2.096444887233418, 0.0 ], [ 117.892122534318972, 2.096499226610054, 0.0 ], [ 117.891917964521824, 2.096422512667854, 0.0 ], [ 117.891809286062269, 2.096096478700773, 0.0 ], [ 117.891866821697676, 2.095821587484357, 0.0 ], [ 117.892892869260891, 2.094718825766754, 0.0 ], [ 117.892291944420165, 2.095134358477582, 0.0 ], [ 117.891857232858499, 2.095204680274643, 0.0 ], [ 117.891655858962906, 2.095156733676469, 0.0 ], [ 117.891339414175036, 2.094210596654708, 0.0 ], [ 117.892947208236933, 2.094696450783089, 0.0 ], [ 117.892180069776543, 2.096444887237784, 0.0 ], [ 117.893385116346394, 2.09581199760576, 0.0 ], [ 117.893912524933413, 2.09588871149894, 0.0 ], [ 117.893791060480709, 2.094600558729922, 0.0 ], [ 117.893890149237407, 2.094226578264434, 0.0 ], [ 117.894072344672352, 2.09404757924169, 0.0 ], [ 117.89440557111287, 2.094037990059454, 0.0 ], [ 117.895278989415274, 2.09460055840536, 0.0 ], [ 117.895551483876545, 2.093555332281557, 0.0 ], [ 117.896607098734378, 2.092973585372303, 0.0 ], [ 117.896539974023398, 2.092861711289012, 0.0 ], [ 117.895996583828961, 2.09289047896998, 0.0 ], [ 117.895903887923851, 2.09277540817217, 0.0 ], [ 117.896015763078239, 2.092567641332942, 0.0 ], [ 117.896611093761862, 2.092152107615044, 0.0 ], [ 117.896211542466901, 2.091650271565922, 0.0 ], [ 117.896217935361406, 2.091439308751865, 0.0 ], [ 117.8964257012817, 2.090486778199465, 0.0 ], [ 117.896975483874385, 2.089786764422646, 0.0 ], [ 117.896160399464918, 2.089131500002597, 0.0 ], [ 117.897023430984603, 2.089684479093139, 0.0 ], [ 117.896694200997544, 2.093085459719233, 0.0 ], [ 117.89565536773425, 2.093600081462013, 0.0 ], [ 117.895256668922926, 2.094719854696576, 0.0 ], [ 117.898811833708592, 2.092262195549712, 0.0 ], [ 117.900644018212361, 2.093618488875592, 0.0 ], [ 117.901072321370634, 2.096545225413641, 0.0 ], [ 117.899811207319601, 2.09590277106468, 0.0 ], [ 117.894933312645691, 2.096949733763301, 0.0 ], [ 117.894285705860213, 2.094069954439898, 0.0 ], [ 117.894087528548653, 2.096377762753508, 0.0 ], [ 117.895056040622208, 2.097624362621296, 0.0 ], [ 117.897525267664818, 2.096627082768796, 0.0 ], [ 117.900001686117648, 2.096885991563386, 0.0 ], [ 117.900765628173389, 2.101555947415889, 0.0 ], [ 117.906592684378396, 2.095060841614109, 0.0 ], [ 117.905514694473112, 2.091046150509519, 0.0 ], [ 117.904105078258169, 2.090889525549945, 0.0 ], [ 117.903643995929556, 2.090413260438631, 0.0 ], [ 117.90280893363115, 2.088517788705393, 0.0 ], [ 117.902639523846432, 2.086360212603186, 0.0 ], [ 117.903115789311258, 2.087737865036032, 0.0 ], [ 117.90349616186576, 2.087645169129285, 0.0 ], [ 117.903361912984053, 2.086820495338026, 0.0 ], [ 117.903576071587992, 2.086452908748225, 0.0 ], [ 117.903793428445525, 2.086417747765935, 0.0 ], [ 117.904550977529865, 2.086794924113528, 0.0 ], [ 117.902916811887295, 2.088326004973775, 0.0 ], [ 117.903990806216513, 2.090611438896062, 0.0 ], [ 117.905589810414781, 2.090828793470846, 0.0 ], [ 117.907032990333349, 2.095028877063021, 0.0 ], [ 117.914650035509808, 2.089630140360185, 0.0 ], [ 117.910978957842588, 2.08463734765118, 0.0 ], [ 117.898835795410108, 2.079976980651592, 0.0 ], [ 117.901131701949481, 2.083123905139251, 0.0 ], [ 117.899890167036745, 2.085103650824212, 0.0 ], [ 117.886993408881864, 2.086384058490439, 0.0 ], [ 117.869508445616916, 2.092605438916613, 0.0 ], [ 117.869990134916947, 2.088992775671855, 0.0 ], [ 117.86614013961001, 2.090567773528717, 0.0 ], [ 117.843390171703362, 2.107892749600818, 0.0 ], [ 117.843180665963501, 2.111035333298315, 0.0 ], [ 117.838293792122656, 2.116438494359028, 0.0 ], [ 117.854611561612003, 2.126666599234981, 0.0 ], [ 117.85243127004577, 2.130040862184975, 0.0 ], [ 117.856417460758863, 2.134540929679195, 0.0 ], [ 117.859151513163951, 2.133735861017118, 0.0 ], [ 117.860089701751576, 2.135612236431974, 0.0 ], [ 117.864814594980331, 2.133091451971745, 0.0 ], [ 117.866986541861039, 2.13552079604198, 0.0 ] ] ], [ [ [ 117.770295719449351, 2.131274088063043, 0.0 ], [ 117.776176453431987, 2.130304336493159, 0.0 ], [ 117.776093499270985, 2.127065701975416, 0.0 ], [ 117.770495920427535, 2.127328577208851, 0.0 ], [ 117.770295719449351, 2.131274088063043, 0.0 ] ] ], [ [ [ 117.94219970679012, 2.121526956354324, 0.0 ], [ 117.93974984827517, 2.119447854344348, 0.0 ], [ 117.941635730995884, 2.121467985497464, 0.0 ], [ 117.941917014165341, 2.122337409741709, 0.0 ], [ 117.941207952383039, 2.125496757647026, 0.0 ], [ 117.94219970679012, 2.121526956354324, 0.0 ] ] ], [ [ [ 117.756823153094331, 2.121359148164248, 0.0 ], [ 117.75644485146789, 2.121693672787682, 0.0 ], [ 117.757259253201923, 2.121598369053812, 0.0 ], [ 117.756823153094331, 2.121359148164248, 0.0 ] ] ], [ [ [ 117.832436460725617, 2.096210849991996, 0.0 ], [ 117.834374861675258, 2.095446808166455, 0.0 ], [ 117.840554399603192, 2.088075223662592, 0.0 ], [ 117.846733938266951, 2.083314114397608, 0.0 ], [ 117.874847830135209, 2.071895940671721, 0.0 ], [ 117.889435360022148, 2.063632974975883, 0.0 ], [ 117.894430161311021, 2.059167129483743, 0.0 ], [ 117.890800476730831, 2.056851386073864, 0.0 ], [ 117.892774052586802, 2.05395630194722, 0.0 ], [ 117.891143889391159, 2.051966860190925, 0.0 ], [ 117.892523457075583, 2.048586507924656, 0.0 ], [ 117.891089235016224, 2.047681843383933, 0.0 ], [ 117.891418197287976, 2.048187667390025, 0.0 ], [ 117.891393437080737, 2.048799607267015, 0.0 ], [ 117.889005807820183, 2.046242191406449, 0.0 ], [ 117.889027031056145, 2.045796500633567, 0.0 ], [ 117.889380753437919, 2.04547461225616, 0.0 ], [ 117.884842489243667, 2.047168945481591, 0.0 ], [ 117.884651479703336, 2.049262983722904, 0.0 ], [ 117.886183100281528, 2.049821866576593, 0.0 ], [ 117.887269028293744, 2.050992689316458, 0.0 ], [ 117.884612569305361, 2.049436308994968, 0.0 ], [ 117.884937994744945, 2.050960853375145, 0.0 ], [ 117.883307332140589, 2.05657089865248, 0.0 ], [ 117.882041005452393, 2.057147466400226, 0.0 ], [ 117.880120289833528, 2.056921084651691, 0.0 ], [ 117.879526035613893, 2.057373848966276, 0.0 ], [ 117.87931827542829, 2.058988091674519, 0.0 ], [ 117.879745343420595, 2.05952448441878, 0.0 ], [ 117.879607392308543, 2.060716530096685, 0.0 ], [ 117.880428028951115, 2.060553817369042, 0.0 ], [ 117.88086664495475, 2.061321396602672, 0.0 ], [ 117.881984408784589, 2.059545707546908, 0.0 ], [ 117.882592812639473, 2.059015123301406, 0.0 ], [ 117.882794434354963, 2.059386532368805, 0.0 ], [ 117.882051616995255, 2.059563393293878, 0.0 ], [ 117.881112482951679, 2.061229428093181, 0.0 ], [ 117.880741074006821, 2.061413364217775, 0.0 ], [ 117.881579396990091, 2.062435623066624, 0.0 ], [ 117.882198411979672, 2.063772695210933, 0.0 ], [ 117.880634956348914, 2.06127187494496, 0.0 ], [ 117.879826699697873, 2.061807765367712, 0.0 ], [ 117.880590741642521, 2.060941144324402, 0.0 ], [ 117.880420955072793, 2.060700612751103, 0.0 ], [ 117.87978425335605, 2.060914615268102, 0.0 ], [ 117.879349173766244, 2.060605107623976, 0.0 ], [ 117.879287272760067, 2.057612611832706, 0.0 ], [ 117.877246291772607, 2.056257853522223, 0.0 ], [ 117.877242754026142, 2.057502958735549, 0.0 ], [ 117.877023446597008, 2.057439288499403, 0.0 ], [ 117.877118951371813, 2.054429106228168, 0.0 ], [ 117.871719372427307, 2.054973840479446, 0.0 ], [ 117.871450542640488, 2.056749529375193, 0.0 ], [ 117.870368150900831, 2.057739952145405, 0.0 ], [ 117.876897874670391, 2.066476906190642, 0.0 ], [ 117.875415776151939, 2.065518317969905, 0.0 ], [ 117.873703757493104, 2.068372862138349, 0.0 ], [ 117.874252028063395, 2.066384939196664, 0.0 ], [ 117.872904343199437, 2.066597172589799, 0.0 ], [ 117.87518408747934, 2.065765924179333, 0.0 ], [ 117.874759619631021, 2.063756777951137, 0.0 ], [ 117.873473837391813, 2.062911380594271, 0.0 ], [ 117.873597640645286, 2.063307550351251, 0.0 ], [ 117.873951363063142, 2.063473799375235, 0.0 ], [ 117.874018570475542, 2.0636789594227, 0.0 ], [ 117.87348798618514, 2.064375793620568, 0.0 ], [ 117.873208545195169, 2.064432388682876, 0.0 ], [ 117.87392660302551, 2.063541007779213, 0.0 ], [ 117.873509209851903, 2.063296939220558, 0.0 ], [ 117.872693879308017, 2.061517712782211, 0.0 ], [ 117.871234771732048, 2.060283220033671, 0.0 ], [ 117.870723642426654, 2.059041652317607, 0.0 ], [ 117.867755907127304, 2.059901199155822, 0.0 ], [ 117.86754544246547, 2.058344818513031, 0.0 ], [ 117.869165493390796, 2.059193752884007, 0.0 ], [ 117.869112435247331, 2.057612612425965, 0.0 ], [ 117.867934537897796, 2.056590353607634, 0.0 ], [ 117.866211907513801, 2.05649838542451, 0.0 ], [ 117.865506231225453, 2.05618357239348, 0.0 ], [ 117.868153846114282, 2.056537295545084, 0.0 ], [ 117.86923446902243, 2.057524181839686, 0.0 ], [ 117.869437859940348, 2.058882477421372, 0.0 ], [ 117.8698800139219, 2.058963833807925, 0.0 ], [ 117.869952526869525, 2.057128011879315, 0.0 ], [ 117.871202937256072, 2.056049157994281, 0.0 ], [ 117.869957832773721, 2.05506580710255, 0.0 ], [ 117.869388339114707, 2.05408599565801, 0.0 ], [ 117.86736327556072, 2.053293656938076, 0.0 ], [ 117.867097983290464, 2.052954082324057, 0.0 ], [ 117.869434323464546, 2.053983416088503, 0.0 ], [ 117.870741328350519, 2.055345249208385, 0.0 ], [ 117.873079436312523, 2.05330426823835, 0.0 ], [ 117.873019303812413, 2.050506320303376, 0.0 ], [ 117.869745598618564, 2.047206085830466, 0.0 ], [ 117.870965942786015, 2.042289339030137, 0.0 ], [ 117.869158418687078, 2.042522795799207, 0.0 ], [ 117.868617223014468, 2.044793696525449, 0.0 ], [ 117.866201295794625, 2.046654278574987, 0.0 ], [ 117.86576444825414, 2.047718983883227, 0.0 ], [ 117.864821777061167, 2.048246031237153, 0.0 ], [ 117.864453905814614, 2.049102040468644, 0.0 ], [ 117.864874835146367, 2.049866082400642, 0.0 ], [ 117.864881910293391, 2.050428501089331, 0.0 ], [ 117.864839462750197, 2.050591213959772, 0.0 ], [ 117.864772255245853, 2.050619511597721, 0.0 ], [ 117.863647416679925, 2.048479488506469, 0.0 ], [ 117.865859952919735, 2.046813453859534, 0.0 ], [ 117.862243136911133, 2.044160532446871, 0.0 ], [ 117.861850505067849, 2.044362154728726, 0.0 ], [ 117.862416461878453, 2.045055451397753, 0.0 ], [ 117.862342179716705, 2.045423323248055, 0.0 ], [ 117.861047554313188, 2.045506447568896, 0.0 ], [ 117.862278509282092, 2.045301288653976, 0.0 ], [ 117.861730239059568, 2.044342699830332, 0.0 ], [ 117.861921250035422, 2.044024349725772, 0.0 ], [ 117.862950583711736, 2.044339162997933, 0.0 ], [ 117.863985222226447, 2.040044967565747, 0.0 ], [ 117.862835622889179, 2.03600545154594, 0.0 ], [ 117.860111957158551, 2.035991303554689, 0.0 ], [ 117.860784030227549, 2.036748270337144, 0.0 ], [ 117.859277170938952, 2.039167734743538, 0.0 ], [ 117.859920946043019, 2.036062047630544, 0.0 ], [ 117.854979439128641, 2.039012096474864, 0.0 ], [ 117.846231872732659, 2.040540179431071, 0.0 ], [ 117.847406232813398, 2.044735332056312, 0.0 ], [ 117.850412876547352, 2.045244692803766, 0.0 ], [ 117.847385009734111, 2.045089055346135, 0.0 ], [ 117.846009027141605, 2.055262124095733, 0.0 ], [ 117.853051649186042, 2.055502655716844, 0.0 ], [ 117.856256377999671, 2.05081229049471, 0.0 ], [ 117.857692493211061, 2.049510590521742, 0.0 ], [ 117.858187704812622, 2.049262983988795, 0.0 ], [ 117.858668768487803, 2.049213462806115, 0.0 ], [ 117.8594964789946, 2.049553036697673, 0.0 ], [ 117.859857277023863, 2.049878462565204, 0.0 ], [ 117.859970468333401, 2.050260483777501, 0.0 ], [ 117.857600524598226, 2.049680377149147, 0.0 ], [ 117.854190636679817, 2.054957922396099, 0.0 ], [ 117.85599462338898, 2.057370312522445, 0.0 ], [ 117.859008342237601, 2.056153506007162, 0.0 ], [ 117.859991691383186, 2.056358664471412, 0.0 ], [ 117.857020419550395, 2.057136855661833, 0.0 ], [ 117.857883503276113, 2.057837226443043, 0.0 ], [ 117.857968396785722, 2.058466852400978, 0.0 ], [ 117.857777386325324, 2.058827650413561, 0.0 ], [ 117.857642971517009, 2.058898395513574, 0.0 ], [ 117.857685418449861, 2.057823077714072, 0.0 ], [ 117.855418055656116, 2.057313716731184, 0.0 ], [ 117.854102205832305, 2.055446059718635, 0.0 ], [ 117.846437032652986, 2.056132282080545, 0.0 ], [ 117.845828628168618, 2.065541310517633, 0.0 ], [ 117.852015240888136, 2.07001944136901, 0.0 ], [ 117.852736835004407, 2.066220457749487, 0.0 ], [ 117.854317976910068, 2.06523710790979, 0.0 ], [ 117.85236542671025, 2.064112269852549, 0.0 ], [ 117.854756593200747, 2.065053172550609, 0.0 ], [ 117.855265953919869, 2.06442354582738, 0.0 ], [ 117.854027924426333, 2.062831793199387, 0.0 ], [ 117.854155263908623, 2.062527591660776, 0.0 ], [ 117.854310903031035, 2.062428548688914, 0.0 ], [ 117.85533669866642, 2.064225461263187, 0.0 ], [ 117.855315474668345, 2.064692375228514, 0.0 ], [ 117.854841486695662, 2.065357373340419, 0.0 ], [ 117.859464645114471, 2.065880883209435, 0.0 ], [ 117.860133180407999, 2.062173868368497, 0.0 ], [ 117.860034138164977, 2.065534235128093, 0.0 ], [ 117.859372676797392, 2.066029446993388, 0.0 ], [ 117.858078050795271, 2.066036522033005, 0.0 ], [ 117.857604062765915, 2.066524659728758, 0.0 ], [ 117.861233258835028, 2.069665718236626, 0.0 ], [ 117.860978578098738, 2.06585966058349, 0.0 ], [ 117.862297964415518, 2.064112269930258, 0.0 ], [ 117.861123604706961, 2.066199234445571, 0.0 ], [ 117.863012484841292, 2.067932476340553, 0.0 ], [ 117.864151472539461, 2.066482212795384, 0.0 ], [ 117.866239308185101, 2.066464582328816, 0.0 ], [ 117.867120879336198, 2.065123060278154, 0.0 ], [ 117.867683040480344, 2.064643945106892, 0.0 ], [ 117.866520388576788, 2.062893578920786, 0.0 ], [ 117.86663218201781, 2.062510286294462, 0.0 ], [ 117.867021861708878, 2.062273922911318, 0.0 ], [ 117.867219896218543, 2.062216429203579, 0.0 ], [ 117.867890656977892, 2.064477852296195, 0.0 ], [ 117.86621694928094, 2.066662615882713, 0.0 ], [ 117.867552082076259, 2.067499469951518, 0.0 ], [ 117.86810146735256, 2.067301435284004, 0.0 ], [ 117.86868918154245, 2.06636237023064, 0.0 ], [ 117.868919156763383, 2.066266548105553, 0.0 ], [ 117.870107362129602, 2.066413476430352, 0.0 ], [ 117.870401219625847, 2.066585957509098, 0.0 ], [ 117.8704076073046, 2.066726497646673, 0.0 ], [ 117.867437095345593, 2.067608068906685, 0.0 ], [ 117.865041520952417, 2.066752050105498, 0.0 ], [ 117.86549508289464, 2.067275883551472, 0.0 ], [ 117.865539799565312, 2.067614457667006, 0.0 ], [ 117.86500957916013, 2.069109296107838, 0.0 ], [ 117.865852821242285, 2.070380547721184, 0.0 ], [ 117.864900980344416, 2.069102908465524, 0.0 ], [ 117.864990415027691, 2.06682870993544, 0.0 ], [ 117.863910809240224, 2.067103402448383, 0.0 ], [ 117.863949138702523, 2.068793079821364, 0.0 ], [ 117.863869285576413, 2.069003891003952, 0.0 ], [ 117.863690415832977, 2.069128460545164, 0.0 ], [ 117.863684028619346, 2.069233866317475, 0.0 ], [ 117.8636840277576, 2.067892343831727, 0.0 ], [ 117.863061178160692, 2.068221337173887, 0.0 ], [ 117.861705283959083, 2.067991361136554, 0.0 ], [ 117.862027887974932, 2.070412489270903, 0.0 ], [ 117.861874570962669, 2.071731651750936, 0.0 ], [ 117.864557614559374, 2.072542953671926, 0.0 ], [ 117.865440782936815, 2.073079561559647, 0.0 ], [ 117.865370512487701, 2.073239266700075, 0.0 ], [ 117.863363021581733, 2.073724769402172, 0.0 ], [ 117.861601475442285, 2.071498482388122, 0.0 ], [ 117.861304423948084, 2.071808309643464, 0.0 ], [ 117.861237347989601, 2.072351307313599, 0.0 ], [ 117.861141525232171, 2.072491847623287, 0.0 ], [ 117.86117027232217, 2.071932879986177, 0.0 ], [ 117.861697298037484, 2.071044920264793, 0.0 ], [ 117.861783539213988, 2.070198483814941, 0.0 ], [ 117.858584648681372, 2.068591851941548, 0.0 ], [ 117.859534893932818, 2.070728704554774, 0.0 ], [ 117.859264991632642, 2.072284230892484, 0.0 ], [ 117.859982066652194, 2.073140249581519, 0.0 ], [ 117.860023590893718, 2.073207325967838, 0.0 ], [ 117.859982066618116, 2.073335089642423, 0.0 ], [ 117.859285753684432, 2.072488653129309, 0.0 ], [ 117.857261658184754, 2.07498526577571, 0.0 ], [ 117.854472245280988, 2.0755965119236, 0.0 ], [ 117.852354557598787, 2.071568752678475, 0.0 ], [ 117.851306892885859, 2.074858675634821, 0.0 ], [ 117.850486009253572, 2.0754591664201, 0.0 ], [ 117.850556279677733, 2.076308795757375, 0.0 ], [ 117.850447680241658, 2.075318625581764, 0.0 ], [ 117.852127776879797, 2.071485705593857, 0.0 ], [ 117.851776426136979, 2.070802169087445, 0.0 ], [ 117.847419674063602, 2.06792748015461, 0.0 ], [ 117.847394121295281, 2.06902625006937, 0.0 ], [ 117.8470874875795, 2.069415929780613, 0.0 ], [ 117.846768078472678, 2.069639516303881, 0.0 ], [ 117.847132205984451, 2.067684727672656, 0.0 ], [ 117.844743018799747, 2.065691609695111, 0.0 ], [ 117.840220174085857, 2.06653485136262, 0.0 ], [ 117.841478649442948, 2.072801674375003, 0.0 ], [ 117.844388474029842, 2.073089143738884, 0.0 ], [ 117.845599037440849, 2.074762852476306, 0.0 ], [ 117.846825572086388, 2.075382507003237, 0.0 ], [ 117.84778380135559, 2.076139508611411, 0.0 ], [ 117.84773908466687, 2.076363095994861, 0.0 ], [ 117.845471273774464, 2.074817151349261, 0.0 ], [ 117.84444916209695, 2.073277596169297, 0.0 ], [ 117.841660713394347, 2.07332231335923, 0.0 ], [ 117.839373737961751, 2.067930672883566, 0.0 ], [ 117.840507642948637, 2.065937554813547, 0.0 ], [ 117.844452356621701, 2.065273182521441, 0.0 ], [ 117.84528282142233, 2.05829088188262, 0.0 ], [ 117.844164886963398, 2.053876636271596, 0.0 ], [ 117.834397330479106, 2.05482208919879, 0.0 ], [ 117.841302973954981, 2.058105623473759, 0.0 ], [ 117.835777182279585, 2.062864831658008, 0.0 ], [ 117.837010103952011, 2.071495288214187, 0.0 ], [ 117.835291678809909, 2.075117396864069, 0.0 ], [ 117.837961945744624, 2.076676117804367, 0.0 ], [ 117.839444008127757, 2.075513465677296, 0.0 ], [ 117.840983564226676, 2.07546235960637, 0.0 ], [ 117.844720659835261, 2.078378572377361, 0.0 ], [ 117.839456783856036, 2.075628452590053, 0.0 ], [ 117.838580004333323, 2.078123044222914, 0.0 ], [ 117.840530001518857, 2.079049333022095, 0.0 ], [ 117.841325332794568, 2.080927463786911, 0.0 ], [ 117.841536143082507, 2.081866528622506, 0.0 ], [ 117.840169068423606, 2.08348274351083, 0.0 ], [ 117.841421154953366, 2.081700435817058, 0.0 ], [ 117.839996586777715, 2.079049333604104, 0.0 ], [ 117.838878652468566, 2.081055227923546, 0.0 ], [ 117.837655312276013, 2.081943186972464, 0.0 ], [ 117.839092656913763, 2.086636915783356, 0.0 ], [ 117.837677670232125, 2.083720703535498, 0.0 ], [ 117.836067845003853, 2.08589907905962, 0.0 ], [ 117.836534183226121, 2.084135936693086, 0.0 ], [ 117.835183079396728, 2.08496001395582, 0.0 ], [ 117.834144997374082, 2.083899573085985, 0.0 ], [ 117.834566617839585, 2.0855157885075, 0.0 ], [ 117.833744137393268, 2.086081143296173, 0.0 ], [ 117.833998068249315, 2.083931514879817, 0.0 ], [ 117.834743890706221, 2.08373986845847, 0.0 ], [ 117.83500900041264, 2.084276476986387, 0.0 ], [ 117.835194258089118, 2.08397942578006, 0.0 ], [ 117.834095488726788, 2.08276566886491, 0.0 ], [ 117.83404438237703, 2.082337658257604, 0.0 ], [ 117.834082712203582, 2.081420952487768, 0.0 ], [ 117.835187870514275, 2.083727091880055, 0.0 ], [ 117.835223005188041, 2.084011367154482, 0.0 ], [ 117.835194258807491, 2.084183847927024, 0.0 ], [ 117.834957895482205, 2.084567139673878, 0.0 ], [ 117.835152735764368, 2.084816280148279, 0.0 ], [ 117.839228405833808, 2.079676974083367, 0.0 ], [ 117.832091891391059, 2.073175881855765, 0.0 ], [ 117.829868020565115, 2.075272915364557, 0.0 ], [ 117.831928412608974, 2.076141042521639, 0.0 ], [ 117.830552939473094, 2.078331090215825, 0.0 ], [ 117.831229401431287, 2.080498589052596, 0.0 ], [ 117.83075869633015, 2.080774811125677, 0.0 ], [ 117.829570659235131, 2.079889772177829, 0.0 ], [ 117.828939293852414, 2.080794541115617, 0.0 ], [ 117.829122502963216, 2.081363897114151, 0.0 ], [ 117.830523343308542, 2.080924196009971, 0.0 ], [ 117.830779835348409, 2.080935471083786, 0.0 ], [ 117.830991229936373, 2.081194781684954, 0.0 ], [ 117.831112430022642, 2.081885336219481, 0.0 ], [ 117.830359865881704, 2.084785670001633, 0.0 ], [ 117.830746012911035, 2.081031303145999, 0.0 ], [ 117.829457915989963, 2.081493552284313, 0.0 ], [ 117.828778634771155, 2.081361078271643, 0.0 ], [ 117.82918733073717, 2.082147466454001, 0.0 ], [ 117.829090088375764, 2.082426506734056, 0.0 ], [ 117.828816685873136, 2.08258152936864, 0.0 ], [ 117.828424900839821, 2.082553343994288, 0.0 ], [ 117.82802888810869, 2.08319034562449, 0.0 ], [ 117.827131166043259, 2.08355112555162, 0.0 ], [ 117.828345980243185, 2.082533613337078, 0.0 ], [ 117.829101362913178, 2.082310944065471, 0.0 ], [ 117.828667300581415, 2.08144563626949, 0.0 ], [ 117.829226790509736, 2.07994896258515, 0.0 ], [ 117.829921574099572, 2.079796759511013, 0.0 ], [ 117.831075787750649, 2.080464765145829, 0.0 ], [ 117.830376777096177, 2.078480475294992, 0.0 ], [ 117.830777017187884, 2.076403171929082, 0.0 ], [ 117.829945531895135, 2.075808448140218, 0.0 ], [ 117.829686221026947, 2.074917773505771, 0.0 ], [ 117.829283162503202, 2.075842271481756, 0.0 ], [ 117.829142233189259, 2.075867639110851, 0.0 ], [ 117.828836415539371, 2.075678792672645, 0.0 ], [ 117.83053179999493, 2.073474652721595, 0.0 ], [ 117.832603466692802, 2.071975161399698, 0.0 ], [ 117.832132761450325, 2.072885567418518, 0.0 ], [ 117.834277710767964, 2.074306138020131, 0.0 ], [ 117.83630850759063, 2.072116090880868, 0.0 ], [ 117.8350866470917, 2.062907744364328, 0.0 ], [ 117.831605684118614, 2.062270743514182, 0.0 ], [ 117.831384424476241, 2.063195241629294, 0.0 ], [ 117.833849284309352, 2.063806876245682, 0.0 ], [ 117.834431323644282, 2.064866667338838, 0.0 ], [ 117.830568440654631, 2.070182535499395, 0.0 ], [ 117.828416445292461, 2.071011202117683, 0.0 ], [ 117.830483883570196, 2.070058518091302, 0.0 ], [ 117.829681993539396, 2.069103013887602, 0.0 ], [ 117.831125113351277, 2.069024093680979, 0.0 ], [ 117.834197380652711, 2.06452561758837, 0.0 ], [ 117.831266042824183, 2.064379050459168, 0.0 ], [ 117.831018006860106, 2.066171677076469, 0.0 ], [ 117.830685412548618, 2.066538093615011, 0.0 ], [ 117.830034317435775, 2.066380252472216, 0.0 ], [ 117.829521333795455, 2.06529227517919, 0.0 ], [ 117.827697703658089, 2.065974375030232, 0.0 ], [ 117.829580524139075, 2.065168257196397, 0.0 ], [ 117.830612129673256, 2.066419713248593, 0.0 ], [ 117.831057466763326, 2.064317041400622, 0.0 ], [ 117.833148864182533, 2.06403518253078, 0.0 ], [ 117.8311589365386, 2.063426366728548, 0.0 ], [ 117.831226583000955, 2.062186184851536, 0.0 ], [ 117.834806197173009, 2.062552602536471, 0.0 ], [ 117.835448836655146, 2.061442076483536, 0.0 ], [ 117.831909181003525, 2.058868646434733, 0.0 ], [ 117.83100155871854, 2.055245136818824, 0.0 ], [ 117.829549519739189, 2.054897301753626, 0.0 ], [ 117.824839649703762, 2.058144321978324, 0.0 ], [ 117.825087685041041, 2.058927889862455, 0.0 ], [ 117.824569064284077, 2.059863663798373, 0.0 ], [ 117.82497494170488, 2.060737427441251, 0.0 ], [ 117.825020039312605, 2.062253831183053, 0.0 ], [ 117.824456320789707, 2.059767832161431, 0.0 ], [ 117.824845286261223, 2.058820783527599, 0.0 ], [ 117.821789931274267, 2.059316857283855, 0.0 ], [ 117.821739196860051, 2.059547981212229, 0.0 ], [ 117.822438206692738, 2.059841114522516, 0.0 ], [ 117.822860996619411, 2.060309001826711, 0.0 ], [ 117.822889182934688, 2.060991101369531, 0.0 ], [ 117.822782076855844, 2.061351881147801, 0.0 ], [ 117.822646783496012, 2.061520997102335, 0.0 ], [ 117.822519946690534, 2.059976406855076, 0.0 ], [ 117.820079044419984, 2.059987681979057, 0.0 ], [ 117.819447680221714, 2.059587441781731, 0.0 ], [ 117.824526785872024, 2.058138685144629, 0.0 ], [ 117.820155146946263, 2.053510553247593, 0.0 ], [ 117.816865848105238, 2.054395592502321, 0.0 ], [ 117.81788054138508, 2.053617660057343, 0.0 ], [ 117.817018051292791, 2.052411301898046, 0.0 ], [ 117.816476881705768, 2.052163265062161, 0.0 ], [ 117.81557775064654, 2.052602966610936, 0.0 ], [ 117.815121137844528, 2.052586054461637, 0.0 ], [ 117.816462788857763, 2.052056158976014, 0.0 ], [ 117.816784108414907, 2.052084345002528, 0.0 ], [ 117.82028762042998, 2.053251242410662, 0.0 ], [ 117.82460852528169, 2.057388938719263, 0.0 ], [ 117.826849307510685, 2.055100240473943, 0.0 ], [ 117.823524475753899, 2.05577111182093, 0.0 ], [ 117.819328308213272, 2.051802634501257, 0.0 ], [ 117.817108154866773, 2.051741837699637, 0.0 ], [ 117.817750885550169, 2.047783171678706, 0.0 ], [ 117.815617211062133, 2.043713120932217, 0.0 ], [ 117.817226627875002, 2.042709701310827, 0.0 ], [ 117.813556818289229, 2.04095089909482, 0.0 ], [ 117.812885993216682, 2.038904600783173, 0.0 ], [ 117.813201676086862, 2.037106337742265, 0.0 ], [ 117.813776669538484, 2.040950899392295, 0.0 ], [ 117.816832023715889, 2.040584482578473, 0.0 ], [ 117.816674183278806, 2.041731649928908, 0.0 ], [ 117.818442851266269, 2.040497106100723, 0.0 ], [ 117.818837453817025, 2.040406910909273, 0.0 ], [ 117.819598474836269, 2.040711318858527, 0.0 ], [ 117.816982819701181, 2.041613269149839, 0.0 ], [ 117.817394334451151, 2.04294928296723, 0.0 ], [ 117.816193612993857, 2.044206374966315, 0.0 ], [ 117.819062941724482, 2.042656148706572, 0.0 ], [ 117.820156555699185, 2.042543405803936, 0.0 ], [ 117.820401773045219, 2.042726613362694, 0.0 ], [ 117.82062444247866, 2.043281876433458, 0.0 ], [ 117.821171249089517, 2.042907004018526, 0.0 ], [ 117.820548340585759, 2.043341067261349, 0.0 ], [ 117.818472445599696, 2.042983105855391, 0.0 ], [ 117.81713784259766, 2.04496739553114, 0.0 ], [ 117.819349028938845, 2.047890278225217, 0.0 ], [ 117.81921655519956, 2.047239182313684, 0.0 ], [ 117.819368758744062, 2.045863708461883, 0.0 ], [ 117.821240305167194, 2.051157027017302, 0.0 ], [ 117.824125931242975, 2.054324169291656, 0.0 ], [ 117.82908163275026, 2.054031994045051, 0.0 ], [ 117.830245711810988, 2.050565123507909, 0.0 ], [ 117.828929429009889, 2.04823696469133, 0.0 ], [ 117.825730324485562, 2.047735254290316, 0.0 ], [ 117.824538059988058, 2.045976452391153, 0.0 ], [ 117.824132183072578, 2.044978669907458, 0.0 ], [ 117.824208284508529, 2.042780167332743, 0.0 ], [ 117.82535545196977, 2.046669826758921, 0.0 ], [ 117.825947356736378, 2.045531114336271, 0.0 ], [ 117.826206667911535, 2.045283078346961, 0.0 ], [ 117.827074794043341, 2.044978670012146, 0.0 ], [ 117.827435574449893, 2.045119599973606, 0.0 ], [ 117.825998091312243, 2.045559300621592, 0.0 ], [ 117.825975542988175, 2.047712706075929, 0.0 ], [ 117.830099145493165, 2.047738073186026, 0.0 ], [ 117.830500794858082, 2.050866712471019, 0.0 ], [ 117.829359264208946, 2.053586655370215, 0.0 ], [ 117.83015410760801, 2.054077091325734, 0.0 ], [ 117.833716810576306, 2.053569743835462, 0.0 ], [ 117.834102958248238, 2.051210580862348, 0.0 ], [ 117.836617143223791, 2.048561102962816, 0.0 ], [ 117.83534313953389, 2.047749347515682, 0.0 ], [ 117.836701700788851, 2.048532917543977, 0.0 ], [ 117.834226975760629, 2.051126023104791, 0.0 ], [ 117.83407477125013, 2.053262517753217, 0.0 ], [ 117.841794900360625, 2.052822816222128, 0.0 ], [ 117.843742547944416, 2.051915229312666, 0.0 ], [ 117.844667047091164, 2.049976037146732, 0.0 ], [ 117.843793283211426, 2.044220468716379, 0.0 ], [ 117.843992539554392, 2.050675180379308, 0.0 ], [ 117.840578922399686, 2.05239794086118, 0.0 ], [ 117.837883872668883, 2.048768605341333, 0.0 ], [ 117.839620877735285, 2.048090458832738, 0.0 ], [ 117.836694141297116, 2.041380379158411, 0.0 ], [ 117.837039163782961, 2.040416697355051, 0.0 ], [ 117.840203846505304, 2.042225087404312, 0.0 ], [ 117.842529066332276, 2.042190671641464, 0.0 ], [ 117.837039932581803, 2.039755815640547, 0.0 ], [ 117.836346558597469, 2.041508981329566, 0.0 ], [ 117.835292404499825, 2.041740105617314, 0.0 ], [ 117.833835191630143, 2.040167330664497, 0.0 ], [ 117.83624790787421, 2.041413149227023, 0.0 ], [ 117.836526948757736, 2.039344301349292, 0.0 ], [ 117.834739685493389, 2.039510727381205, 0.0 ], [ 117.83144784336649, 2.03592252781341, 0.0 ], [ 117.813031151035105, 2.030516465596655, 0.0 ], [ 117.805449133268141, 2.026671904052243, 0.0 ], [ 117.802619264945932, 2.026829744972634, 0.0 ], [ 117.80137908408382, 2.029366479796908, 0.0 ], [ 117.803622684977768, 2.035809784636379, 0.0 ], [ 117.803441798821282, 2.042183221862704, 0.0 ], [ 117.807109904537555, 2.048670499053226, 0.0 ], [ 117.806077034778284, 2.056855645761431, 0.0 ], [ 117.813363724858917, 2.05893553527648, 0.0 ], [ 117.817827706805943, 2.061984626823788, 0.0 ], [ 117.824817270377054, 2.074301256775721, 0.0 ], [ 117.822762141044876, 2.080371139693553, 0.0 ], [ 117.816931809863746, 2.081735853123706, 0.0 ], [ 117.820203073640386, 2.082050755191075, 0.0 ], [ 117.820012717032029, 2.086676427168004, 0.0 ], [ 117.815292591169253, 2.086764728622412, 0.0 ], [ 117.81448590381622, 2.082731290712624, 0.0 ], [ 117.815733648885853, 2.081737685618441, 0.0 ], [ 117.814601754508075, 2.081807254749795, 0.0 ], [ 117.8111352701453, 2.084438953357973, 0.0 ], [ 117.810675430561119, 2.088294532325367, 0.0 ], [ 117.825093173875317, 2.095135532305039, 0.0 ], [ 117.832436460725617, 2.096210849991996, 0.0 ] ], [ [ 117.834305703674971, 2.09500060196384, 0.0 ], [ 117.829749036395768, 2.095607366169695, 0.0 ], [ 117.828414916726842, 2.092619895229396, 0.0 ], [ 117.830403387843475, 2.090241680678546, 0.0 ], [ 117.833595276619675, 2.090383766905559, 0.0 ], [ 117.832997000563637, 2.089682508361804, 0.0 ], [ 117.837672642041127, 2.086898538373903, 0.0 ], [ 117.839100317480757, 2.088540365512728, 0.0 ], [ 117.834305703674971, 2.09500060196384, 0.0 ] ], [ [ 117.804675240658511, 2.043340892497989, 0.0 ], [ 117.808553762193242, 2.041127994131627, 0.0 ], [ 117.811813623427028, 2.045744148423418, 0.0 ], [ 117.807245058886821, 2.046529370408238, 0.0 ], [ 117.804675240658511, 2.043340892497989, 0.0 ] ], [ [ 117.805450440240833, 2.042069434987516, 0.0 ], [ 117.803779604583966, 2.04082965789747, 0.0 ], [ 117.804437294475846, 2.036226304797307, 0.0 ], [ 117.808387199379368, 2.035631438542855, 0.0 ], [ 117.80976728737005, 2.039700317581411, 0.0 ], [ 117.805854431344144, 2.039942115125246, 0.0 ], [ 117.805450440240833, 2.042069434987516, 0.0 ] ], [ [ 117.852073668841243, 2.060843228506778, 0.0 ], [ 117.850349426500557, 2.064690589534379, 0.0 ], [ 117.846649170947543, 2.064692498119231, 0.0 ], [ 117.847755431712486, 2.056998968106274, 0.0 ], [ 117.851089477921505, 2.057989835505196, 0.0 ], [ 117.852073668841243, 2.060843228506778, 0.0 ] ] ], [ [ [ 117.816634601514636, 2.081722930683449, 0.0 ], [ 117.816296087830906, 2.081708212296908, 0.0 ], [ 117.816015218139384, 2.081722930254945, 0.0 ], [ 117.816634601514636, 2.081722930683449, 0.0 ] ] ], [ [ [ 117.85530374233484, 2.07525921255858, 0.0 ], [ 117.854880707760387, 2.074993845737505, 0.0 ], [ 117.855053571949199, 2.075257937400155, 0.0 ], [ 117.85530374233484, 2.07525921255858, 0.0 ] ] ], [ [ [ 117.857267082756962, 2.066918143406647, 0.0 ], [ 117.85492261324346, 2.065924779406738, 0.0 ], [ 117.853236129231675, 2.066787185993313, 0.0 ], [ 117.853510787378866, 2.06802986611857, 0.0 ], [ 117.855041504211101, 2.066673279548819, 0.0 ], [ 117.857383728547575, 2.068905354468711, 0.0 ], [ 117.858943984903306, 2.072820839610536, 0.0 ], [ 117.859434278943908, 2.070703151519437, 0.0 ], [ 117.857267082756962, 2.066918143406647, 0.0 ] ] ], [ [ [ 117.853058878749636, 2.071796347144688, 0.0 ], [ 117.853805542259664, 2.069527625821139, 0.0 ], [ 117.853554502582298, 2.068251996933339, 0.0 ], [ 117.852076671157278, 2.07058816478621, 0.0 ], [ 117.853058878749636, 2.071796347144688, 0.0 ] ] ], [ [ [ 117.835810725395874, 2.061300157277655, 0.0 ], [ 117.840456019255527, 2.058259295670884, 0.0 ], [ 117.836250305100975, 2.060510873288318, 0.0 ], [ 117.833295143889444, 2.055743476110596, 0.0 ], [ 117.835810725395874, 2.061300157277655, 0.0 ] ] ], [ [ [ 117.899205184633985, 2.055256818466103, 0.0 ], [ 117.904610070481255, 2.056367508013378, 0.0 ], [ 117.905303366862228, 2.054754531657915, 0.0 ], [ 117.905416557561324, 2.057138623840544, 0.0 ], [ 117.909579876070566, 2.054499851724136, 0.0 ], [ 117.911367944843363, 2.050909564872755, 0.0 ], [ 117.910646350676686, 2.04579119453157, 0.0 ], [ 117.906394957696804, 2.047288655714349, 0.0 ], [ 117.905281068079347, 2.045304059440503, 0.0 ], [ 117.907202478515259, 2.044000982367076, 0.0 ], [ 117.895914706487218, 2.043805683915743, 0.0 ], [ 117.889151718879774, 2.04578058326693, 0.0 ], [ 117.891686142148885, 2.048037335051661, 0.0 ], [ 117.89239502026426, 2.046490191504593, 0.0 ], [ 117.896713257434172, 2.049403429001599, 0.0 ], [ 117.89443206865198, 2.053627344635875, 0.0 ], [ 117.897893995381111, 2.056778584851415, 0.0 ], [ 117.895148831972037, 2.058753682973689, 0.0 ], [ 117.900372469852741, 2.056190646398441, 0.0 ], [ 117.899205184633985, 2.055256818466103, 0.0 ] ] ], [ [ [ 117.832799358297038, 2.055545577552053, 0.0 ], [ 117.833023071015361, 2.056510688203518, 0.0 ], [ 117.83357238837435, 2.058371543224287, 0.0 ], [ 117.833685694518763, 2.058537614131374, 0.0 ], [ 117.832799358297038, 2.055545577552053, 0.0 ] ] ], [ [ [ 117.878420322662365, 2.057025156269621, 0.0 ], [ 117.882422228907913, 2.056756658338943, 0.0 ], [ 117.883042332195942, 2.054666205101439, 0.0 ], [ 117.880609863140265, 2.055717824175562, 0.0 ], [ 117.877563684497588, 2.054992239178842, 0.0 ], [ 117.878420322662365, 2.057025156269621, 0.0 ] ] ], [ [ [ 117.880923111351677, 2.055260737034341, 0.0 ], [ 117.883959701613819, 2.053732853010862, 0.0 ], [ 117.884205212784437, 2.047616207071858, 0.0 ], [ 117.882441406802357, 2.047726798300451, 0.0 ], [ 117.882204872017411, 2.050085749548059, 0.0 ], [ 117.88077208168356, 2.050801744910629, 0.0 ], [ 117.882490151605282, 2.047448710763824, 0.0 ], [ 117.885276622631338, 2.045687488403908, 0.0 ], [ 117.882858538118398, 2.043334930475811, 0.0 ], [ 117.881746187477219, 2.044300246095388, 0.0 ], [ 117.879500709223109, 2.044875600040881, 0.0 ], [ 117.879283353255772, 2.045885665747442, 0.0 ], [ 117.878413929843944, 2.046972444794526, 0.0 ], [ 117.876313887593085, 2.047758762532027, 0.0 ], [ 117.875425286555227, 2.046601661946152, 0.0 ], [ 117.878116662977035, 2.046774267616148, 0.0 ], [ 117.879433584612514, 2.044651851207009, 0.0 ], [ 117.881487277770105, 2.044025355286953, 0.0 ], [ 117.88074571094279, 2.042190616097746, 0.0 ], [ 117.879217827352093, 2.042452721440168, 0.0 ], [ 117.87885343660966, 2.04234404360472, 0.0 ], [ 117.878367582260324, 2.042018009588139, 0.0 ], [ 117.877517335906262, 2.042331257581253, 0.0 ], [ 117.877178517235478, 2.042145865805416, 0.0 ], [ 117.877069838735409, 2.041832617131852, 0.0 ], [ 117.880764889258273, 2.042005224193519, 0.0 ], [ 117.881742491614631, 2.043788639260435, 0.0 ], [ 117.882842556615856, 2.042861861622351, 0.0 ], [ 117.884046004490045, 2.042944967637564, 0.0 ], [ 117.885536194048271, 2.040119885026795, 0.0 ], [ 117.888306195536828, 2.040193794582295, 0.0 ], [ 117.889706847514859, 2.037290518653429, 0.0 ], [ 117.88202587315125, 2.037450339062192, 0.0 ], [ 117.874941029543407, 2.034158036844478, 0.0 ], [ 117.875740052031091, 2.038000108024248, 0.0 ], [ 117.858966004173965, 2.027623256703995, 0.0 ], [ 117.850701897648904, 2.02716074464337, 0.0 ], [ 117.85001321449846, 2.025617040543237, 0.0 ], [ 117.845500491678507, 2.026569757681205, 0.0 ], [ 117.844305034597056, 2.030239236921537, 0.0 ], [ 117.84594159628594, 2.029823703636275, 0.0 ], [ 117.846203702557403, 2.02984927502503, 0.0 ], [ 117.845347063752058, 2.030216862538802, 0.0 ], [ 117.846011917653229, 2.030776234278256, 0.0 ], [ 117.845957578745711, 2.031549765343982, 0.0 ], [ 117.846725516054661, 2.032022833804706, 0.0 ], [ 117.84661044550225, 2.031588121968002, 0.0 ], [ 117.847323244603402, 2.030600431430874, 0.0 ], [ 117.847905790597579, 2.030194486930484, 0.0 ], [ 117.849002958552816, 2.030076220327216, 0.0 ], [ 117.846795038158078, 2.032112333793861, 0.0 ], [ 117.844156400930586, 2.03044380826461, 0.0 ], [ 117.845131307088792, 2.031821460870728, 0.0 ], [ 117.844316222240082, 2.033489985900232, 0.0 ], [ 117.845642731794129, 2.033451629890181, 0.0 ], [ 117.844530381597508, 2.033876752577136, 0.0 ], [ 117.845150484860682, 2.038626617501793, 0.0 ], [ 117.853320510062417, 2.038396476662625, 0.0 ], [ 117.859519947247932, 2.035174494452197, 0.0 ], [ 117.863026409870301, 2.035212851100924, 0.0 ], [ 117.865075309394371, 2.03879922382836, 0.0 ], [ 117.864301778193493, 2.045076974408165, 0.0 ], [ 117.866925231714305, 2.045447758180659, 0.0 ], [ 117.867957672269711, 2.042944967756969, 0.0 ], [ 117.866775000653249, 2.041359548732144, 0.0 ], [ 117.866922035181858, 2.040317519796825, 0.0 ], [ 117.867446246208004, 2.039703808410832, 0.0 ], [ 117.867959270151403, 2.039345809880174, 0.0 ], [ 117.869001300210002, 2.039147632917355, 0.0 ], [ 117.870356577511416, 2.039358595338004, 0.0 ], [ 117.867888949900248, 2.039467274578009, 0.0 ], [ 117.866891669002371, 2.041167764803833, 0.0 ], [ 117.868012011295036, 2.042682862053079, 0.0 ], [ 117.870147212595882, 2.041404299007852, 0.0 ], [ 117.871836516186121, 2.042471899475315, 0.0 ], [ 117.870346989641618, 2.046742304346193, 0.0 ], [ 117.873615318455705, 2.050386212385282, 0.0 ], [ 117.873576961452414, 2.0544520451399, 0.0 ], [ 117.875724949870801, 2.053768013920632, 0.0 ], [ 117.880923111351677, 2.055260737034341, 0.0 ] ] ] ] } },
{ "type": "Feature", "properties": { "FIDcopy": 58.0, "Provinsi": "Kalimantan Timur", "Kab_Kota": "Kutai Barat", "Kecamatan": "Nyuatan", "Kel_Desa": "Intu Lingau", "Kodetxt": "KT59", "percentFC": 91, "Nama_Lemba": "LPHD Intu Lingau", "No_SK_Izin": "SK.7385/MENLHK PSKL/PKPS/ PSL.0/09/2019", "Luas_Izin": "8.531", "Luas_Pol": 8531.2911817599997, "Keterangan": null, "Skema_PS": "HD", "Fungsi_Kaw": "HL", "KPH": "KPHP Damai", "Shape_Leng": 52641.509331200003, "Shape_Area": 85312911.826800004, "kode": 58.0 }, "geometry": { "type": "MultiPolygon", "coordinates": [ [ [ [ 115.344717007316831, -0.08550302784099, 0.0 ], [ 115.347826036433005, -0.085703978733315, 0.0 ], [ 115.351055032791791, -0.088432994910436, 0.0 ], [ 115.351572988074096, -0.090840008885533, 0.0 ], [ 115.358269023873575, -0.090519968009145, 0.0 ], [ 115.358746978264506, -0.094531988161364, 0.0 ], [ 115.360898969478214, -0.095535996454216, 0.0 ], [ 115.360221037568436, -0.098987016148343, 0.0 ], [ 115.361776003510471, -0.102879024436557, 0.0 ], [ 115.366877023968982, -0.107494028573049, 0.0 ], [ 115.36791402255713, -0.109380017962547, 0.0 ], [ 115.366877008297067, -0.113232027797408, 0.0 ], [ 115.370144198091978, -0.115721551250858, 0.0 ], [ 115.338885358653769, -0.155497800601139, 0.0 ], [ 115.313911443710992, -0.182384074578005, 0.0 ], [ 115.29880133995735, -0.206049134061436, 0.0 ], [ 115.277412418010201, -0.246397310843224, 0.0 ], [ 115.271231428563851, -0.253012626220589, 0.0 ], [ 115.258363871024741, -0.260197758469573, 0.0 ], [ 115.255184507238496, -0.242520840567422, 0.0 ], [ 115.255505373047811, -0.224846336653601, 0.0 ], [ 115.261796488025126, -0.219937666707352, 0.0 ], [ 115.264426143648507, -0.213050577459939, 0.0 ], [ 115.269140243246952, -0.20703697268382, 0.0 ], [ 115.269641661214891, -0.184007220801274, 0.0 ], [ 115.282171190128381, -0.168518331251394, 0.0 ], [ 115.298078899461203, -0.155986466568495, 0.0 ], [ 115.299074262585151, -0.140761264261354, 0.0 ], [ 115.3029845605178, -0.123188885918133, 0.0 ], [ 115.309114456461444, -0.11941146882852, 0.0 ], [ 115.313499453399189, -0.113059700209697, 0.0 ], [ 115.319702144378937, -0.09661744045582, 0.0 ], [ 115.319610530984093, -0.091312716967818, 0.0 ], [ 115.329311078432042, -0.080996155404991, 0.0 ], [ 115.340248680440126, -0.07250917295953, 0.0 ], [ 115.34097099941188, -0.07900299914134, 0.0 ], [ 115.344717007316831, -0.08550302784099, 0.0 ] ] ] ] } },
{ "type": "Feature", "properties": { "FIDcopy": 59.0, "Provinsi": "Kalimantan Timur", "Kab_Kota": "Kutai Kartanegara", "Kecamatan": "Kembang Janggut", "Kel_Desa": "Genting Tanah", "Kodetxt": "KT60", "percentFC": 92, "Nama_Lemba": "LPHD Genting Tanah", "No_SK_Izin": "SK.10390/MENLHK-PSKL/PKPS/PSL.0/12/2019", "Luas_Izin": "4.470", "Luas_Pol": 4470.1765827899999, "Keterangan": "Gambut Mahakam Tengah", "Skema_PS": "HD", "Fungsi_Kaw": "HP/HPK", "KPH": "KPHP Sub DAS Belayan", "Shape_Leng": 34190.845612800011, "Shape_Area": 44701766.121399999, "kode": 59.0 }, "geometry": { "type": "MultiPolygon", "coordinates": [ [ [ [ 116.503477606105676, 0.009292738101055, 0.0 ], [ 116.488492147885793, 0.009579552863177, 0.0 ], [ 116.46699094723202, 0.01593252101565, 0.0 ], [ 116.46698116320546, 0.054282771115221, 0.0 ], [ 116.464644526949868, 0.051851375370596, 0.0 ], [ 116.460852617022695, 0.041648245583466, 0.0 ], [ 116.457060708319943, 0.036957852535801, 0.0 ], [ 116.455733921648772, 0.028634104901555, 0.0 ], [ 116.455500155425213, 0.080240339602717, 0.0 ], [ 116.452673178987595, 0.091765665076877, 0.0 ], [ 116.458192827645348, 0.09479331945226, 0.0 ], [ 116.458555223708885, 0.100648882169827, 0.0 ], [ 116.463477279397878, 0.101294018077983, 0.0 ], [ 116.499516528684438, 0.095384255524286, 0.0 ], [ 116.503477606105676, 0.009292738101055, 0.0 ] ] ] ] } },
{ "type": "Feature", "properties": { "FIDcopy": 60.0, "Provinsi": "Kalimantan Timur", "Kab_Kota": "Kutai Kartanegara", "Kecamatan": "Loa Janan", "Kel_Desa": "Bakungan", "Kodetxt": "KT61", "percentFC": 0, "Nama_Lemba": "KSU Masyarakat Sejahtera Berkarya", "No_SK_Izin": "SK.7186/MENLHK-PSKL/PKPS/PSL.0/09/2019", "Luas_Izin": "960", "Luas_Pol": 961.32313907900004, "Keterangan": null, "Skema_PS": "HTR", "Fungsi_Kaw": "HP", "KPH": "KPHP Meratus", "Shape_Leng": 15315.415808399999, "Shape_Area": 9613231.3972500004, "kode": 0.0 }, "geometry": { "type": "MultiPolygon", "coordinates": [ [ [ [ 116.953990463172659, -0.764475213753267, 0.0 ], [ 116.931146436801356, -0.740654056423007, 0.0 ], [ 116.93184551390479, -0.739253012691555, 0.0 ], [ 116.929748513922704, -0.735454012014328, 0.0 ], [ 116.934615513097825, -0.732162013615884, 0.0 ], [ 116.935575513271004, -0.734432013337289, 0.0 ], [ 116.93802251343628, -0.734432049975155, 0.0 ], [ 116.939227598619098, -0.728523042033063, 0.0 ], [ 116.936200105815487, -0.728522999003074, 0.0 ], [ 116.938240105734408, -0.725926998043123, 0.0 ], [ 116.940451105395312, -0.716709787327898, 0.0 ], [ 116.957591408127314, -0.716709979361492, 0.0 ], [ 116.953990463172659, -0.764475213753267, 0.0 ] ] ] ] } },
{ "type": "Feature", "properties": { "FIDcopy": 61.0, "Provinsi": "Kalimantan Timur", "Kab_Kota": "Kutai Timur", "Kecamatan": "Batu Ampar", "Kel_Desa": "Batu Timbau", "Kodetxt": "KT62", "percentFC": 0, "Nama_Lemba": "Koperasi Bersama Timbau Menamang", "No_SK_Izin": "SK.10124/MENLHK-PSKL/PKPS/PSL.0/12/2019", "Luas_Izin": "3.225", "Luas_Pol": 3225.5148783099999, "Keterangan": null, "Skema_PS": "HTR", "Fungsi_Kaw": "HP", "KPH": "KPHP Santan", "Shape_Leng": 28437.904068799999, "Shape_Area": 32255148.745000001, "kode": 0.0 }, "geometry": { "type": "MultiPolygon", "coordinates": [ [ [ [ 116.994310943961267, 0.581647595985637, 0.0 ], [ 116.993108015907637, 0.583307527972799, 0.0 ], [ 116.990843763805557, 0.581647590490653, 0.0 ], [ 116.973471112306186, 0.581668723083143, 0.0 ], [ 116.973471192878819, 0.564148840346469, 0.0 ], [ 116.970156989375326, 0.561603126443378, 0.0 ], [ 116.971547976969774, 0.558382491375006, 0.0 ], [ 116.969600626477771, 0.55656211970408, 0.0 ], [ 116.963480348677521, 0.556982168234549, 0.0 ], [ 116.962645781088909, 0.554461660291258, 0.0 ], [ 116.96570594551406, 0.549420674245264, 0.0 ], [ 116.966540563654888, 0.543119423655826, 0.0 ], [ 116.964890481600833, 0.54086959856545, 0.0 ], [ 116.960091835375309, 0.541370511567512, 0.0 ], [ 116.957033450729682, 0.544093731440884, 0.0 ], [ 116.940116544941631, 0.539817442997127, 0.0 ], [ 116.934755102347069, 0.559758282287296, 0.0 ], [ 116.949815607489242, 0.59604035296417, 0.0 ], [ 116.977411574080676, 0.61392550715506, 0.0 ], [ 116.991009297780451, 0.614005162937522, 0.0 ], [ 117.006498836709511, 0.581668782987349, 0.0 ], [ 116.994310943961267, 0.581647595985637, 0.0 ] ] ] ] } },
{ "type": "Feature", "properties": { "FIDcopy": 62.0, "Provinsi": "Kalimantan Timur", "Kab_Kota": "Kutai Kartanegara", "Kecamatan": "Loa Janan", "Kel_Desa": "Bakungan", "Kodetxt": "KT63", "percentFC": 0, "Nama_Lemba": "KSU Sutra Alam Mandiri", "No_SK_Izin": "SK.9794/MENLHK-PSKL/PKPS/PSL.0/11/2019", "Luas_Izin": "1.113", "Luas_Pol": 1113.51190991, "Keterangan": null, "Skema_PS": "HTR", "Fungsi_Kaw": "HP", "KPH": "KPHP Meratus", "Shape_Leng": 23432.4387159, "Shape_Area": 11135119.0112, "kode": 0.0 }, "geometry": { "type": "MultiPolygon", "coordinates": [ [ [ [ 116.991598073764166, -0.66225686906186, 0.0 ], [ 116.977252888256558, -0.684430183720378, 0.0 ], [ 116.962901329036058, -0.70694878581668, 0.0 ], [ 116.962874229706756, -0.700411015297362, 0.0 ], [ 116.965245848863972, -0.700411015509212, 0.0 ], [ 116.965245849086301, -0.697323636655874, 0.0 ], [ 116.95776869548645, -0.697295532108814, 0.0 ], [ 116.958097357862385, -0.669907873843122, 0.0 ], [ 116.960228139373825, -0.66823748435888, 0.0 ], [ 116.965482448119218, -0.671017136169976, 0.0 ], [ 116.965957748534052, -0.667048999301527, 0.0 ], [ 116.970154141353291, -0.662264748311025, 0.0 ], [ 116.991598073764166, -0.66225686906186, 0.0 ] ] ], [ [ [ 116.951274735840443, -0.667727774307547, 0.0 ], [ 116.956749435412391, -0.669886307769573, 0.0 ], [ 116.956420497409184, -0.697293682234341, 0.0 ], [ 116.950568145071983, -0.697296283040539, 0.0 ], [ 116.951274735840443, -0.667727774307547, 0.0 ] ] ] ] } },
{ "type": "Feature", "properties": { "FIDcopy": 63.0, "Provinsi": "Kalimantan Timur", "Kab_Kota": "Mahakam Ulu", "Kecamatan": "Long Hubung", "Kel_Desa": "Matalibaq", "Kodetxt": "KT64", "percentFC": 100, "Nama_Lemba": "LPHD Matalibaq", "No_SK_Izin": "SK.3224/MENLHK-PSKL/PKPS/PSL.0/5/2020", "Luas_Izin": "2.124", "Luas_Pol": 2123.9904115099998, "Keterangan": null, "Skema_PS": "HD", "Fungsi_Kaw": "HPT", "KPH": "KPHP Mook Manoor Bulatn", "Shape_Leng": 24941.808577200001, "Shape_Area": 21239904.1712, "kode": 63.0 }, "geometry": { "type": "MultiPolygon", "coordinates": [ [ [ [ 115.665004112231927, 0.453526722437349, 0.0 ], [ 115.668637771280444, 0.453285903338949, 0.0 ], [ 115.670449461903388, 0.449821424489483, 0.0 ], [ 115.678230280370983, 0.446025143722427, 0.0 ], [ 115.678536467912338, 0.440005385980456, 0.0 ], [ 115.687492370718928, 0.427472701698334, 0.0 ], [ 115.691482544451972, 0.427186210659362, 0.0 ], [ 115.695671082348852, 0.42096473719404, 0.0 ], [ 115.704704285125786, 0.42010473046143, 0.0 ], [ 115.710665227071416, 0.410139498164764, 0.0 ], [ 115.712106233421707, 0.398816563335114, 0.0 ], [ 115.708185292988219, 0.389482620939484, 0.0 ], [ 115.691919231977934, 0.362910755409591, 0.0 ], [ 115.688906329669791, 0.360198193436216, 0.0 ], [ 115.669792175226121, 0.44292405197799, 0.0 ], [ 115.665004112231927, 0.453526722437349, 0.0 ] ] ] ] } },
{ "type": "Feature", "properties": { "FIDcopy": 64.0, "Provinsi": "Kalimantan Timur", "Kab_Kota": "Mahakam Ulu", "Kecamatan": "Long Bagun", "Kel_Desa": "Mamahak Ulu", "Kodetxt": "KT65", "percentFC": 94, "Nama_Lemba": "LPHD Mamahak Ulu", "No_SK_Izin": "SK.4075/MENLHK-PSKL/PKPS/PSL.0/6/2020", "Luas_Izin": "272", "Luas_Pol": 273.16904164900001, "Keterangan": null, "Skema_PS": "HD", "Fungsi_Kaw": "HPT", "KPH": "KPHP Mook Manoor Bulatn", "Shape_Leng": 11857.0678773, "Shape_Area": 2731690.3563600001, "kode": 64.0 }, "geometry": { "type": "MultiPolygon", "coordinates": [ [ [ [ 115.395584106155866, 0.577678679718194, 0.0 ], [ 115.38183909460804, 0.561518344516939, 0.0 ], [ 115.380025041450338, 0.555169157528119, 0.0 ], [ 115.375294320820174, 0.556122164854423, 0.0 ], [ 115.375542550997395, 0.557503933520519, 0.0 ], [ 115.377863913659368, 0.557799914769242, 0.0 ], [ 115.378869133523935, 0.562518141828874, 0.0 ], [ 115.375061317878561, 0.562012188785643, 0.0 ], [ 115.367465895563086, 0.563855494945525, 0.0 ], [ 115.368891250247742, 0.566642461988783, 0.0 ], [ 115.365945047470277, 0.567858508591151, 0.0 ], [ 115.366169230551932, 0.570254045449466, 0.0 ], [ 115.371231079947123, 0.570897579069724, 0.0 ], [ 115.380203247118502, 0.568892299786751, 0.0 ], [ 115.384933472365518, 0.570774852881274, 0.0 ], [ 115.386428834173387, 0.573153912553817, 0.0 ], [ 115.385185242246607, 0.580434202352083, 0.0 ], [ 115.386802674747784, 0.581809401931291, 0.0 ], [ 115.391288756037085, 0.577297568466254, 0.0 ], [ 115.395584106155866, 0.577678679718194, 0.0 ] ] ] ] } },
{ "type": "Feature", "properties": { "FIDcopy": 65.0, "Provinsi": "Kalimantan Timur", "Kab_Kota": "Paser", "Kecamatan": "Long Ikis", "Kel_Desa": "Semuntai", "Kodetxt": "KT66", "percentFC": 88, "Nama_Lemba": "LPHD Semuntai", "No_SK_Izin": "SK.4071/MENLHK-PSKL/PKPS/PSL.0/6/2020", "Luas_Izin": "939", "Luas_Pol": 945.00388206000002, "Keterangan": null, "Skema_PS": "HD", "Fungsi_Kaw": "HP", "KPH": "KPHP Telake", "Shape_Leng": 18797.817182300001, "Shape_Area": 9450038.8749700002, "kode": 65.0 }, "geometry": { "type": "MultiPolygon", "coordinates": [ [ [ [ 116.06999409507722, -1.583240516908791, 0.0 ], [ 116.062759393746532, -1.6165145007759, 0.0 ], [ 116.063118018749307, -1.64315606349162, 0.0 ], [ 116.055313082027624, -1.651233689410631, 0.0 ], [ 116.043716952020006, -1.65631321583865, 0.0 ], [ 116.043156070678464, -1.654848862262322, 0.0 ], [ 116.063188867699125, -1.581388407701348, 0.0 ], [ 116.06999409507722, -1.583240516908791, 0.0 ] ] ] ] } },
{ "type": "Feature", "properties": { "FIDcopy": 66.0, "Provinsi": "Kalimantan Timur", "Kab_Kota": "Berau", "Kecamatan": "Segah", "Kel_Desa": "Punan Mahkam", "Kodetxt": "KT67", "percentFC": 100, "Nama_Lemba": "LPHD Punan Mahkam", "No_SK_Izin": "SK.3717/MENLHK-PSKL/PKPS/PSL.0/6/2020", "Luas_Izin": "7.905", "Luas_Pol": 7905.31222445, "Keterangan": null, "Skema_PS": "HD", "Fungsi_Kaw": "HL", "KPH": "KPHP Berau Barat", "Shape_Leng": 40643.7766194, "Shape_Area": 79053122.082800001, "kode": 66.0 }, "geometry": { "type": "MultiPolygon", "coordinates": [ [ [ [ 116.483466434173977, 2.165093075500539, 0.0 ], [ 116.4983746972202, 2.168245383832856, 0.0 ], [ 116.52200517148033, 2.163656376510882, 0.0 ], [ 116.530120353292389, 2.159232170582988, 0.0 ], [ 116.539715561741801, 2.159329956852131, 0.0 ], [ 116.549950365774691, 2.162164757936673, 0.0 ], [ 116.559032333980525, 2.167661812543062, 0.0 ], [ 116.569356026918641, 2.1697307694809, 0.0 ], [ 116.574099783798061, 2.16920837500345, 0.0 ], [ 116.575473786164551, 2.182684005992812, 0.0 ], [ 116.579523569204355, 2.182687783767529, 0.0 ], [ 116.575913076355548, 2.158473798153127, 0.0 ], [ 116.581111773113378, 2.132361117752708, 0.0 ], [ 116.57887898540524, 2.119243178153879, 0.0 ], [ 116.584334500435133, 2.108826566897936, 0.0 ], [ 116.573035559653164, 2.106529242578294, 0.0 ], [ 116.563653987265951, 2.097122822956509, 0.0 ], [ 116.553945187054225, 2.090634085948858, 0.0 ], [ 116.54230437532749, 2.088564752952824, 0.0 ], [ 116.521796241894094, 2.094119773496359, 0.0 ], [ 116.511245188056421, 2.101325628514084, 0.0 ], [ 116.505603329031516, 2.108222307107488, 0.0 ], [ 116.496680211593386, 2.110760914373572, 0.0 ], [ 116.484965474383031, 2.10857500807156, 0.0 ], [ 116.477371877878866, 2.109685864807583, 0.0 ], [ 116.479370117119615, 2.12412595694327, 0.0 ], [ 116.48673248303426, 2.150669812934149, 0.0 ], [ 116.483466434173977, 2.165093075500539, 0.0 ] ] ] ] } },
{ "type": "Feature", "properties": { "FIDcopy": 67.0, "Provinsi": "Kalimantan Timur", "Kab_Kota": "Kutai Timur", "Kecamatan": "Muara Wahau", "Kel_Desa": "Nehas Liah Bing", "Kodetxt": "KT68", "percentFC": 100, "Nama_Lemba": "LPHD Petkuq Mehuey", "No_SK_Izin": "SK.5893/MENLHK-PSKL/PKPS/ PSL.0/11/2020", "Luas_Izin": "3.872", "Luas_Pol": 3872.0342094799998, "Keterangan": null, "Skema_PS": "HD", "Fungsi_Kaw": "HL", "KPH": "KPHP Kelinjau", "Shape_Leng": 35607.6753236, "Shape_Area": 38720342.047499999, "kode": 67.0 }, "geometry": { "type": "MultiPolygon", "coordinates": [ [ [ [ 116.811061217447971, 1.575070337507356, 0.0 ], [ 116.793953554457545, 1.556656520864234, 0.0 ], [ 116.792365397080758, 1.562154211009788, 0.0 ], [ 116.786888123635563, 1.568922639433872, 0.0 ], [ 116.781547519473563, 1.570461947747192, 0.0 ], [ 116.777506384994183, 1.579477313417536, 0.0 ], [ 116.763003171834129, 1.585336442131902, 0.0 ], [ 116.756802340981224, 1.581222211870878, 0.0 ], [ 116.75094447670925, 1.583530376888065, 0.0 ], [ 116.745008593407718, 1.582695406345215, 0.0 ], [ 116.74122194832735, 1.584186884839177, 0.0 ], [ 116.728972343699382, 1.58173173856174, 0.0 ], [ 116.725344835631617, 1.582569062775811, 0.0 ], [ 116.717793545022872, 1.576404199487503, 0.0 ], [ 116.705625286804661, 1.571537098977137, 0.0 ], [ 116.699793174952347, 1.566987434812039, 0.0 ], [ 116.698031352866408, 1.567770894886759, 0.0 ], [ 116.696879861931791, 1.574174641388877, 0.0 ], [ 116.69894365875551, 1.57997828114509, 0.0 ], [ 116.705287015954198, 1.587325163290418, 0.0 ], [ 116.703599676996177, 1.591299091603667, 0.0 ], [ 116.707883604064293, 1.597922398391624, 0.0 ], [ 116.708447166242408, 1.606813939939779, 0.0 ], [ 116.711467066734087, 1.612423589883353, 0.0 ], [ 116.711745280757029, 1.615834396238077, 0.0 ], [ 116.756505966448373, 1.621835708700539, 0.0 ], [ 116.796693801780094, 1.57953071622122, 0.0 ], [ 116.811061217447971, 1.575070337507356, 0.0 ] ] ] ] } },
{ "type": "Feature", "properties": { "FIDcopy": 68.0, "Provinsi": "Kalimantan Timur", "Kab_Kota": "Kutai Kartanegara", "Kecamatan": "Anggana", "Kel_Desa": "Kutai Lama", "Kodetxt": "KT69", "percentFC": 0, "Nama_Lemba": "Sinar Abab Sejahtera", "No_SK_Izin": "SK.1504/Menlhk-PSKL/PKPS/PSL.0/3/2021", "Luas_Izin": "196", "Luas_Pol": 194.37928397499999, "Keterangan": null, "Skema_PS": "HKM", "Fungsi_Kaw": "HP", "KPH": "KPHP Delta Mahakam", "Shape_Leng": 12883.7818508, "Shape_Area": 1943792.8204699999, "kode": 0.0 }, "geometry": { "type": "MultiPolygon", "coordinates": [ [ [ [ 117.311010786487259, -0.593011847948795, 0.0 ], [ 117.311992964223293, -0.595319352360379, 0.0 ], [ 117.310794667128107, -0.597722730589458, 0.0 ], [ 117.313258324177127, -0.601473571629536, 0.0 ], [ 117.311838599064416, -0.603295207721021, 0.0 ], [ 117.314152890467923, -0.609062323084897, 0.0 ], [ 117.315535687991698, -0.607119086164669, 0.0 ], [ 117.317434390173588, -0.608516410960067, 0.0 ], [ 117.319564910408118, -0.608037538389925, 0.0 ], [ 117.319584038628591, -0.609808900054118, 0.0 ], [ 117.3217620898766, -0.608908726322011, 0.0 ], [ 117.322057027624766, -0.610325796860304, 0.0 ], [ 117.320316519419393, -0.611580217990028, 0.0 ], [ 117.32122965384589, -0.612298283209118, 0.0 ], [ 117.324663118658037, -0.609904342887146, 0.0 ], [ 117.32516737776001, -0.612499117308578, 0.0 ], [ 117.321935514151519, -0.614234291113664, 0.0 ], [ 117.32502866908537, -0.615092974568811, 0.0 ], [ 117.324475293840266, -0.618198156552684, 0.0 ], [ 117.328812372330049, -0.616330778131977, 0.0 ], [ 117.329746721715992, -0.618365534016943, 0.0 ], [ 117.321525047627034, -0.619853388408958, 0.0 ], [ 117.315792758048659, -0.61435725455857, 0.0 ], [ 117.313472940581207, -0.615762113105295, 0.0 ], [ 117.310535300273685, -0.613187135129618, 0.0 ], [ 117.311714752135188, -0.61166932308491, 0.0 ], [ 117.308128623862174, -0.607656758955447, 0.0 ], [ 117.311356008948607, -0.602687797745035, 0.0 ], [ 117.306975365977095, -0.596209142149871, 0.0 ], [ 117.311010786487259, -0.593011847948795, 0.0 ] ] ] ] } },
{ "type": "Feature", "properties": { "FIDcopy": 69.0, "Provinsi": "Kalimantan Timur", "Kab_Kota": "Kutai Kartanegara", "Kecamatan": "Anggana", "Kel_Desa": "Kutai Lama", "Kodetxt": "KT70", "percentFC": 0, "Nama_Lemba": "Sinar Abad Mandiri", "No_SK_Izin": "SK.1502/Menlhk-PSKL/PKPS/PSL.0/3/2021", "Luas_Izin": "126", "Luas_Pol": 124.95238323300001, "Keterangan": null, "Skema_PS": "HKM", "Fungsi_Kaw": "HP", "KPH": "KPHP Delta Mahakam", "Shape_Leng": 6369.3070262199999, "Shape_Area": 1249523.8456900001, "kode": 0.0 }, "geometry": { "type": "MultiPolygon", "coordinates": [ [ [ [ 117.341166134628182, -0.634673158484385, 0.0 ], [ 117.329325416011727, -0.630962878782039, 0.0 ], [ 117.322990137618149, -0.624207471586337, 0.0 ], [ 117.321473726008549, -0.620081430634403, 0.0 ], [ 117.329874664482517, -0.618356858843693, 0.0 ], [ 117.332360604197731, -0.624138903576291, 0.0 ], [ 117.331143300063729, -0.626609309914656, 0.0 ], [ 117.341166134628182, -0.634673158484385, 0.0 ] ] ] ] } },
{ "type": "Feature", "properties": { "FIDcopy": 70.0, "Provinsi": "Kalimantan Timur", "Kab_Kota": "Kutai Kartanegara", "Kecamatan": "Anggana", "Kel_Desa": "Muara Pantuan", "Kodetxt": "KT71", "percentFC": 0, "Nama_Lemba": "Sinar harapan", "No_SK_Izin": "SK.1518/Menlhk-PSKL/PKPS/PSL.0/3/2021", "Luas_Izin": "401", "Luas_Pol": 400.90561980400003, "Keterangan": null, "Skema_PS": "HKM", "Fungsi_Kaw": "HP", "KPH": "KPHP Delta Mahakam", "Shape_Leng": 19967.0038608, "Shape_Area": 4009056.21221, "kode": 0.0 }, "geometry": { "type": "MultiPolygon", "coordinates": [ [ [ [ 117.468101424082661, -0.620569639755073, 0.0 ], [ 117.465951934920682, -0.621125167432666, 0.0 ], [ 117.464962629551252, -0.619554993030255, 0.0 ], [ 117.46669344300939, -0.616912205417994, 0.0 ], [ 117.468950094003802, -0.617509641351126, 0.0 ], [ 117.468101424082661, -0.620569639755073, 0.0 ] ] ], [ [ [ 117.473243933938988, -0.591224993459976, 0.0 ], [ 117.466984312416216, -0.594986811525825, 0.0 ], [ 117.466143998233122, -0.59308389944897, 0.0 ], [ 117.472536856699676, -0.590168413996609, 0.0 ], [ 117.473243933938988, -0.591224993459976, 0.0 ] ] ], [ [ [ 117.473607302654159, -0.578106682000522, 0.0 ], [ 117.48216929125438, -0.579952256564724, 0.0 ], [ 117.482318013529948, -0.581268771444869, 0.0 ], [ 117.480296952278167, -0.581927209754185, 0.0 ], [ 117.480505219242843, -0.584410640590045, 0.0 ], [ 117.483833977078518, -0.582734772715273, 0.0 ], [ 117.487890868430881, -0.588346509090993, 0.0 ], [ 117.481195151325252, -0.589879052629861, 0.0 ], [ 117.476938737715415, -0.587880693813431, 0.0 ], [ 117.472477720847365, -0.589015035824322, 0.0 ], [ 117.472284833949416, -0.585611227249806, 0.0 ], [ 117.475501695559814, -0.58217840490472, 0.0 ], [ 117.473607302654159, -0.578106682000522, 0.0 ] ] ], [ [ [ 117.451688026823945, -0.572801323234204, 0.0 ], [ 117.451070159784479, -0.577373332007549, 0.0 ], [ 117.449905153539802, -0.578809642656577, 0.0 ], [ 117.449619415219857, -0.573663217848547, 0.0 ], [ 117.451688026823945, -0.572801323234204, 0.0 ] ] ], [ [ [ 117.461195522126104, -0.563057224583721, 0.0 ], [ 117.46743543628051, -0.571097645190705, 0.0 ], [ 117.472257593300711, -0.57046154498863, 0.0 ], [ 117.472522977930126, -0.57664444745967, 0.0 ], [ 117.474710981960399, -0.581946283643567, 0.0 ], [ 117.471561789353331, -0.585500090092163, 0.0 ], [ 117.464824818433598, -0.58250209369848, 0.0 ], [ 117.465310645272339, -0.579467855548439, 0.0 ], [ 117.463664063957395, -0.575527325405951, 0.0 ], [ 117.460617951003073, -0.573471391070337, 0.0 ], [ 117.456944267246158, -0.57349682097791, 0.0 ], [ 117.454364711692207, -0.570044099255274, 0.0 ], [ 117.455360811264669, -0.56797051609972, 0.0 ], [ 117.459614426589425, -0.566064468459266, 0.0 ], [ 117.458150577042957, -0.563048503383568, 0.0 ], [ 117.461195522126104, -0.563057224583721, 0.0 ] ] ] ] } },
{ "type": "Feature", "properties": { "FIDcopy": 71.0, "Provinsi": "Kalimantan Timur", "Kab_Kota": "Kutai Kartanegara", "Kecamatan": "Anggana", "Kel_Desa": "Muara Pantuan", "Kodetxt": "KT72", "percentFC": 0, "Nama_Lemba": "Ilham Jaya", "No_SK_Izin": "SK.1519/Menlhk-PSKL/PKPS/PSL.0/3/2021", "Luas_Izin": "156", "Luas_Pol": 156.631656405, "Keterangan": null, "Skema_PS": "HKM", "Fungsi_Kaw": "HP", "KPH": "KPHP Delta Mahakam", "Shape_Leng": 12687.572075300001, "Shape_Area": 1566316.55082, "kode": 0.0 }, "geometry": { "type": "MultiPolygon", "coordinates": [ [ [ [ 117.492594137962683, -0.609953260728314, 0.0 ], [ 117.488362267510226, -0.616608088072942, 0.0 ], [ 117.484058124925227, -0.612994019641678, 0.0 ], [ 117.486982495184805, -0.609427165819529, 0.0 ], [ 117.487790629884074, -0.605908376825857, 0.0 ], [ 117.492047075971826, -0.608086240444871, 0.0 ], [ 117.492594137962683, -0.609953260728314, 0.0 ] ] ], [ [ [ 117.463125409062314, -0.597045409812793, 0.0 ], [ 117.464031918040405, -0.60003269558419, 0.0 ], [ 117.461102441050571, -0.600592751211821, 0.0 ], [ 117.459461400018668, -0.597804601546578, 0.0 ], [ 117.463125409062314, -0.597045409812793, 0.0 ] ] ], [ [ [ 117.499963812701637, -0.593675561220843, 0.0 ], [ 117.499274894763644, -0.600760913766636, 0.0 ], [ 117.497443788475323, -0.598439212028019, 0.0 ], [ 117.499963812701637, -0.593675561220843, 0.0 ] ] ], [ [ [ 117.533326350843737, -0.580462974353778, 0.0 ], [ 117.531994947056148, -0.58201898486543, 0.0 ], [ 117.524932334459677, -0.575043682357886, 0.0 ], [ 117.528058899356409, -0.573218961679823, 0.0 ], [ 117.533326350843737, -0.580462974353778, 0.0 ] ] ], [ [ [ 117.459614426589425, -0.566064468459266, 0.0 ], [ 117.45801662857869, -0.567022073760549, 0.0 ], [ 117.455426462290319, -0.565668507336884, 0.0 ], [ 117.457059816938596, -0.563686884531664, 0.0 ], [ 117.459614426589425, -0.566064468459266, 0.0 ] ] ], [ [ [ 117.530667765067193, -0.564896409216471, 0.0 ], [ 117.535550517877354, -0.564029973870249, 0.0 ], [ 117.536715246860339, -0.569054901544373, 0.0 ], [ 117.53388888959239, -0.569972221817419, 0.0 ], [ 117.530667765067193, -0.564896409216471, 0.0 ] ] ] ] } },
{ "type": "Feature", "properties": { "FIDcopy": 72.0, "Provinsi": "Kalimantan Timur", "Kab_Kota": "Kutai Kartanegara", "Kecamatan": "Anggana", "Kel_Desa": "Muara Pantuan", "Kodetxt": "KT73", "percentFC": 0, "Nama_Lemba": "Kembang Sinar", "No_SK_Izin": "SK.1515/Menlhk-PSKL/PKPS/PSL.0/3/2021", "Luas_Izin": "473", "Luas_Pol": 472.8809326, "Keterangan": null, "Skema_PS": "HKM", "Fungsi_Kaw": "HP", "KPH": "KPHP Delta Mahakam", "Shape_Leng": 17033.5289213, "Shape_Area": 4728809.2978100004, "kode": 0.0 }, "geometry": { "type": "MultiPolygon", "coordinates": [ [ [ [ 117.540475455930292, -0.58959336615017, 0.0 ], [ 117.538870414228114, -0.589084868876288, 0.0 ], [ 117.540698999837574, -0.587236000258537, 0.0 ], [ 117.540921122193723, -0.587887836600317, 0.0 ], [ 117.540475455930292, -0.58959336615017, 0.0 ] ] ], [ [ [ 117.467672990078654, -0.583306899343448, 0.0 ], [ 117.467425941540668, -0.586227223234063, 0.0 ], [ 117.463697423592791, -0.58455195106989, 0.0 ], [ 117.465047871221202, -0.58285710495575, 0.0 ], [ 117.467672990078654, -0.583306899343448, 0.0 ] ] ], [ [ [ 117.511669494138076, -0.579516386033655, 0.0 ], [ 117.513331499614992, -0.578881909442991, 0.0 ], [ 117.513897609406399, -0.581084039072742, 0.0 ], [ 117.514354007416344, -0.579595132814601, 0.0 ], [ 117.518786234888651, -0.580272133839723, 0.0 ], [ 117.529839878151321, -0.587102471415871, 0.0 ], [ 117.528166050052022, -0.588399998570593, 0.0 ], [ 117.523990539756809, -0.586882808822489, 0.0 ], [ 117.525194065705477, -0.590856185460094, 0.0 ], [ 117.520914423712469, -0.594624229293048, 0.0 ], [ 117.522385732714497, -0.601093146669474, 0.0 ], [ 117.51956899714348, -0.602579088507654, 0.0 ], [ 117.51313465947969, -0.601933410861504, 0.0 ], [ 117.508873188814718, -0.596706025028341, 0.0 ], [ 117.509247307847204, -0.58596521540871, 0.0 ], [ 117.512779352709998, -0.586743486978479, 0.0 ], [ 117.51292782591895, -0.585217506124692, 0.0 ], [ 117.509941851991613, -0.58268965612926, 0.0 ], [ 117.510979807710811, -0.578471547679627, 0.0 ], [ 117.511669494138076, -0.579516386033655, 0.0 ] ] ], [ [ [ 117.487442801602072, -0.573215977101384, 0.0 ], [ 117.492578859173292, -0.573861829300029, 0.0 ], [ 117.492401296100553, -0.582802245891398, 0.0 ], [ 117.491474070087889, -0.584059010247501, 0.0 ], [ 117.487515078122357, -0.584274788419976, 0.0 ], [ 117.486622478412002, -0.58589347613386, 0.0 ], [ 117.483734231424634, -0.582300328181374, 0.0 ], [ 117.484447377608532, -0.580074139781117, 0.0 ], [ 117.486729988335782, -0.579355837098674, 0.0 ], [ 117.487442801602072, -0.573215977101384, 0.0 ] ] ] ] } },
{ "type": "Feature", "properties": { "FIDcopy": 73.0, "Provinsi": "Kalimantan Timur", "Kab_Kota": "Kutai Kartanegara", "Kecamatan": "Anggana", "Kel_Desa": "Muara Pantuan", "Kodetxt": "KT74", "percentFC": 0, "Nama_Lemba": "Genting Lestari", "No_SK_Izin": "SK.1516/Menlhk-PSKL/PKPS/PSL.0/3/2021", "Luas_Izin": "246", "Luas_Pol": 246.22065921199999, "Keterangan": null, "Skema_PS": "HKM", "Fungsi_Kaw": "HP", "KPH": "KPHP Delta Mahakam", "Shape_Leng": 22662.208899699999, "Shape_Area": 2462206.4970499999, "kode": 0.0 }, "geometry": { "type": "MultiPolygon", "coordinates": [ [ [ [ 117.523697387764528, -0.629797277908533, 0.0 ], [ 117.52184286310839, -0.631329413526241, 0.0 ], [ 117.518787318998875, -0.630515872216469, 0.0 ], [ 117.522639250556125, -0.629593923122816, 0.0 ], [ 117.523697387764528, -0.629797277908533, 0.0 ] ] ], [ [ [ 117.55656710099295, -0.622371120298848, 0.0 ], [ 117.558084686640939, -0.627881582553136, 0.0 ], [ 117.549148691572512, -0.624813435580567, 0.0 ], [ 117.552620309897435, -0.625411482219221, 0.0 ], [ 117.553333455821814, -0.623616163969928, 0.0 ], [ 117.555259505410689, -0.624094691498289, 0.0 ], [ 117.55656710099295, -0.622371120298848, 0.0 ] ] ], [ [ [ 117.524615616997039, -0.617946061951962, 0.0 ], [ 117.52737403348543, -0.619836784531602, 0.0 ], [ 117.5243303575608, -0.61871206512734, 0.0 ], [ 117.524615616997039, -0.617946061951962, 0.0 ] ] ], [ [ [ 117.524282605495983, -0.616701386960485, 0.0 ], [ 117.528895420797454, -0.615839206201542, 0.0 ], [ 117.528396263517436, -0.617634507938836, 0.0 ], [ 117.524282605495983, -0.616701386960485, 0.0 ] ] ], [ [ [ 117.529004294876657, -0.614550978849615, 0.0 ], [ 117.525685289135296, -0.614570882611816, 0.0 ], [ 117.52482940386065, -0.615767802635477, 0.0 ], [ 117.520233827568603, -0.615484814017027, 0.0 ], [ 117.520002370390429, -0.614427822598158, 0.0 ], [ 117.529004294876657, -0.614550978849615, 0.0 ] ] ], [ [ [ 117.492659376214306, -0.611615887266248, 0.0 ], [ 117.494494960424291, -0.614997701426384, 0.0 ], [ 117.490500375878682, -0.616242787083447, 0.0 ], [ 117.491427348100657, -0.612197379055891, 0.0 ], [ 117.492659376214306, -0.611615887266248, 0.0 ] ] ], [ [ [ 117.528930805106697, -0.612349229361798, 0.0 ], [ 117.512696434347603, -0.613157678243708, 0.0 ], [ 117.512036520223759, -0.611651935704205, 0.0 ], [ 117.513318506789588, -0.608777299886215, 0.0 ], [ 117.528930805106697, -0.612349229361798, 0.0 ] ] ], [ [ [ 117.497033295139289, -0.598010988057416, 0.0 ], [ 117.499265910928784, -0.601042105808083, 0.0 ], [ 117.50044674559507, -0.599320165806645, 0.0 ], [ 117.502153678494253, -0.604037576152998, 0.0 ], [ 117.50536872344253, -0.607024584244787, 0.0 ], [ 117.505554543258384, -0.610830514144844, 0.0 ], [ 117.501793078766553, -0.612980391843353, 0.0 ], [ 117.499757591240666, -0.613151871293012, 0.0 ], [ 117.498270470124353, -0.609832685185236, 0.0 ], [ 117.499611500602782, -0.609892702421109, 0.0 ], [ 117.500146233868364, -0.606960395404619, 0.0 ], [ 117.497649300054249, -0.604177975051466, 0.0 ], [ 117.493814903203472, -0.60552242853779, 0.0 ], [ 117.493222524260148, -0.602266909418116, 0.0 ], [ 117.497033295139289, -0.598010988057416, 0.0 ] ] ], [ [ [ 117.478203546799037, -0.574550060111575, 0.0 ], [ 117.481421593003262, -0.576621508285587, 0.0 ], [ 117.483391949055957, -0.579521976720042, 0.0 ], [ 117.478774638189776, -0.579605478001231, 0.0 ], [ 117.479287907791218, -0.577459279373107, 0.0 ], [ 117.477100328281011, -0.575431030212767, 0.0 ], [ 117.478203546799037, -0.574550060111575, 0.0 ] ] ] ] } },
{ "type": "Feature", "properties": { "FIDcopy": 74.0, "Provinsi": "Kalimantan Timur", "Kab_Kota": "Kutai Kartanegara", "Kecamatan": "Anggana", "Kel_Desa": "Muara Pantuan", "Kodetxt": "KT75", "percentFC": 0, "Nama_Lemba": "Subur Mapan", "No_SK_Izin": "SK.1517/Menlhk-PSKL/PKPS/PSL.0/3/2021", "Luas_Izin": "27", "Luas_Pol": 28.119191381899999, "Keterangan": null, "Skema_PS": "HKM", "Fungsi_Kaw": "HP", "KPH": "KPHP Delta Mahakam", "Shape_Leng": 3364.1568064100002, "Shape_Area": 281191.93075100001, "kode": 0.0 }, "geometry": { "type": "MultiPolygon", "coordinates": [ [ [ [ 117.538348315555908, -0.586208089826486, 0.0 ], [ 117.536950498005979, -0.58945403523597, 0.0 ], [ 117.537349605024545, -0.585705516896122, 0.0 ], [ 117.538348315555908, -0.586208089826486, 0.0 ] ] ], [ [ [ 117.525060232604929, -0.572337327162342, 0.0 ], [ 117.527818719028829, -0.573349454099937, 0.0 ], [ 117.524757489644301, -0.574935544389693, 0.0 ], [ 117.524446154779824, -0.5764597616877, 0.0 ], [ 117.520577520902734, -0.574222035530154, 0.0 ], [ 117.524191384419879, -0.570439704577223, 0.0 ], [ 117.525060232604929, -0.572337327162342, 0.0 ] ] ] ] } },
{ "type": "Feature", "properties": { "FIDcopy": 75.0, "Provinsi": "Kalimantan Timur", "Kab_Kota": "Kutai Barat", "Kecamatan": "Nyuatan", "Kel_Desa": "Lakan Bilem", "Kodetxt": "KT76", "percentFC": 100, "Nama_Lemba": "LPHD Bungen Puti Rawei", "No_SK_Izin": "SK.1434/MENLHK-PSKL/PKPS/PSL.0/3/2021", "Luas_Izin": "2.770", "Luas_Pol": 2770.0025889600001, "Keterangan": null, "Skema_PS": "HD", "Fungsi_Kaw": "HL", "KPH": "KPHP Damai", "Shape_Leng": 25125.618332099999, "Shape_Area": 27700025.993000001, "kode": 75.0 }, "geometry": { "type": "MultiPolygon", "coordinates": [ [ [ [ 115.371188744164598, -0.039463176076032, 0.0 ], [ 115.380038831156028, -0.036093334671669, 0.0 ], [ 115.390000002658738, -0.043032698776409, 0.0 ], [ 115.389999999928506, -0.080607999961063, 0.0 ], [ 115.395620372287468, -0.080607999937082, 0.0 ], [ 115.391029356786433, -0.089119206543938, 0.0 ], [ 115.370144199450152, -0.115697756560238, 0.0 ], [ 115.366877008297124, -0.113232026893048, 0.0 ], [ 115.367914021658834, -0.109380017962498, 0.0 ], [ 115.36687702396901, -0.107494027668689, 0.0 ], [ 115.361776003510471, -0.102879024436557, 0.0 ], [ 115.360221036670126, -0.098987016148298, 0.0 ], [ 115.360898970376539, -0.095535996454259, 0.0 ], [ 115.358746978264548, -0.094531987257008, 0.0 ], [ 115.358269022975307, -0.090519967104748, 0.0 ], [ 115.351572988074096, -0.090840008885533, 0.0 ], [ 115.351055031893537, -0.088432994006043, 0.0 ], [ 115.347826036433048, -0.085703977828964, 0.0 ], [ 115.344717007316873, -0.085503026936623, 0.0 ], [ 115.339974995419311, -0.076009162961017, 0.0 ], [ 115.340242821577675, -0.072489358451878, 0.0 ], [ 115.341640104013877, -0.071576946312362, 0.0 ], [ 115.362784717407351, -0.061500603120068, 0.0 ], [ 115.371188744164598, -0.039463176076032, 0.0 ] ] ] ] } },
{ "type": "Feature", "properties": { "FIDcopy": 76.0, "Provinsi": "Kalimantan Timur", "Kab_Kota": "Kutai Kartanegara", "Kecamatan": "Muara Kaman", "Kel_Desa": "Muara Siran", "Kodetxt": "KT77", "percentFC": 96, "Nama_Lemba": "LPHD Muara Siran", "No_SK_Izin": "SK.1545/MENLHK-PSKL/PKPS/PSL.0/3/2021", "Luas_Izin": "9.250", "Luas_Pol": 9252.6119079, "Keterangan": null, "Skema_PS": "HD", "Fungsi_Kaw": "HP", "KPH": "KPHP Sub DAS Belayan", "Shape_Leng": 64280.283085399999, "Shape_Area": 92526119.061299995, "kode": 76.0 }, "geometry": { "type": "MultiPolygon", "coordinates": [ [ [ [ 116.503362551144292, 0.034999984333398, 0.0 ], [ 116.522359436920624, 0.034999983243049, 0.0 ], [ 116.524826058492593, 0.025676480181049, 0.0 ], [ 116.531097421526795, 0.018633162976774, 0.0 ], [ 116.5360647934383, 0.015499256712021, 0.0 ], [ 116.513990844948069, 0.009005576152427, 0.0 ], [ 116.513711284219809, -0.000282293997635, 0.0 ], [ 116.50234224798389, -0.010602132523619, 0.0 ], [ 116.502342237067381, -0.016043501457417, 0.0 ], [ 116.507933545765368, -0.021203438949938, 0.0 ], [ 116.5132664396818, -0.022249849208171, 0.0 ], [ 116.515388497271999, -0.026515335516001, 0.0 ], [ 116.526313791383529, -0.038690629443683, 0.0 ], [ 116.546966561522154, -0.057403586831579, 0.0 ], [ 116.559501655464373, -0.076078950902592, 0.0 ], [ 116.573905954481532, -0.093368335281362, 0.0 ], [ 116.584404000470855, -0.114063106590798, 0.0 ], [ 116.587936410973796, -0.117795690698935, 0.0 ], [ 116.594300497015126, -0.121342640986248, 0.0 ], [ 116.60900369018195, -0.149121305264399, 0.0 ], [ 116.615866577774582, -0.176045196783777, 0.0 ], [ 116.612538880413624, -0.180055520743328, 0.0 ], [ 116.579808506077342, -0.150669970116823, 0.0 ], [ 116.499037919901468, -0.091091666128519, 0.0 ], [ 116.498933472724147, 0.009021452955945, 0.0 ], [ 116.503477606105676, 0.009292739005751, 0.0 ], [ 116.503362551144292, 0.034999984333398, 0.0 ] ] ] ] } },
{ "type": "Feature", "properties": { "FIDcopy": 77.0, "Provinsi": "Kalimantan Timur", "Kab_Kota": "Paser", "Kecamatan": "Kuaro", "Kel_Desa": "Modang", "Kodetxt": "KT78", "percentFC": 96, "Nama_Lemba": "LPHD Modang", "No_SK_Izin": "SK.977/MENLHK-PSKL/PKPS/PSL.0/3/2021", "Luas_Izin": "611", "Luas_Pol": 611.09103239599995, "Keterangan": null, "Skema_PS": "HD", "Fungsi_Kaw": "HP", "KPH": "KPHP Telake", "Shape_Leng": 13633.4832174, "Shape_Area": 6110910.433509999, "kode": 77.0 }, "geometry": { "type": "MultiPolygon", "coordinates": [ [ [ [ 116.0382789354355, -1.685938102485182, 0.0 ], [ 116.045177416522861, -1.68434490995548, 0.0 ], [ 116.048362706762532, -1.707877125922628, 0.0 ], [ 116.042411831877175, -1.721141938695214, 0.0 ], [ 116.041939967045124, -1.737519487678812, 0.0 ], [ 116.033850000053476, -1.735916667497373, 0.0 ], [ 116.032444443869238, -1.730227777709556, 0.0 ], [ 116.032981258223188, -1.715407507015084, 0.0 ], [ 116.037408332841011, -1.710075000939747, 0.0 ], [ 116.038863888884748, -1.706075000727007, 0.0 ], [ 116.036320717187607, -1.69923409799806, 0.0 ], [ 116.0382789354355, -1.685938102485182, 0.0 ] ] ] ] } },
{ "type": "Feature", "properties": { "FIDcopy": 78.0, "Provinsi": "Kalimantan Timur", "Kab_Kota": "Kutai Kartanegara", "Kecamatan": "Muara Kaman", "Kel_Desa": "Bunga Jadi", "Kodetxt": "KT79", "percentFC": 0, "Nama_Lemba": "Giri Mulyo", "No_SK_Izin": "SK.1510/MENLHK-PSKL/PKPS/PSL.0/3/2021", "Luas_Izin": "175", "Luas_Pol": 175.86726994399999, "Keterangan": null, "Skema_PS": "HKM", "Fungsi_Kaw": "HP", "KPH": "KPHP Santan", "Shape_Leng": 7509.2631252199999, "Shape_Area": 1758672.63854, "kode": 0.0 }, "geometry": { "type": "MultiPolygon", "coordinates": [ [ [ [ 116.936580309130619, -0.201631237983667, 0.0 ], [ 116.93547907509199, -0.204127296000497, 0.0 ], [ 116.927145871161528, -0.204097674576805, 0.0 ], [ 116.926023523137133, -0.207126301792267, 0.0 ], [ 116.928464898825197, -0.211398710335346, 0.0 ], [ 116.917359173724563, -0.211436792834946, 0.0 ], [ 116.9175166540969, -0.208828033703688, 0.0 ], [ 116.913047832093426, -0.208614737408473, 0.0 ], [ 116.913691211519506, -0.20168222757088, 0.0 ], [ 116.936580309130619, -0.201631237983667, 0.0 ] ] ] ] } },
{ "type": "Feature", "properties": { "FIDcopy": 79.0, "Provinsi": "Kalimantan Timur", "Kab_Kota": "Kutai Kartanegara", "Kecamatan": "Muara Kaman", "Kel_Desa": "Bunga Jadi", "Kodetxt": "KT80", "percentFC": 0, "Nama_Lemba": "Maju Bersama", "No_SK_Izin": "SK.1511/MENLHK-PSKL/PKPS/PSL.0/3/2021", "Luas_Izin": "112", "Luas_Pol": 112.846337525, "Keterangan": null, "Skema_PS": "HKM", "Fungsi_Kaw": "HP", "KPH": "KPHP Santan", "Shape_Leng": 5648.5727926099999, "Shape_Area": 1128463.4258099999, "kode": 0.0 }, "geometry": { "type": "MultiPolygon", "coordinates": [ [ [ [ 116.915140697798606, -0.228497678751327, 0.0 ], [ 116.912753359665317, -0.230818535179889, 0.0 ], [ 116.911022639703177, -0.229770173782002, 0.0 ], [ 116.913047832093426, -0.208614737408473, 0.0 ], [ 116.9175166540969, -0.208828033703688, 0.0 ], [ 116.915140697798606, -0.228497678751327, 0.0 ] ] ] ] } },
{ "type": "Feature", "properties": { "FIDcopy": 80.0, "Provinsi": "Kalimantan Timur", "Kab_Kota": "Kutai Kartanegara", "Kecamatan": "Anggana", "Kel_Desa": "Tani Baru", "Kodetxt": "KT81", "percentFC": 86, "Nama_Lemba": "LPHD Tani Baru", "No_SK_Izin": "SK.3999/MENLHK-PSKL/PKPS/PSL.0/5/2022", "Luas_Izin": "190", "Luas_Pol": 189.748815248, "Keterangan": null, "Skema_PS": "HD", "Fungsi_Kaw": "HP", "KPH": "KPHP Delta Mahakam", "Shape_Leng": 8476.1604534800008, "Shape_Area": 1897488.1396300001, "kode": 80.0 }, "geometry": { "type": "MultiPolygon", "coordinates": [ [ [ [ 117.564845753398458, -0.495570556845085, 0.0 ], [ 117.562050780128672, -0.505218906995323, 0.0 ], [ 117.556961908030004, -0.506698028402285, 0.0 ], [ 117.550862784491329, -0.503730414896389, 0.0 ], [ 117.564845753398458, -0.495570556845085, 0.0 ] ] ], [ [ [ 117.572512045217636, -0.504619711085205, 0.0 ], [ 117.562495004110474, -0.505166048159518, 0.0 ], [ 117.565279528641369, -0.495474449139876, 0.0 ], [ 117.567746577315845, -0.495618179556575, 0.0 ], [ 117.573531823686906, -0.499830748167253, 0.0 ], [ 117.574199993442974, -0.50196905429293, 0.0 ], [ 117.572512045217636, -0.504619711085205, 0.0 ] ] ] ] } },
{ "type": "Feature", "properties": { "FIDcopy": 81.0, "Provinsi": "Kalimantan Timur", "Kab_Kota": "Paser", "Kecamatan": "Muara Koman", "Kel_Desa": "Swan Slutung", "Kodetxt": "KT82", "percentFC": 99, "Nama_Lemba": "MHA Mului", "No_SK_Izin": "SK.5474/MENLHK-PSKL/PKTHA/PSL.1/10/2020", "Luas_Izin": "7.722", "Luas_Pol": 7309.3173453600002, "Keterangan": null, "Skema_PS": "HA", "Fungsi_Kaw": "HL/HPT/APL", "KPH": "KPHP Telake", "Shape_Leng": 69648.850755199994, "Shape_Area": 73093173.428299993, "kode": 81.0 }, "geometry": { "type": "MultiPolygon", "coordinates": [ [ [ [ 115.963705574166156, -1.376535228581347, 0.0 ], [ 115.967548404011211, -1.377094402304056, 0.0 ], [ 115.972878396496128, -1.37525031999248, 0.0 ], [ 115.979160173520683, -1.376380563380878, 0.0 ], [ 115.980694925436083, -1.381389329079557, 0.0 ], [ 115.984097554420458, -1.382579059453099, 0.0 ], [ 115.984954161132833, -1.387790078538559, 0.0 ], [ 115.991949776547159, -1.392894022796761, 0.0 ], [ 115.989617904721442, -1.397605355973314, 0.0 ], [ 115.988701811996108, -1.40985958043184, 0.0 ], [ 115.993413144297946, -1.414582809500919, 0.0 ], [ 115.996613519527884, -1.420626641034278, 0.0 ], [ 115.992223414099158, -1.432238410494598, 0.0 ], [ 115.982086910973948, -1.445194575554563, 0.0 ], [ 115.984811393092542, -1.460363639855777, 0.0 ], [ 115.976316083009962, -1.460672335759742, 0.0 ], [ 115.977398737471788, -1.453212725565776, 0.0 ], [ 115.97237807458724, -1.451095004444454, 0.0 ], [ 115.972330486216009, -1.442600329437971, 0.0 ], [ 115.961575321916825, -1.444373027293591, 0.0 ], [ 115.959647959233124, -1.44207684735251, 0.0 ], [ 115.963240944284166, -1.437817612390749, 0.0 ], [ 115.958434433183541, -1.438424375359951, 0.0 ], [ 115.95645948122187, -1.437317925938672, 0.0 ], [ 115.957994232844356, -1.434700518149836, 0.0 ], [ 115.966155783876403, -1.429311039322861, 0.0 ], [ 115.965037437389526, -1.422398704930471, 0.0 ], [ 115.968487655871456, -1.417675474805258, 0.0 ], [ 115.968130736601552, -1.416271592886351, 0.0 ], [ 115.966369936247091, -1.416414359807843, 0.0 ], [ 115.966108195492509, -1.413404343149177, 0.0 ], [ 115.968570937790062, -1.398282867344786, 0.0 ], [ 115.964168934693248, -1.400329203617622, 0.0 ], [ 115.964180831373355, -1.415962262661977, 0.0 ], [ 115.96136117067131, -1.422446294272855, 0.0 ], [ 115.962134495526044, -1.427657313561742, 0.0 ], [ 115.959076888296536, -1.425967896729196, 0.0 ], [ 115.959457602274696, -1.419888373788205, 0.0 ], [ 115.958125103246303, -1.418674848208806, 0.0 ], [ 115.955745642199545, -1.423933457185411, 0.0 ], [ 115.953901559825397, -1.424397452016713, 0.0 ], [ 115.954603501044602, -1.42116138464291, 0.0 ], [ 115.953294797829003, -1.420852055276225, 0.0 ], [ 115.948713383880033, -1.429676524571295, 0.0 ], [ 115.94470875142683, -1.430283286809641, 0.0 ], [ 115.942495851806086, -1.428491552636113, 0.0 ], [ 115.943495225451628, -1.41771259406221, 0.0 ], [ 115.945137054238373, -1.413650853703882, 0.0 ], [ 115.943538055979431, -1.41296556978033, 0.0 ], [ 115.941836741170476, -1.414828688329047, 0.0 ], [ 115.939999797059841, -1.427477902785099, 0.0 ], [ 115.933727537670833, -1.432389110020549, 0.0 ], [ 115.934003555682949, -1.434730499763355, 0.0 ], [ 115.93965239553016, -1.43150632976002, 0.0 ], [ 115.940413823230642, -1.435218288997715, 0.0 ], [ 115.942150829623458, -1.436384224930047, 0.0 ], [ 115.94312640905774, -1.431660994440192, 0.0 ], [ 115.951133295328177, -1.43927527004558, 0.0 ], [ 115.95175195541762, -1.437228933621412, 0.0 ], [ 115.949574748607091, -1.431530124197067, 0.0 ], [ 115.950419456941532, -1.429971577640998, 0.0 ], [ 115.955344941281524, -1.426949662435822, 0.0 ], [ 115.958878440904655, -1.429793118012233, 0.0 ], [ 115.954619204914948, -1.434552039709116, 0.0 ], [ 115.953822085738253, -1.440738638206615, 0.0 ], [ 115.950312381378581, -1.441238325310638, 0.0 ], [ 115.948691174660297, -1.447478858714802, 0.0 ], [ 115.944332002413375, -1.450610229092174, 0.0 ], [ 115.938802135024019, -1.45126696055217, 0.0 ], [ 115.938326242534004, -1.444851933016885, 0.0 ], [ 115.931606644817109, -1.442158383956472, 0.0 ], [ 115.928132632629911, -1.438589191691656, 0.0 ], [ 115.919785482972813, -1.439455315959695, 0.0 ], [ 115.914874275298331, -1.442786560812485, 0.0 ], [ 115.905492060569244, -1.442803217447487, 0.0 ], [ 115.905349293479475, -1.44126846526826, 0.0 ], [ 115.897735017209058, -1.438210858378801, 0.0 ], [ 115.889371212921802, -1.430025512402894, 0.0 ], [ 115.889454493427095, -1.409728709273257, 0.0 ], [ 115.885992377516729, -1.40379195443156, 0.0 ], [ 115.891477035636314, -1.400662963338148, 0.0 ], [ 115.891952926994009, -1.398009864332771, 0.0 ], [ 115.889918488019987, -1.394750002741304, 0.0 ], [ 115.89537935084239, -1.389765031647632, 0.0 ], [ 115.910512723657646, -1.383697406487842, 0.0 ], [ 115.923183353173229, -1.383542740647331, 0.0 ], [ 115.92641942012753, -1.387349878260905, 0.0 ], [ 115.931166444928706, -1.387801976762747, 0.0 ], [ 115.936996125046349, -1.384351758653085, 0.0 ], [ 115.940196500017322, -1.376071233575064, 0.0 ], [ 115.947620417301337, -1.376475742798782, 0.0 ], [ 115.956614780219056, -1.371562154936204, 0.0 ], [ 115.963705574166156, -1.376535228581347, 0.0 ] ] ] ] } },
{ "type": "Feature", "properties": { "FIDcopy": 82.0, "Provinsi": "Kalimantan Timur", "Kab_Kota": "Kutai Timur", "Kecamatan": "Karangan", "Kel_Desa": "Pengadan", "Kodetxt": "KT83", "percentFC": 0, "Nama_Lemba": "KTH Olah Bebaya", "No_SK_Izin": "SK.3677/MENLHK-PSKL/PKPS/PSL.0/4/2022", "Luas_Izin": "109", "Luas_Pol": 109.00248987400001, "Keterangan": null, "Skema_PS": "KK", "Fungsi_Kaw": "HPK", "KPH": "KPHP Bengalon", "Shape_Leng": 17148.378238500001, "Shape_Area": 1090024.9330200001, "kode": 0.0 }, "geometry": { "type": "MultiPolygon", "coordinates": [ [ [ [ 117.704525533999728, 1.194550270096145, 0.0 ], [ 117.708404268369378, 1.188239101359726, 0.0 ], [ 117.706454474694354, 1.188344944994177, 0.0 ], [ 117.704540771087565, 1.185545006277287, 0.0 ], [ 117.705444951595126, 1.189954991945865, 0.0 ], [ 117.706786215949506, 1.190416380345336, 0.0 ], [ 117.703987933721891, 1.192550358468605, 0.0 ], [ 117.704525533999728, 1.194550270096145, 0.0 ] ] ], [ [ [ 117.710880918376461, 1.197538542567291, 0.0 ], [ 117.713409340064885, 1.191469146388138, 0.0 ], [ 117.709392430158076, 1.184471811591994, 0.0 ], [ 117.708309474027743, 1.187889905246997, 0.0 ], [ 117.710320281927295, 1.188349269343877, 0.0 ], [ 117.710970182954796, 1.191717526819652, 0.0 ], [ 117.712302272837235, 1.192119940135266, 0.0 ], [ 117.710596927354629, 1.193918141472776, 0.0 ], [ 117.710880918376461, 1.197538542567291, 0.0 ] ] ], [ [ [ 117.715554787359935, 1.19889938564562, 0.0 ], [ 117.716051334994177, 1.197079749569691, 0.0 ], [ 117.713628279074712, 1.197600755646322, 0.0 ], [ 117.715554787359935, 1.19889938564562, 0.0 ] ] ], [ [ [ 117.707900058700517, 1.201432944083096, 0.0 ], [ 117.709944291055251, 1.200841505161202, 0.0 ], [ 117.711892469342757, 1.198116732426635, 0.0 ], [ 117.708019364500458, 1.199279244563626, 0.0 ], [ 117.707900058700517, 1.201432944083096, 0.0 ] ] ], [ [ [ 117.705464209547515, 1.203817861427184, 0.0 ], [ 117.707288555140522, 1.203207226527161, 0.0 ], [ 117.706896463992365, 1.202644441482199, 0.0 ], [ 117.705464209547515, 1.203817861427184, 0.0 ] ] ], [ [ [ 117.713061811345753, 1.204293705976306, 0.0 ], [ 117.718133705824883, 1.202118352039715, 0.0 ], [ 117.7167771260943, 1.200643620028104, 0.0 ], [ 117.712662282971991, 1.201254745404441, 0.0 ], [ 117.713061811345753, 1.204293705976306, 0.0 ] ] ], [ [ [ 117.701364422283703, 1.206469427008642, 0.0 ], [ 117.70768616396191, 1.200833461305857, 0.0 ], [ 117.704314831743048, 1.200314652844584, 0.0 ], [ 117.703040365754461, 1.198423213601737, 0.0 ], [ 117.705108019591435, 1.195167248821236, 0.0 ], [ 117.701200328275959, 1.197876137858565, 0.0 ], [ 117.701364422283703, 1.206469427008642, 0.0 ] ] ], [ [ [ 117.706392160885798, 1.206465555078372, 0.0 ], [ 117.70980065516531, 1.205181200274746, 0.0 ], [ 117.710010189085807, 1.20402682950281, 0.0 ], [ 117.706392160885798, 1.206465555078372, 0.0 ] ] ] ] } },
{ "type": "Feature", "properties": { "FIDcopy": 83.0, "Provinsi": "Kalimantan Timur", "Kab_Kota": "Kutai Timur", "Kecamatan": "Muara Ancalong", "Kel_Desa": "Senyiur", "Kodetxt": "KT84", "percentFC": 0, "Nama_Lemba": "Koperasi Produsen Bina Kutai Bersatu", "No_SK_Izin": "SK.2749/MENLHK-PSKL/PKPS/PSL.0/3/2022", "Luas_Izin": "1.696", "Luas_Pol": 1701.6216970600001, "Keterangan": null, "Skema_PS": "HTR", "Fungsi_Kaw": "HP/HPT", "KPH": "KPHP Kelinjau", "Shape_Leng": 27079.699249400001, "Shape_Area": 17016216.814199999, "kode": 0.0 }, "geometry": { "type": "MultiPolygon", "coordinates": [ [ [ [ 116.30788279395415, 0.574204531530866, 0.0 ], [ 116.321296692118779, 0.566380619925918, 0.0 ], [ 116.329986572431707, 0.563312590621002, 0.0 ], [ 116.34146942524805, 0.563439013350894, 0.0 ], [ 116.340660947607716, 0.547603054507539, 0.0 ], [ 116.325676572458306, 0.547500001307272, 0.0 ], [ 116.31329350544442, 0.553257028745869, 0.0 ], [ 116.288840493164329, 0.57358247387047, 0.0 ], [ 116.278984846127642, 0.572323641556144, 0.0 ], [ 116.255363544825585, 0.552973076551329, 0.0 ], [ 116.257792925796792, 0.55618527492637, 0.0 ], [ 116.25617809518458, 0.56544823356489, 0.0 ], [ 116.257254487858873, 0.568677074156061, 0.0 ], [ 116.260510999670345, 0.567877428447102, 0.0 ], [ 116.269059094896875, 0.581717256509061, 0.0 ], [ 116.273848732006485, 0.584321394044559, 0.0 ], [ 116.270671116185923, 0.587748674840667, 0.0 ], [ 116.285125731708391, 0.589764774268462, 0.0 ], [ 116.296081543237818, 0.584899901549145, 0.0 ], [ 116.30788279395415, 0.574204531530866, 0.0 ] ] ] ] } },
{ "type": "Feature", "properties": { "FIDcopy": 84.0, "Provinsi": "Kalimantan Timur", "Kab_Kota": "Kutai Timur", "Kecamatan": "Muara Ancalong", "Kel_Desa": "Long Nah", "Kodetxt": "KT85", "percentFC": 0, "Nama_Lemba": "Koperasi Serba Usaha Petsot Sang", "No_SK_Izin": "SK.8446/MENLHK-PSKL/PKPS/PSL.0/12/2021", "Luas_Izin": "503", "Luas_Pol": 502.70415861599997, "Keterangan": null, "Skema_PS": "HTR", "Fungsi_Kaw": "HP", "KPH": "KPHP Kelinjau", "Shape_Leng": 12717.674514599999, "Shape_Area": 5027041.5676100003, "kode": 0.0 }, "geometry": { "type": "MultiPolygon", "coordinates": [ [ [ [ 116.448258366958953, 0.721006190599235, 0.0 ], [ 116.450654231465293, 0.716496682674438, 0.0 ], [ 116.452692285229617, 0.716951299816793, 0.0 ], [ 116.459171329895995, 0.710000973434975, 0.0 ], [ 116.466563397540455, 0.713318103078183, 0.0 ], [ 116.473762273675888, 0.697259662929884, 0.0 ], [ 116.461460420399078, 0.681149277620923, 0.0 ], [ 116.458703878351514, 0.687203120431224, 0.0 ], [ 116.460588956340956, 0.689132465558704, 0.0 ], [ 116.446868984069383, 0.720581801168594, 0.0 ], [ 116.444431226470599, 0.72101605364522, 0.0 ], [ 116.448258366958953, 0.721006190599235, 0.0 ] ] ] ] } },
{ "type": "Feature", "properties": { "FIDcopy": 85.0, "Provinsi": "Kalimantan Timur", "Kab_Kota": "Kutai Kartanegara", "Kecamatan": "Anggana", "Kel_Desa": "Kutai Lama", "Kodetxt": "KT86", "percentFC": 0, "Nama_Lemba": "Gapoktanhut Rambai Panjang", "No_SK_Izin": "SK.2821/MENLHK-PSKL/PKPS/PSL.0/3/2022", "Luas_Izin": "148", "Luas_Pol": 148.30048903, "Keterangan": null, "Skema_PS": "HKM", "Fungsi_Kaw": "HP", "KPH": "KPHP Delta Mahakam", "Shape_Leng": 5614.5934385, "Shape_Area": 1483004.91555, "kode": 0.0 }, "geometry": { "type": "MultiPolygon", "coordinates": [ [ [ [ 117.326064407521031, -0.583998342356034, 0.0 ], [ 117.335404241629234, -0.588830247352089, 0.0 ], [ 117.327531676507505, -0.598423721134121, 0.0 ], [ 117.32285385393628, -0.592852753249673, 0.0 ], [ 117.317800927015341, -0.592458080902392, 0.0 ], [ 117.326064407521031, -0.583998342356034, 0.0 ] ] ] ] } },
{ "type": "Feature", "properties": { "FIDcopy": 86.0, "Provinsi": "Kalimantan Timur", "Kab_Kota": "Kutai Kartanegara", "Kecamatan": "Anggana", "Kel_Desa": "Sepatin", "Kodetxt": "KT87", "percentFC": 0, "Nama_Lemba": "KTH Buji Sejahtera", "No_SK_Izin": "SK.2829/MENLHK-PSKL/PKPS/PSL.0/3/2022", "Luas_Izin": "450", "Luas_Pol": 450.38987986500001, "Keterangan": null, "Skema_PS": "HKM", "Fungsi_Kaw": "HP", "KPH": "KPHP Delta Mahakam", "Shape_Leng": 21184.0178151, "Shape_Area": 4503898.8241699999, "kode": 0.0 }, "geometry": { "type": "MultiPolygon", "coordinates": [ [ [ [ 117.483371293314178, -0.788009436189378, 0.0 ], [ 117.482141518817556, -0.789302564137867, 0.0 ], [ 117.477918129137251, -0.785369208159434, 0.0 ], [ 117.476706203629647, -0.78378970921077, 0.0 ], [ 117.477239080735529, -0.781215875238694, 0.0 ], [ 117.47811149198283, -0.780807143235512, 0.0 ], [ 117.478711599951126, -0.783399143441715, 0.0 ], [ 117.483371293314178, -0.788009436189378, 0.0 ] ] ], [ [ [ 117.466205056181451, -0.773653585018604, 0.0 ], [ 117.477757007026966, -0.775082204830732, 0.0 ], [ 117.477778250271598, -0.778236423104498, 0.0 ], [ 117.474415348908451, -0.78073915412216, 0.0 ], [ 117.476066269045475, -0.786605817675997, 0.0 ], [ 117.472933117908113, -0.788856188012418, 0.0 ], [ 117.466122475141262, -0.782548510701467, 0.0 ], [ 117.462925819325761, -0.777228737242833, 0.0 ], [ 117.466205056181451, -0.773653585018604, 0.0 ] ] ], [ [ [ 117.473495461940956, -0.773947166761288, 0.0 ], [ 117.471531857117341, -0.773863274387895, 0.0 ], [ 117.469839566316935, -0.771529336999407, 0.0 ], [ 117.471510641287779, -0.770898306191325, 0.0 ], [ 117.473495461940956, -0.773947166761288, 0.0 ] ] ], [ [ [ 117.453875063650329, -0.762000933885293, 0.0 ], [ 117.455206829367981, -0.763451370159396, 0.0 ], [ 117.450127511166443, -0.761915156848543, 0.0 ], [ 117.453875063650329, -0.762000933885293, 0.0 ] ] ], [ [ [ 117.446026931174231, -0.746753785887709, 0.0 ], [ 117.449498479019951, -0.745269339907711, 0.0 ], [ 117.451187001987904, -0.747543175210069, 0.0 ], [ 117.453493358636848, -0.745771603283998, 0.0 ], [ 117.456513346094354, -0.746633018489891, 0.0 ], [ 117.455966845627614, -0.750606605540628, 0.0 ], [ 117.45848735811613, -0.750271222876383, 0.0 ], [ 117.46115086615815, -0.753023686327481, 0.0 ], [ 117.459629136236643, -0.754077072377165, 0.0 ], [ 117.4603426226479, -0.755249905281091, 0.0 ], [ 117.457869715316747, -0.756064023406276, 0.0 ], [ 117.459273193086787, -0.7610906264426, 0.0 ], [ 117.455944364435197, -0.763029872759846, 0.0 ], [ 117.453756143363648, -0.757572484690808, 0.0 ], [ 117.448998125789998, -0.750379148312544, 0.0 ], [ 117.452051840005851, -0.75588909422463, 0.0 ], [ 117.444791550257264, -0.757764915934507, 0.0 ], [ 117.439512205704034, -0.753361053806151, 0.0 ], [ 117.438275322909476, -0.749507324653896, 0.0 ], [ 117.442460492263606, -0.750512253718745, 0.0 ], [ 117.44196081157844, -0.747256876551003, 0.0 ], [ 117.445051797276221, -0.744719244138876, 0.0 ], [ 117.446026931174231, -0.746753785887709, 0.0 ] ] ] ] } },
{ "type": "Feature", "properties": { "FIDcopy": 87.0, "Provinsi": "Kalimantan Timur", "Kab_Kota": "Kutai Kartanegara", "Kecamatan": "Anggana", "Kel_Desa": "Sepatin", "Kodetxt": "KT88", "percentFC": 0, "Nama_Lemba": "KTH Sinar Saeba Lestari", "No_SK_Izin": "SK.2826/MENLHK-PSKL/PKPS/PSL.0/3/2022", "Luas_Izin": "198", "Luas_Pol": 197.716219747, "Keterangan": null, "Skema_PS": "HKM", "Fungsi_Kaw": "HP", "KPH": "KPHP Delta Mahakam", "Shape_Leng": 27977.752839299999, "Shape_Area": 1977162.2273, "kode": 0.0 }, "geometry": { "type": "MultiPolygon", "coordinates": [ [ [ [ 117.524833221447764, -0.782336932526614, 0.0 ], [ 117.520400242106334, -0.786492226214842, 0.0 ], [ 117.517423855060528, -0.783989891643271, 0.0 ], [ 117.521514031342335, -0.78075928949024, 0.0 ], [ 117.524833221447764, -0.782336932526614, 0.0 ] ] ], [ [ [ 117.553452484991993, -0.774992334734243, 0.0 ], [ 117.560338211045988, -0.777717146053085, 0.0 ], [ 117.552920672858207, -0.775479140895572, 0.0 ], [ 117.553452484991993, -0.774992334734243, 0.0 ] ] ], [ [ [ 117.568198166369541, -0.780520648701402, 0.0 ], [ 117.559998479483511, -0.778584340403427, 0.0 ], [ 117.56171163399776, -0.77439080208234, 0.0 ], [ 117.569252241381591, -0.776698760371779, 0.0 ], [ 117.568198166369541, -0.780520648701402, 0.0 ] ] ], [ [ [ 117.55418587763495, -0.771607696924462, 0.0 ], [ 117.561894673473574, -0.774066416999352, 0.0 ], [ 117.554019494421155, -0.772122355455064, 0.0 ], [ 117.55418587763495, -0.771607696924462, 0.0 ] ] ], [ [ [ 117.564743020444013, -0.770197090741969, 0.0 ], [ 117.572599946094044, -0.772159986513537, 0.0 ], [ 117.572310080474352, -0.773248160171173, 0.0 ], [ 117.571361067200954, -0.774097565890168, 0.0 ], [ 117.562765946034375, -0.772294007660783, 0.0 ], [ 117.564505930376541, -0.771656817086906, 0.0 ], [ 117.564690445050644, -0.771364854043456, 0.0 ], [ 117.564743020444013, -0.770197090741969, 0.0 ] ] ], [ [ [ 117.536172292843744, -0.769339082551606, 0.0 ], [ 117.535875401907191, -0.771452332771228, 0.0 ], [ 117.53328714698344, -0.770429826292376, 0.0 ], [ 117.536172292843744, -0.769339082551606, 0.0 ] ] ], [ [ [ 117.564664006112125, -0.770807518829982, 0.0 ], [ 117.555409744702985, -0.768818247081527, 0.0 ], [ 117.555646920097601, -0.767995477449544, 0.0 ], [ 117.564664006112125, -0.770807518829982, 0.0 ] ] ], [ [ [ 117.573548887737445, -0.770779783861976, 0.0 ], [ 117.572441633569142, -0.77123111162986, 0.0 ], [ 117.566589260471844, -0.767745141729603, 0.0 ], [ 117.567088488322796, -0.766840275070201, 0.0 ], [ 117.573548887737445, -0.770779783861976, 0.0 ] ] ], [ [ [ 117.503387861011674, -0.76566538069425, 0.0 ], [ 117.502596416014796, -0.764884177991308, 0.0 ], [ 117.507085650544596, -0.763382333719733, 0.0 ], [ 117.506537846378208, -0.76385730434593, 0.0 ], [ 117.503387861011674, -0.76566538069425, 0.0 ] ] ], [ [ [ 117.515485816420025, -0.76045530448952, 0.0 ], [ 117.512975089325238, -0.762937365568946, 0.0 ], [ 117.511620551189623, -0.762018357546167, 0.0 ], [ 117.513644407552746, -0.760501483854465, 0.0 ], [ 117.515485816420025, -0.76045530448952, 0.0 ] ] ], [ [ [ 117.509774146526496, -0.761699115149123, 0.0 ], [ 117.508077113250536, -0.761036046825158, 0.0 ], [ 117.511677960829857, -0.760558352760958, 0.0 ], [ 117.509774146526496, -0.761699115149123, 0.0 ] ] ], [ [ [ 117.501287499113957, -0.763689409247484, 0.0 ], [ 117.500450348579861, -0.762463944227729, 0.0 ], [ 117.50156119383891, -0.761651879405469, 0.0 ], [ 117.504635117498879, -0.760104246435837, 0.0 ], [ 117.505715757563905, -0.761299041237714, 0.0 ], [ 117.501287499113957, -0.763689409247484, 0.0 ] ] ], [ [ [ 117.543103123545109, -0.760272390173711, 0.0 ], [ 117.537524342951798, -0.761731920422167, 0.0 ], [ 117.537331486783046, -0.760197224454435, 0.0 ], [ 117.542675726212295, -0.75883048409875, 0.0 ], [ 117.543103123545109, -0.760272390173711, 0.0 ] ] ], [ [ [ 117.508683160659558, -0.759843335973948, 0.0 ], [ 117.507480956573858, -0.760211146863989, 0.0 ], [ 117.506674265565451, -0.75918483501815, 0.0 ], [ 117.507526366740223, -0.758112367992367, 0.0 ], [ 117.508683160659558, -0.759843335973948, 0.0 ] ] ], [ [ [ 117.537457011510995, -0.759168440821164, 0.0 ], [ 117.536686187270163, -0.757895226060168, 0.0 ], [ 117.54202200851465, -0.756208053103982, 0.0 ], [ 117.542374002091933, -0.757557211344921, 0.0 ], [ 117.537457011510995, -0.759168440821164, 0.0 ] ] ], [ [ [ 117.508270529836025, -0.750466014780053, 0.0 ], [ 117.506224774276646, -0.749882932950376, 0.0 ], [ 117.508700265280439, -0.746356209556125, 0.0 ], [ 117.509885589308581, -0.746833333548324, 0.0 ], [ 117.508270529836025, -0.750466014780053, 0.0 ] ] ], [ [ [ 117.504549946224074, -0.745207944954092, 0.0 ], [ 117.503485140470204, -0.741471933664737, 0.0 ], [ 117.505129884407623, -0.740768460927587, 0.0 ], [ 117.506042574738387, -0.74476114492198, 0.0 ], [ 117.504549946224074, -0.745207944954092, 0.0 ] ] ] ] } },
{ "type": "Feature", "properties": { "FIDcopy": 88.0, "Provinsi": "Kalimantan Timur", "Kab_Kota": "Kutai Kartanegara", "Kecamatan": "Anggana", "Kel_Desa": "Sepatin", "Kodetxt": "KT89", "percentFC": 0, "Nama_Lemba": "KTH Mangkubur Bersinar", "No_SK_Izin": "SK.2828/MENLHK-PSKL/PKPS/PSL.0/3/2022", "Luas_Izin": "210", "Luas_Pol": 210.179376104, "Keterangan": null, "Skema_PS": "HKM", "Fungsi_Kaw": "HP", "KPH": "KPHP Delta Mahakam", "Shape_Leng": 18847.030329599998, "Shape_Area": 2101793.7832900002, "kode": 0.0 }, "geometry": { "type": "MultiPolygon", "coordinates": [ [ [ [ 117.457738999728392, -0.726668000670304, 0.0 ], [ 117.457990999930402, -0.729658000290823, 0.0 ], [ 117.459608999677371, -0.7300360008568, 0.0 ], [ 117.457940000570858, -0.733136000204785, 0.0 ], [ 117.455478000241655, -0.72981299989392, 0.0 ], [ 117.457738999728392, -0.726668000670304, 0.0 ] ] ], [ [ [ 117.438370999834433, -0.717404000494415, 0.0 ], [ 117.436370000374666, -0.717932000684874, 0.0 ], [ 117.436536999468387, -0.71722200045999, 0.0 ], [ 117.438370999834433, -0.717404000494415, 0.0 ] ] ], [ [ [ 117.436460999590651, -0.715705000876456, 0.0 ], [ 117.435361000748657, -0.719573000138054, 0.0 ], [ 117.437477000032544, -0.719825000538906, 0.0 ], [ 117.436756000277256, -0.722833999870499, 0.0 ], [ 117.435329000059497, -0.719572999593215, 0.0 ], [ 117.432811000207266, -0.718114000319663, 0.0 ], [ 117.43519299950475, -0.71509100024983, 0.0 ], [ 117.436460999590651, -0.715705000876456, 0.0 ] ] ], [ [ [ 117.446836999488298, -0.713551999781358, 0.0 ], [ 117.445018000880651, -0.718150000150637, 0.0 ], [ 117.442144999979703, -0.721438000716336, 0.0 ], [ 117.443063000025774, -0.722714000325664, 0.0 ], [ 117.440052999631291, -0.725917000710448, 0.0 ], [ 117.44210199976898, -0.728506999839123, 0.0 ], [ 117.437971999995085, -0.727826000484143, 0.0 ], [ 117.436837000287454, -0.724227000128768, 0.0 ], [ 117.437607000155396, -0.721553000379732, 0.0 ], [ 117.440507000428326, -0.721781000560462, 0.0 ], [ 117.43803899949323, -0.720475000000494, 0.0 ], [ 117.439106000094398, -0.717109000832706, 0.0 ], [ 117.440902000947275, -0.717156999779375, 0.0 ], [ 117.438673000702309, -0.715089000367422, 0.0 ], [ 117.441645000821026, -0.714820000470958, 0.0 ], [ 117.441418999957875, -0.712893000564658, 0.0 ], [ 117.445598000209174, -0.71189800083117, 0.0 ], [ 117.446836999488298, -0.713551999781358, 0.0 ] ] ], [ [ [ 117.437878000433784, -0.709883000106471, 0.0 ], [ 117.437121999956759, -0.712473999902393, 0.0 ], [ 117.434101999569791, -0.715177000431316, 0.0 ], [ 117.432819000331435, -0.713701999844166, 0.0 ], [ 117.429021000648447, -0.716448000261404, 0.0 ], [ 117.426218000134384, -0.713026000697744, 0.0 ], [ 117.431699000225308, -0.710307000929138, 0.0 ], [ 117.43505699962013, -0.710757999927218, 0.0 ], [ 117.436322999663389, -0.708354000889929, 0.0 ], [ 117.437878000433784, -0.709883000106471, 0.0 ] ] ], [ [ [ 117.456237999989568, -0.695057000399035, 0.0 ], [ 117.459218000149718, -0.700121000257193, 0.0 ], [ 117.453872000334641, -0.700287000474598, 0.0 ], [ 117.453622999757158, -0.697593999841187, 0.0 ], [ 117.451139000443334, -0.698023000114066, 0.0 ], [ 117.452762000746546, -0.695183000174219, 0.0 ], [ 117.456237999989568, -0.695057000399035, 0.0 ] ] ] ] } },
{ "type": "Feature", "properties": { "FIDcopy": 89.0, "Provinsi": "Kalimantan Timur", "Kab_Kota": "Kutai Kartanegara", "Kecamatan": "Anggana", "Kel_Desa": "Sepatin", "Kodetxt": "KT90", "percentFC": 0, "Nama_Lemba": "KTH Alam Lestari", "No_SK_Izin": "SK.2827/MENLHK-PSKL/PKPS/PSL.0/3/2022", "Luas_Izin": "513", "Luas_Pol": 512.76355372199998, "Keterangan": null, "Skema_PS": "HKM", "Fungsi_Kaw": "HP", "KPH": "KPHP Delta Mahakam", "Shape_Leng": 27123.6688971, "Shape_Area": 5127635.5429800004, "kode": 0.0 }, "geometry": { "type": "MultiPolygon", "coordinates": [ [ [ [ 117.469229999348428, -0.729103999824355, 0.0 ], [ 117.466703999464357, -0.729655999739299, 0.0 ], [ 117.469630000033803, -0.727504999510881, 0.0 ], [ 117.469229999348428, -0.729103999824355, 0.0 ] ] ], [ [ [ 117.446544000250782, -0.726880999881999, 0.0 ], [ 117.444182999958755, -0.727477999575789, 0.0 ], [ 117.441547999422937, -0.724779999862353, 0.0 ], [ 117.445890999885989, -0.725808000100739, 0.0 ], [ 117.446544000250782, -0.726880999881999, 0.0 ] ] ], [ [ [ 117.470811999649101, -0.727347999780102, 0.0 ], [ 117.468807999682085, -0.727476999160748, 0.0 ], [ 117.467373000204077, -0.728149999435323, 0.0 ], [ 117.468432999778614, -0.723643999455175, 0.0 ], [ 117.470882999698205, -0.724642999733107, 0.0 ], [ 117.470811999649101, -0.727347999780102, 0.0 ] ] ], [ [ [ 117.480151998873794, -0.709936000081702, 0.0 ], [ 117.48402199980066, -0.71175000000681, 0.0 ], [ 117.479821999758713, -0.716657999752621, 0.0 ], [ 117.475150000001705, -0.716354999790795, 0.0 ], [ 117.471001999806276, -0.711694999613132, 0.0 ], [ 117.480151998873794, -0.709936000081702, 0.0 ] ] ], [ [ [ 117.460573999374603, -0.702636999748451, 0.0 ], [ 117.464301999540325, -0.703518999501936, 0.0 ], [ 117.464042999163624, -0.709014999991319, 0.0 ], [ 117.468424999466563, -0.711004999744343, 0.0 ], [ 117.470651999667496, -0.713741000250388, 0.0 ], [ 117.466720999246903, -0.71445899956957, 0.0 ], [ 117.467669999487569, -0.716787999134007, 0.0 ], [ 117.465599000356633, -0.719254999711998, 0.0 ], [ 117.465904999498605, -0.721317999632175, 0.0 ], [ 117.462637999355366, -0.717881999484872, 0.0 ], [ 117.462586999690927, -0.714301999843297, 0.0 ], [ 117.462005000051633, -0.719483999607531, 0.0 ], [ 117.455001999460379, -0.717301999590533, 0.0 ], [ 117.454623999248994, -0.720924999608735, 0.0 ], [ 117.457841999011592, -0.725031999728784, 0.0 ], [ 117.456730999420913, -0.727496999452688, 0.0 ], [ 117.457035999906111, -0.725518999890983, 0.0 ], [ 117.453066999415199, -0.72123899947509, 0.0 ], [ 117.453571999622966, -0.717116999860004, 0.0 ], [ 117.450720999948672, -0.716395999884944, 0.0 ], [ 117.446635999742327, -0.718075999498073, 0.0 ], [ 117.445712999765831, -0.716132999322849, 0.0 ], [ 117.447611999472272, -0.714452999164861, 0.0 ], [ 117.447615999690399, -0.712369999819984, 0.0 ], [ 117.445620999540225, -0.710936000454771, 0.0 ], [ 117.442758999752371, -0.711615000101076, 0.0 ], [ 117.441267999692585, -0.708967999309031, 0.0 ], [ 117.442373000169837, -0.706256000255191, 0.0 ], [ 117.445030999116284, -0.706836000230355, 0.0 ], [ 117.448501999501389, -0.704194999734452, 0.0 ], [ 117.460573999374603, -0.702636999748451, 0.0 ] ] ], [ [ [ 117.445545999866837, -0.7024559991003, 0.0 ], [ 117.445251000045801, -0.704944999700314, 0.0 ], [ 117.443325000181943, -0.704684999405211, 0.0 ], [ 117.443486999140561, -0.703649999447086, 0.0 ], [ 117.445545999866837, -0.7024559991003, 0.0 ] ] ], [ [ [ 117.456151999969364, -0.700686999394145, 0.0 ], [ 117.453887999924788, -0.700340999639516, 0.0 ], [ 117.45613799942133, -0.699752999956863, 0.0 ], [ 117.456151999969364, -0.700686999394145, 0.0 ] ] ], [ [ [ 117.437818999487732, -0.700927999881766, 0.0 ], [ 117.436775999719572, -0.701069998857327, 0.0 ], [ 117.436139999564446, -0.696401999461063, 0.0 ], [ 117.437507999704636, -0.696240999285862, 0.0 ], [ 117.437818999487732, -0.700927999881766, 0.0 ] ] ], [ [ [ 117.426756999780437, -0.696337999349065, 0.0 ], [ 117.427925999133251, -0.698234999477187, 0.0 ], [ 117.429266999554955, -0.697874999456351, 0.0 ], [ 117.429328999600671, -0.69956199977775, 0.0 ], [ 117.42634699929593, -0.700077999531566, 0.0 ], [ 117.426756999780437, -0.696337999349065, 0.0 ] ] ] ] } },
{ "type": "Feature", "properties": { "FIDcopy": 90.0, "Provinsi": "Kalimantan Timur", "Kab_Kota": "Kutai Kartanegara", "Kecamatan": "Anggana", "Kel_Desa": "Muara Pantuan", "Kodetxt": "KT91", "percentFC": 0, "Nama_Lemba": "KTH Gapoktanhut Mapan Baru", "No_SK_Izin": "SK.2823/MENLHK-PSKL/PKPS/PSL.0/3/2022", "Luas_Izin": "12", "Luas_Pol": 11.6521670222, "Keterangan": null, "Skema_PS": "HKM", "Fungsi_Kaw": "HP", "KPH": "KPHP Delta Mahakam", "Shape_Leng": 1530.46167294, "Shape_Area": 116521.682696, "kode": 0.0 }, "geometry": { "type": "MultiPolygon", "coordinates": [ [ [ [ 117.55376466145735, -0.596928978767828, 0.0 ], [ 117.552791747602697, -0.592357577520169, 0.0 ], [ 117.55334954918419, -0.59192849403663, 0.0 ], [ 117.556569124151466, -0.594044005633305, 0.0 ], [ 117.55376466145735, -0.596928978767828, 0.0 ] ] ] ] } },
{ "type": "Feature", "properties": { "FIDcopy": 91.0, "Provinsi": "Kalimantan Timur", "Kab_Kota": "Kutai Kartanegara", "Kecamatan": "Muara Badak", "Kel_Desa": "Saliki", "Kodetxt": "KT92", "percentFC": 0, "Nama_Lemba": "KTH Baji Minasa Taddutan", "No_SK_Izin": "SK.2824/MENLHK-PSKL/PKPS/PSL.0/3/2022", "Luas_Izin": "326", "Luas_Pol": 325.897905933, "Keterangan": null, "Skema_PS": "HKM", "Fungsi_Kaw": "HP", "KPH": "KPHP Delta Mahakam", "Shape_Leng": 14708.174479, "Shape_Area": 3258979.0137999998, "kode": 0.0 }, "geometry": { "type": "MultiPolygon", "coordinates": [ [ [ [ 117.45825003612245, -0.48847417353797, 0.0 ], [ 117.465831227000507, -0.48290748370612, 0.0 ], [ 117.463497029953686, -0.47680178153486, 0.0 ], [ 117.471464358423006, -0.473619441722158, 0.0 ], [ 117.472875643411115, -0.464450141559649, 0.0 ], [ 117.476972989486441, -0.464533261383898, 0.0 ], [ 117.480016114297612, -0.458788205592959, 0.0 ], [ 117.478328164971813, -0.456776870318913, 0.0 ], [ 117.481462478689252, -0.454671860139733, 0.0 ], [ 117.484172301250183, -0.457275114377583, 0.0 ], [ 117.483601798471213, -0.459573091417203, 0.0 ], [ 117.481661582630721, -0.459860465196873, 0.0 ], [ 117.481091033153675, -0.461469061797797, 0.0 ], [ 117.484914515490885, -0.462617769833282, 0.0 ], [ 117.482575300459615, -0.469684091309174, 0.0 ], [ 117.48491506708433, -0.470660552640999, 0.0 ], [ 117.480406853458518, -0.470488519784099, 0.0 ], [ 117.48052110395075, -0.4722119674627, 0.0 ], [ 117.484572861927248, -0.47341810116865, 0.0 ], [ 117.48189098656843, -0.476577955283099, 0.0 ], [ 117.477668014020963, -0.47519948726095, 0.0 ], [ 117.476640938180068, -0.476808117527642, 0.0 ], [ 117.472132747368192, -0.477095673334529, 0.0 ], [ 117.472931867886061, -0.479968044196555, 0.0 ], [ 117.470306957386256, -0.481806581433425, 0.0 ], [ 117.468595343135021, -0.487149418412645, 0.0 ], [ 117.467796346420144, -0.486115399071289, 0.0 ], [ 117.466426890579754, -0.488011298930594, 0.0 ], [ 117.461290903672747, -0.487494617825693, 0.0 ], [ 117.460435103917021, -0.490309660318465, 0.0 ], [ 117.45825003612245, -0.48847417353797, 0.0 ] ] ] ] } },
{ "type": "Feature", "properties": { "FIDcopy": 92.0, "Provinsi": "Kalimantan Timur", "Kab_Kota": "Kutai Kartanegara", "Kecamatan": "Muara Badak", "Kel_Desa": "Saliki", "Kodetxt": "KT93", "percentFC": 0, "Nama_Lemba": "KTH Maccini Baji Taddutan", "No_SK_Izin": "SK.2825/MENLHK-PSKL/PKPS/PSL.0/3/2022", "Luas_Izin": "522", "Luas_Pol": 522.39753425799995, "Keterangan": null, "Skema_PS": "HKM", "Fungsi_Kaw": "HP", "KPH": "KPHP Delta Mahakam", "Shape_Leng": 13032.9687579, "Shape_Area": 5223975.3944100002, "kode": 0.0 }, "geometry": { "type": "MultiPolygon", "coordinates": [ [ [ [ 117.481671558102633, -0.453164563921574, 0.0 ], [ 117.480096154581773, -0.452995623512534, 0.0 ], [ 117.480744518918243, -0.453939817033334, 0.0 ], [ 117.472448752642009, -0.463049707652698, 0.0 ], [ 117.47079071746704, -0.473755354759689, 0.0 ], [ 117.465830656822405, -0.474457085835695, 0.0 ], [ 117.463071594215521, -0.476603257435572, 0.0 ], [ 117.465194510066169, -0.483250096141358, 0.0 ], [ 117.456216400560649, -0.481979891606819, 0.0 ], [ 117.455835598971206, -0.476522292129751, 0.0 ], [ 117.450699332510638, -0.471639490255027, 0.0 ], [ 117.458402681406625, -0.462830188227262, 0.0 ], [ 117.460684756916393, -0.45402124641303, 0.0 ], [ 117.472002939276038, -0.455935463553423, 0.0 ], [ 117.471051681503383, -0.453446088556683, 0.0 ], [ 117.475807218832784, -0.454307503469759, 0.0 ], [ 117.476567865003858, -0.450764794396153, 0.0 ], [ 117.481671558102633, -0.453164563921574, 0.0 ] ] ] ] } },
{ "type": "Feature", "properties": { "FIDcopy": 93.0, "Provinsi": "Kalimantan Timur", "Kab_Kota": "Kutai Kartanegara", "Kecamatan": "Muara Badak", "Kel_Desa": "Muara Badak Ulu", "Kodetxt": "KT94", "percentFC": 0, "Nama_Lemba": "KTH Kadutan Keramat Jaya", "No_SK_Izin": "SK.3900/MENLHK-PSKL/PKPS/PSL.0/4/2022", "Luas_Izin": "360", "Luas_Pol": 359.47990443600003, "Keterangan": null, "Skema_PS": "HKM", "Fungsi_Kaw": "HP", "KPH": "KPHP Delta Mahakam", "Shape_Leng": 15678.8399322, "Shape_Area": 3594799.0975700002, "kode": 0.0 }, "geometry": { "type": "MultiPolygon", "coordinates": [ [ [ [ 117.524759481085241, -0.402799987942391, 0.0 ], [ 117.522471085154862, -0.405104045378685, 0.0 ], [ 117.522471231758942, -0.408515320776777, 0.0 ], [ 117.519711233390908, -0.407205547369057, 0.0 ], [ 117.517500033644239, -0.40829720630811, 0.0 ], [ 117.518210081045765, -0.410335018915374, 0.0 ], [ 117.515364172942796, -0.411370263557094, 0.0 ], [ 117.513780313569953, -0.406602166067172, 0.0 ], [ 117.510834262211119, -0.408705996547843, 0.0 ], [ 117.503727803453828, -0.408409943412517, 0.0 ], [ 117.500809499935571, -0.403386760154892, 0.0 ], [ 117.503115769615633, -0.401519546444698, 0.0 ], [ 117.515028167157851, -0.402500206493776, 0.0 ], [ 117.522475406416447, -0.398262930805004, 0.0 ], [ 117.524759481085241, -0.402799987942391, 0.0 ] ] ], [ [ [ 117.494769906607871, -0.395191788894235, 0.0 ], [ 117.487619668770449, -0.404772026700685, 0.0 ], [ 117.480469276394999, -0.402673278956351, 0.0 ], [ 117.48959270011882, -0.391483470460831, 0.0 ], [ 117.492779968261971, -0.394892551797093, 0.0 ], [ 117.494769906607871, -0.395191788894235, 0.0 ] ] ], [ [ [ 117.494692172833496, -0.381881291391882, 0.0 ], [ 117.485628594276648, -0.386581414182989, 0.0 ], [ 117.485727940346052, -0.377341782345703, 0.0 ], [ 117.494692172833496, -0.381881291391882, 0.0 ] ] ] ] } },
{ "type": "Feature", "properties": { "FIDcopy": 94.0, "Provinsi": "Kalimantan Timur", "Kab_Kota": "Kutai Kartanegara", "Kecamatan": "Muara Badak", "Kel_Desa": "Salo Palai", "Kodetxt": "KT95", "percentFC": 0, "Nama_Lemba": "KTH Baba Gusung", "No_SK_Izin": "SK.4011/MENLHK-PSKL/PKPS/PSL.0/5/2022", "Luas_Izin": "21,3", "Luas_Pol": 21.30752892, "Keterangan": null, "Skema_PS": "HKM", "Fungsi_Kaw": "HP", "KPH": "KPHP Delta Mahakam", "Shape_Leng": 3007.4165793100001, "Shape_Area": 213075.284097, "kode": 0.0 }, "geometry": { "type": "MultiPolygon", "coordinates": [ [ [ [ 117.44390286402313, -0.407314830668557, 0.0 ], [ 117.442896564076307, -0.409096513063963, 0.0 ], [ 117.442311555847965, -0.407538246680576, 0.0 ], [ 117.439958639883614, -0.408486300888431, 0.0 ], [ 117.438901177683064, -0.407212010872569, 0.0 ], [ 117.44299606186992, -0.404989768888196, 0.0 ], [ 117.44390286402313, -0.407314830668557, 0.0 ] ] ], [ [ [ 117.435765912414368, -0.399284427766718, 0.0 ], [ 117.439716812907378, -0.399811580687963, 0.0 ], [ 117.437120380300286, -0.401360173441365, 0.0 ], [ 117.435765912414368, -0.399284427766718, 0.0 ] ] ] ] } },
{ "type": "Feature", "properties": { "FIDcopy": 95.0, "Provinsi": "Kalimantan Timur", "Kab_Kota": "Kutai Kartanegara", "Kecamatan": "Muara Jawa", "Kel_Desa": "Muara Kembang", "Kodetxt": "KT96", "percentFC": 0, "Nama_Lemba": "Gapoktanhut Lestari Alam Mandiri", "No_SK_Izin": "SK.2822/MENLHK-PSKL/PKPS/PSL.0/3/2022", "Luas_Izin": "716", "Luas_Pol": 716.32562463700003, "Keterangan": null, "Skema_PS": "HKM", "Fungsi_Kaw": "HP", "KPH": "KPHP Delta Mahakam", "Shape_Leng": 39182.974701200001, "Shape_Area": 7163256.137769999, "kode": 0.0 }, "geometry": { "type": "MultiPolygon", "coordinates": [ [ [ [ 117.385514931124732, -0.882360061156932, 0.0 ], [ 117.383591136132878, -0.882776467174005, 0.0 ], [ 117.383392452052831, -0.881507024788801, 0.0 ], [ 117.385514931124732, -0.882360061156932, 0.0 ] ] ], [ [ [ 117.386746817336942, -0.880607093257509, 0.0 ], [ 117.387488019459894, -0.881838463239991, 0.0 ], [ 117.385432403043453, -0.882286992830171, 0.0 ], [ 117.386746817336942, -0.880607093257509, 0.0 ] ] ], [ [ [ 117.34977463418322, -0.879774386691659, 0.0 ], [ 117.350126952938851, -0.883824532003309, 0.0 ], [ 117.348281706025276, -0.884561973037661, 0.0 ], [ 117.34795796360946, -0.880942695216437, 0.0 ], [ 117.34977463418322, -0.879774386691659, 0.0 ] ] ], [ [ [ 117.385720397409926, -0.878922174206214, 0.0 ], [ 117.383082050742999, -0.880027195685921, 0.0 ], [ 117.383366158189801, -0.878578104996325, 0.0 ], [ 117.385720397409926, -0.878922174206214, 0.0 ] ] ], [ [ [ 117.389374147030551, -0.87705397363136, 0.0 ], [ 117.390678420068738, -0.87892667572265, 0.0 ], [ 117.388966375109661, -0.879837423633097, 0.0 ], [ 117.388087291222419, -0.878040795757577, 0.0 ], [ 117.389374147030551, -0.87705397363136, 0.0 ] ] ], [ [ [ 117.385183494681627, -0.875810222154443, 0.0 ], [ 117.38257798522082, -0.87732712855216, 0.0 ], [ 117.382405474668701, -0.874489621614105, 0.0 ], [ 117.385183494681627, -0.875810222154443, 0.0 ] ] ], [ [ [ 117.354130814053121, -0.876775437777054, 0.0 ], [ 117.352190471719808, -0.877733110419455, 0.0 ], [ 117.351971434922945, -0.874918115056044, 0.0 ], [ 117.35394982525483, -0.873979588604859, 0.0 ], [ 117.354130814053121, -0.876775437777054, 0.0 ] ] ], [ [ [ 117.3883301312285, -0.871438165470668, 0.0 ], [ 117.390015383783222, -0.871981873635268, 0.0 ], [ 117.3892812585743, -0.874571498340969, 0.0 ], [ 117.385930978209814, -0.87485584275199, 0.0 ], [ 117.385060167456118, -0.872470255774249, 0.0 ], [ 117.387838058789683, -0.872964531052797, 0.0 ], [ 117.3883301312285, -0.871438165470668, 0.0 ] ] ], [ [ [ 117.389967603433561, -0.867264038013816, 0.0 ], [ 117.39068372536056, -0.869289530068784, 0.0 ], [ 117.387918316223249, -0.871131247856314, 0.0 ], [ 117.387136721404275, -0.868348162259618, 0.0 ], [ 117.389698366692897, -0.868362087683016, 0.0 ], [ 117.389967603433561, -0.867264038013816, 0.0 ] ] ], [ [ [ 117.386375870316471, -0.866925352039189, 0.0 ], [ 117.38723982222173, -0.870130039227502, 0.0 ], [ 117.384337802025058, -0.87053252532279, 0.0 ], [ 117.384175934700394, -0.867550319500595, 0.0 ], [ 117.386375870316471, -0.866925352039189, 0.0 ] ] ], [ [ [ 117.388923871329183, -0.865145067715328, 0.0 ], [ 117.389679809532822, -0.868286618848195, 0.0 ], [ 117.387120461586889, -0.868299942972423, 0.0 ], [ 117.386452880183512, -0.866853706589285, 0.0 ], [ 117.388923871329183, -0.865145067715328, 0.0 ] ] ], [ [ [ 117.358842780719385, -0.864219923156651, 0.0 ], [ 117.360612018369594, -0.864516574890932, 0.0 ], [ 117.359879795227243, -0.866546520311784, 0.0 ], [ 117.358262720886941, -0.865981755545875, 0.0 ], [ 117.358842780719385, -0.864219923156651, 0.0 ] ] ], [ [ [ 117.384649066846876, -0.864711788944539, 0.0 ], [ 117.383740112826899, -0.864302520671478, 0.0 ], [ 117.384679285825939, -0.862361356957487, 0.0 ], [ 117.385381941336007, -0.862508407341238, 0.0 ], [ 117.384649066846876, -0.864711788944539, 0.0 ] ] ], [ [ [ 117.377478946458595, -0.865859114217818, 0.0 ], [ 117.380439335568497, -0.864981892568261, 0.0 ], [ 117.381392310273426, -0.866140690683033, 0.0 ], [ 117.379811179740258, -0.86728842357368, 0.0 ], [ 117.380992872430269, -0.87067611049264, 0.0 ], [ 117.37946027401415, -0.870689431396922, 0.0 ], [ 117.37902012689753, -0.868462124949249, 0.0 ], [ 117.376811665601565, -0.869225343083744, 0.0 ], [ 117.377078916655421, -0.866493488693194, 0.0 ], [ 117.374225232407369, -0.865237071783276, 0.0 ], [ 117.376451233833279, -0.861473929244189, 0.0 ], [ 117.37901002429723, -0.862507759484454, 0.0 ], [ 117.377478946458595, -0.865859114217818, 0.0 ] ] ], [ [ [ 117.358932821048441, -0.860785325054394, 0.0 ], [ 117.360912718359671, -0.863322479285926, 0.0 ], [ 117.358154210455126, -0.862646516105187, 0.0 ], [ 117.358932821048441, -0.860785325054394, 0.0 ] ] ], [ [ [ 117.384085748473396, -0.861220736833427, 0.0 ], [ 117.385985746929805, -0.860616353870127, 0.0 ], [ 117.386472346624785, -0.861948852294818, 0.0 ], [ 117.384085748473396, -0.861220736833427, 0.0 ] ] ], [ [ [ 117.384659675600403, -0.858625782828283, 0.0 ], [ 117.381622267628615, -0.86193991933251, 0.0 ], [ 117.380171985875663, -0.860878996056916, 0.0 ], [ 117.38347053899858, -0.85705801985408, 0.0 ], [ 117.384659675600403, -0.858625782828283, 0.0 ] ] ], [ [ [ 117.310935023688629, -0.788771670355892, 0.0 ], [ 117.315819921880475, -0.79249280967977, 0.0 ], [ 117.314992484168485, -0.793627500794143, 0.0 ], [ 117.312211753322188, -0.79038425054356, 0.0 ], [ 117.310022648750248, -0.791193267272054, 0.0 ], [ 117.310935023688629, -0.788771670355892, 0.0 ] ] ], [ [ [ 117.3411240729735, -0.782912485669286, 0.0 ], [ 117.344354738597048, -0.782883164981451, 0.0 ], [ 117.347259521108725, -0.785775004332593, 0.0 ], [ 117.352158603555864, -0.793785520777932, 0.0 ], [ 117.359818608037244, -0.814420604577198, 0.0 ], [ 117.353865940624232, -0.812025540434425, 0.0 ], [ 117.352800777764699, -0.813806562984008, 0.0 ], [ 117.350099406107589, -0.813462103513543, 0.0 ], [ 117.350099528336983, -0.81487918822625, 0.0 ], [ 117.348478709790683, -0.814881516375922, 0.0 ], [ 117.341313117249371, -0.806284618059955, 0.0 ], [ 117.334179054646881, -0.803340929421925, 0.0 ], [ 117.333244574077682, -0.793606195441373, 0.0 ], [ 117.336284926058838, -0.795232661426129, 0.0 ], [ 117.335619034608925, -0.794370974080514, 0.0 ], [ 117.338890715477248, -0.78998539874875, 0.0 ], [ 117.334008213235933, -0.786580196469908, 0.0 ], [ 117.338372658403429, -0.783441490868507, 0.0 ], [ 117.344339675121105, -0.790332662594243, 0.0 ], [ 117.34495562369014, -0.787060399403163, 0.0 ], [ 117.3411240729735, -0.782912485669286, 0.0 ] ] ], [ [ [ 117.304856804622773, -0.772942808032743, 0.0 ], [ 117.305763064908533, -0.776704496770703, 0.0 ], [ 117.305541941529711, -0.777042029213674, 0.0 ], [ 117.301325670774148, -0.774241663702312, 0.0 ], [ 117.301632340139022, -0.773071104298124, 0.0 ], [ 117.304856804622773, -0.772942808032743, 0.0 ] ] ] ] } },
{ "type": "Feature", "properties": { "FIDcopy": 96.0, "Provinsi": "Kalimantan Timur", "Kab_Kota": "Kutai Kartanegara", "Kecamatan": "Muara Jawa", "Kel_Desa": "Muara Kembang", "Kodetxt": "KT97", "percentFC": 0, "Nama_Lemba": "KTH SInar Nilam", "No_SK_Izin": "SK.3902/MENLHK-PSKL/PKPS/PSL.0/4/2022", "Luas_Izin": "616", "Luas_Pol": 616.25655204700001, "Keterangan": null, "Skema_PS": "HKM", "Fungsi_Kaw": "HP", "KPH": "KPHP Delta Mahakam", "Shape_Leng": 52867.101863999997, "Shape_Area": 6162565.5797199998, "kode": 0.0 }, "geometry": { "type": "MultiPolygon", "coordinates": [ [ [ [ 117.339105230184245, -0.782049741792901, 0.0 ], [ 117.341350319816343, -0.781201781435778, 0.0 ], [ 117.344471473094359, -0.782757446332848, 0.0 ], [ 117.3411240729735, -0.782912485669286, 0.0 ], [ 117.344675938893047, -0.786560349704449, 0.0 ], [ 117.345182838408348, -0.789483757728708, 0.0 ], [ 117.343017441877649, -0.790068021032155, 0.0 ], [ 117.337626421603218, -0.78290057509196, 0.0 ], [ 117.333007709464155, -0.786228929350125, 0.0 ], [ 117.331171855880882, -0.793971594404423, 0.0 ], [ 117.332249730411036, -0.801973778617979, 0.0 ], [ 117.332900382733797, -0.8044392100657, 0.0 ], [ 117.342912466167505, -0.809873212477166, 0.0 ], [ 117.345957777609769, -0.815256715078492, 0.0 ], [ 117.344733905553269, -0.8158257757743, 0.0 ], [ 117.341078511000546, -0.809948295694113, 0.0 ], [ 117.332065746700167, -0.805508684276436, 0.0 ], [ 117.331060849697849, -0.802821805571372, 0.0 ], [ 117.329716550289476, -0.79322904759293, 0.0 ], [ 117.330423603160128, -0.788387675365407, 0.0 ], [ 117.334917438013434, -0.782660320767685, 0.0 ], [ 117.337955824051733, -0.781112291911238, 0.0 ], [ 117.339105230184245, -0.782049741792901, 0.0 ] ] ], [ [ [ 117.302214052980617, -0.805180684244809, 0.0 ], [ 117.304250143580134, -0.803247872284334, 0.0 ], [ 117.304663988636662, -0.800299639973428, 0.0 ], [ 117.30281973246079, -0.797124738661294, 0.0 ], [ 117.302804506705613, -0.792892136644591, 0.0 ], [ 117.307570005435792, -0.794817644029248, 0.0 ], [ 117.305552698834958, -0.796638169735796, 0.0 ], [ 117.31024952509047, -0.798328655171343, 0.0 ], [ 117.306151201849048, -0.800690558787312, 0.0 ], [ 117.305696178827944, -0.803913579911991, 0.0 ], [ 117.303096032020505, -0.805963678806331, 0.0 ], [ 117.310304280690502, -0.824205646722445, 0.0 ], [ 117.312933248952163, -0.829066397686428, 0.0 ], [ 117.320319097372774, -0.83085109676013, 0.0 ], [ 117.3227714734454, -0.833613260385416, 0.0 ], [ 117.315969610607468, -0.834346296925607, 0.0 ], [ 117.309915968832428, -0.840225789729107, 0.0 ], [ 117.305297610801645, -0.831638951215845, 0.0 ], [ 117.301222943862257, -0.815456421237833, 0.0 ], [ 117.300547993799398, -0.804594898072928, 0.0 ], [ 117.2986822720069, -0.801543022224731, 0.0 ], [ 117.292432788733805, -0.798211394429034, 0.0 ], [ 117.291461215634953, -0.781823162035174, 0.0 ], [ 117.29758658030299, -0.774996737993398, 0.0 ], [ 117.298623745097302, -0.775863685904868, 0.0 ], [ 117.292729483384548, -0.782503133304947, 0.0 ], [ 117.293762004666334, -0.797976276048901, 0.0 ], [ 117.299802941601797, -0.800709347914484, 0.0 ], [ 117.302214052980617, -0.805180684244809, 0.0 ] ] ], [ [ [ 117.326151966428867, -0.77978468848849, 0.0 ], [ 117.328720247969031, -0.784225956204601, 0.0 ], [ 117.335103171917538, -0.779741521701714, 0.0 ], [ 117.336598483792983, -0.776344365279828, 0.0 ], [ 117.334246586427014, -0.772461170437183, 0.0 ], [ 117.33531694727067, -0.77135470793801, 0.0 ], [ 117.338292697021046, -0.775836938947073, 0.0 ], [ 117.336771546873635, -0.780566330309099, 0.0 ], [ 117.332136792079083, -0.782800310855256, 0.0 ], [ 117.329070724396715, -0.786555299093773, 0.0 ], [ 117.328096237087024, -0.798652038872158, 0.0 ], [ 117.326693926378013, -0.801313793290825, 0.0 ], [ 117.324269593048527, -0.801979231358826, 0.0 ], [ 117.321560043829834, -0.800553292297912, 0.0 ], [ 117.320347877925357, -0.797772709822768, 0.0 ], [ 117.32628987117613, -0.7903340488269, 0.0 ], [ 117.327977396974902, -0.784654039930605, 0.0 ], [ 117.326384943310899, -0.781350599735427, 0.0 ], [ 117.319896285974593, -0.779092851702457, 0.0 ], [ 117.323342642008086, -0.771939347557426, 0.0 ], [ 117.32381800255466, -0.767423841451802, 0.0 ], [ 117.325134383807381, -0.767267617875865, 0.0 ], [ 117.325092694353216, -0.770611688644746, 0.0 ], [ 117.321426723259449, -0.778451854907528, 0.0 ], [ 117.326151966428867, -0.77978468848849, 0.0 ] ], [ [ 117.323704400475137, -0.800424653833313, 0.0 ], [ 117.326653416277821, -0.79855222698601, 0.0 ], [ 117.326715410896284, -0.7910716499708, 0.0 ], [ 117.321038205486815, -0.798026448216845, 0.0 ], [ 117.323704400475137, -0.800424653833313, 0.0 ] ] ] ] } },
{ "type": "Feature", "properties": { "FIDcopy": 97.0, "Provinsi": "Kalimantan Timur", "Kab_Kota": "Kutai Kartanegara", "Kecamatan": "Muara Badak", "Kel_Desa": "Salo Palai", "Kodetxt": "KT98", "percentFC": 0, "Nama_Lemba": "KTH Pulau Harapan", "No_SK_Izin": "SK.8577/MENLHK-PSKL/PKPS/PSL.0/12/2021", "Luas_Izin": "525", "Luas_Pol": 525.07396505500003, "Keterangan": null, "Skema_PS": "HKM", "Fungsi_Kaw": "HP", "KPH": "KPHP Delta Mahakam", "Shape_Leng": 12382.8684687, "Shape_Area": 5250739.6233400004, "kode": 0.0 }, "geometry": { "type": "MultiPolygon", "coordinates": [ [ [ [ 117.43952178140546, -0.380599867420547, 0.0 ], [ 117.439878605235251, -0.382593069717018, 0.0 ], [ 117.443190814972326, -0.382693007214151, 0.0 ], [ 117.444332956098862, -0.385448422408473, 0.0 ], [ 117.446103275125296, -0.385990939553364, 0.0 ], [ 117.44651730052432, -0.384891628982748, 0.0 ], [ 117.466376894965634, -0.397733332054979, 0.0 ], [ 117.465922876281212, -0.400036660105881, 0.0 ], [ 117.463519620670908, -0.399418000547503, 0.0 ], [ 117.458213423011514, -0.401630898522894, 0.0 ], [ 117.458951055403077, -0.404034154411906, 0.0 ], [ 117.457573153721725, -0.405987896537578, 0.0 ], [ 117.454287312455122, -0.404907417079416, 0.0 ], [ 117.44905249792798, -0.408976295499363, 0.0 ], [ 117.446577858649391, -0.408928705962283, 0.0 ], [ 117.443770094448013, -0.404312551096987, 0.0 ], [ 117.438858887413474, -0.406801467473461, 0.0 ], [ 117.440619688128379, -0.404698024587288, 0.0 ], [ 117.439686939397461, -0.402775419190574, 0.0 ], [ 117.441171723410491, -0.399139602937624, 0.0 ], [ 117.439886814228089, -0.396912427362888, 0.0 ], [ 117.436133968228049, -0.395979635497356, 0.0 ], [ 117.439344775992168, -0.389739746415912, 0.0 ], [ 117.436246067409527, -0.382280892693054, 0.0 ], [ 117.43952178140546, -0.380599867420547, 0.0 ] ] ] ] } },
{ "type": "Feature", "properties": { "FIDcopy": 98.0, "Provinsi": "Kalimantan Timur", "Kab_Kota": "Kutai Kartanegara", "Kecamatan": "Muara Badak", "Kel_Desa": "Muara Badak Ulu", "Kodetxt": "KT99", "percentFC": 0, "Nama_Lemba": "KTH Muara Berau Biccu", "No_SK_Izin": "SK.8578/MENLHK-PSKL/PKPS/PSL.0/12/2021", "Luas_Izin": "825", "Luas_Pol": 824.73188268800004, "Keterangan": "Muara Biccu", "Skema_PS": "HKM", "Fungsi_Kaw": "HP", "KPH": "KPHP Delta Mahakam", "Shape_Leng": 23335.817902, "Shape_Area": 8247318.7754100002, "kode": 0.0 }, "geometry": { "type": "MultiPolygon", "coordinates": [ [ [ [ 117.517897943274505, -0.350070116330143, 0.0 ], [ 117.524971000244648, -0.351194999002499, 0.0 ], [ 117.517381840468431, -0.360727574717017, 0.0 ], [ 117.514465756484512, -0.360728797832125, 0.0 ], [ 117.505298926012969, -0.379142497044214, 0.0 ], [ 117.502202285578747, -0.38840921424044, 0.0 ], [ 117.495632888198315, -0.395780584386444, 0.0 ], [ 117.489605510441223, -0.391497026602802, 0.0 ], [ 117.498306337665667, -0.382658549388897, 0.0 ], [ 117.503851000770823, -0.370331999620323, 0.0 ], [ 117.510284999557413, -0.361849999718985, 0.0 ], [ 117.515092366018237, -0.351961275525959, 0.0 ], [ 117.517897943274505, -0.350070116330143, 0.0 ] ] ], [ [ [ 117.510099120381383, -0.350453537517578, 0.0 ], [ 117.51076504818451, -0.353637089553072, 0.0 ], [ 117.501659264536059, -0.368334783795882, 0.0 ], [ 117.497564275603665, -0.378874661110074, 0.0 ], [ 117.494692172833496, -0.381881291391882, 0.0 ], [ 117.48572793944733, -0.377341781441057, 0.0 ], [ 117.498414985038707, -0.351088671530232, 0.0 ], [ 117.507082000301395, -0.348610000231321, 0.0 ], [ 117.510099120381383, -0.350453537517578, 0.0 ] ] ] ] } },
{ "type": "Feature", "properties": { "FIDcopy": 99.0, "Provinsi": "Kalimantan Timur", "Kab_Kota": "Kutai Kartanegara", "Kecamatan": "Muara Badak", "Kel_Desa": "Muara Badak Ulu", "Kodetxt": "KT100", "percentFC": 0, "Nama_Lemba": "KTH Ramah lingkungan Salo Sumbala", "No_SK_Izin": "SK. 6352/MENLHK-PSKL/PKPS/PSL.0/10/2021", "Luas_Izin": "382", "Luas_Pol": 382.01470432299999, "Keterangan": null, "Skema_PS": "HKM", "Fungsi_Kaw": "HP", "KPH": "KPHP Delta Mahakam", "Shape_Leng": 19322.129938300001, "Shape_Area": 3820147.03106, "kode": 0.0 }, "geometry": { "type": "MultiPolygon", "coordinates": [ [ [ [ 117.476400529828439, -0.329404279536821, 0.0 ], [ 117.485024389994138, -0.328896321312424, 0.0 ], [ 117.482990069179465, -0.334329369763204, 0.0 ], [ 117.479719993108915, -0.332571589446192, 0.0 ], [ 117.464599925754143, -0.346153157732904, 0.0 ], [ 117.469599973272622, -0.359494561498014, 0.0 ], [ 117.466015411366669, -0.385553109431124, 0.0 ], [ 117.473505749088957, -0.384626268979327, 0.0 ], [ 117.470801885148575, -0.389967045830198, 0.0 ], [ 117.461276046003391, -0.387979041175428, 0.0 ], [ 117.467373763397774, -0.375029530059882, 0.0 ], [ 117.465059135651188, -0.362364649986652, 0.0 ], [ 117.458412300176349, -0.353961305890985, 0.0 ], [ 117.458843000837817, -0.35093799985289, 0.0 ], [ 117.464078999913582, -0.340698998813272, 0.0 ], [ 117.472820375147492, -0.331381643302982, 0.0 ], [ 117.476400529828439, -0.329404279536821, 0.0 ] ] ] ] } },
{ "type": "Feature", "properties": { "FIDcopy": 100.0, "Provinsi": "Kalimantan Timur", "Kab_Kota": "Kutai Timur", "Kecamatan": "Karangan", "Kel_Desa": "Karangan Hilir", "Kodetxt": "KT101", "percentFC": 0, "Nama_Lemba": "KTH Rimba Perkasa", "No_SK_Izin": "SK.4495/MENLHK-PSKL/PKPS/PSL.0/5/2022", "Luas_Izin": "110", "Luas_Pol": 110.20440533, "Keterangan": null, "Skema_PS": "HKM", "Fungsi_Kaw": "HL/HP/HPK", "KPH": "KPHP Bengalon", "Shape_Leng": 5015.0163698799997, "Shape_Area": 1102044.0081499999, "kode": 0.0 }, "geometry": { "type": "MultiPolygon", "coordinates": [ [ [ [ 117.677721422429656, 1.451272914232162, 0.0 ], [ 117.688606302848825, 1.45126952362743, 0.0 ], [ 117.688287594359466, 1.445052467086943, 0.0 ], [ 117.670007959302808, 1.44531640448803, 0.0 ], [ 117.677721422429656, 1.451272914232162, 0.0 ] ] ] ] } },
{ "type": "Feature", "properties": { "FIDcopy": 101.0, "Provinsi": "Kalimantan Timur", "Kab_Kota": "Balikpapan", "Kecamatan": "Balikpapan Utara", "Kel_Desa": "Karang Joang", "Kodetxt": "KT102", "percentFC": 0, "Nama_Lemba": "Gapoktanhut Mitra Wana Lestari", "No_SK_Izin": "SK.5118/MENLHK-PSKL/PKPS/PSL.0/6/2022", "Luas_Izin": "497", "Luas_Pol": 496.68545067299999, "Keterangan": "Sungai Manggar", "Skema_PS": "HKM", "Fungsi_Kaw": "HL", "KPH": "KPHL Balikpapan", "Shape_Leng": 23932.049685499998, "Shape_Area": 4966854.5413600001, "kode": 0.0 }, "geometry": { "type": "MultiPolygon", "coordinates": [ [ [ [ 116.919485287440295, -1.161526975202461, 0.0 ], [ 116.923645219782472, -1.166047951570937, 0.0 ], [ 116.922027186654319, -1.165984499161373, 0.0 ], [ 116.922547495062418, -1.169778946711047, 0.0 ], [ 116.920907252986154, -1.170794183174877, 0.0 ], [ 116.921223721958512, -1.172337660434914, 0.0 ], [ 116.920550222492793, -1.170843517714888, 0.0 ], [ 116.922068853498175, -1.168294162788522, 0.0 ], [ 116.921212246975116, -1.1656989635652, 0.0 ], [ 116.917150243170255, -1.16217418946315, 0.0 ], [ 116.919485287440295, -1.161526975202461, 0.0 ] ] ], [ [ [ 116.901319689042552, -1.157740486076945, 0.0 ], [ 116.895768543584907, -1.152021892016585, 0.0 ], [ 116.903815129883654, -1.141980312179218, 0.0 ], [ 116.911833319491123, -1.144489672053129, 0.0 ], [ 116.914131878194439, -1.146649429855655, 0.0 ], [ 116.91271054726289, -1.151319518666575, 0.0 ], [ 116.910718938663635, -1.151405179447258, 0.0 ], [ 116.910909294858925, -1.154165354279076, 0.0 ], [ 116.907281031629992, -1.161415960670984, 0.0 ], [ 116.914488211560851, -1.167828291694642, 0.0 ], [ 116.913853688784712, -1.16986669713376, 0.0 ], [ 116.916620757863541, -1.170750125563499, 0.0 ], [ 116.915154460465416, -1.175117373750299, 0.0 ], [ 116.913361933607817, -1.173340709637234, 0.0 ], [ 116.913881713850955, -1.171502972865826, 0.0 ], [ 116.910544122691618, -1.168711071731896, 0.0 ], [ 116.907075059567404, -1.168737492198191, 0.0 ], [ 116.906923074330322, -1.170505266393623, 0.0 ], [ 116.904661501803346, -1.169195032225011, 0.0 ], [ 116.901655174573662, -1.170085518665262, 0.0 ], [ 116.901625755441017, -1.167977908980425, 0.0 ], [ 116.895287715265809, -1.168038435402157, 0.0 ], [ 116.895308369587752, -1.162746247232561, 0.0 ], [ 116.899639330316845, -1.164983763622527, 0.0 ], [ 116.90323780109199, -1.16163691496367, 0.0 ], [ 116.899803328956395, -1.161026874213701, 0.0 ], [ 116.901319689042552, -1.157740486076945, 0.0 ] ], [ [ 116.902200089738926, -1.15880648524437, 0.0 ], [ 116.902275507591156, -1.158878310468239, 0.0 ], [ 116.902104911423109, -1.158630405002864, 0.0 ], [ 116.902200089738926, -1.15880648524437, 0.0 ] ], [ [ 116.902537973387098, -1.159225270357402, 0.0 ], [ 116.902823199066589, -1.159523004852883, 0.0 ], [ 116.902399964537764, -1.158996842078891, 0.0 ], [ 116.902537973387098, -1.159225270357402, 0.0 ] ] ], [ [ [ 116.89320221157115, -1.143504871837177, 0.0 ], [ 116.900854782261064, -1.144931147063609, 0.0 ], [ 116.8947193129722, -1.152426500113172, 0.0 ], [ 116.893823306996694, -1.149356624085091, 0.0 ], [ 116.889166447241479, -1.147272825821844, 0.0 ], [ 116.891397323602718, -1.138775932289106, 0.0 ], [ 116.89320221157115, -1.143504871837177, 0.0 ] ] ] ] } },
{ "type": "Feature", "properties": { "FIDcopy": 102.0, "Provinsi": "Kalimantan Timur", "Kab_Kota": "Kutai Kartanegara", "Kecamatan": "Anggana", "Kel_Desa": "Handil Terusan", "Kodetxt": "KT103", "percentFC": 92, "Nama_Lemba": "LPHD Handil Terusan", "No_SK_Izin": "SK.7587/MENLHK-PSKL/PKPS/PSL.0/11/2021", "Luas_Izin": "1.148", "Luas_Pol": 1148.5894038900001, "Keterangan": null, "Skema_PS": "HD", "Fungsi_Kaw": "HP", "KPH": "KPHP Delta Mahakam", "Shape_Leng": 33813.693004399996, "Shape_Area": 11485894.0765, "kode": 102.0 }, "geometry": { "type": "MultiPolygon", "coordinates": [ [ [ [ 117.379391660087947, -0.575392384037649, 0.0 ], [ 117.381418612185257, -0.573362375770551, 0.0 ], [ 117.385346726978696, -0.572883366570082, 0.0 ], [ 117.383140216693661, -0.574367620960355, 0.0 ], [ 117.379391660087947, -0.575392384037649, 0.0 ] ] ], [ [ [ 117.372868271243647, -0.567539904007017, 0.0 ], [ 117.376513931074285, -0.575849705502938, 0.0 ], [ 117.373137245577666, -0.573426217798481, 0.0 ], [ 117.372238815907465, -0.575622710192882, 0.0 ], [ 117.373622112300112, -0.576756847282917, 0.0 ], [ 117.371768210241143, -0.576383586998279, 0.0 ], [ 117.372286865062378, -0.57903769425602, 0.0 ], [ 117.370470479594189, -0.577589504063273, 0.0 ], [ 117.371459130876644, -0.57977300416926, 0.0 ], [ 117.370285234055558, -0.580790755261399, 0.0 ], [ 117.362181764525886, -0.583031808207212, 0.0 ], [ 117.35485794781458, -0.581136448018167, 0.0 ], [ 117.348586507686562, -0.575960354933148, 0.0 ], [ 117.368891633161596, -0.569971382219994, 0.0 ], [ 117.372868271243647, -0.567539904007017, 0.0 ] ] ], [ [ [ 117.415362115705605, -0.545879021197913, 0.0 ], [ 117.412256992853827, -0.549886303769936, 0.0 ], [ 117.408419159226966, -0.548842912440317, 0.0 ], [ 117.40726831715854, -0.549010551414106, 0.0 ], [ 117.405770480057953, -0.551605436113894, 0.0 ], [ 117.403573284298062, -0.549953924559533, 0.0 ], [ 117.40190405733216, -0.549767328794415, 0.0 ], [ 117.401209775539655, -0.550284417440495, 0.0 ], [ 117.400510822238886, -0.552079748832839, 0.0 ], [ 117.396159529480727, -0.553315198617365, 0.0 ], [ 117.394633069310416, -0.554646205653272, 0.0 ], [ 117.393410815424829, -0.553684014589926, 0.0 ], [ 117.391865230728953, -0.553483046003434, 0.0 ], [ 117.394832819211885, -0.554871201487074, 0.0 ], [ 117.400268320858245, -0.552596806971036, 0.0 ], [ 117.402103807612718, -0.549987536589778, 0.0 ], [ 117.405727709946518, -0.552050669228311, 0.0 ], [ 117.407349179197013, -0.549254703811055, 0.0 ], [ 117.408224199803001, -0.549125382733176, 0.0 ], [ 117.409099239634415, -0.549307244683692, 0.0 ], [ 117.411315411312643, -0.550269362412888, 0.0 ], [ 117.41300839625471, -0.550192646754093, 0.0 ], [ 117.415205335348929, -0.548114754882481, 0.0 ], [ 117.415728364975877, -0.546874778198732, 0.0 ], [ 117.415200282210307, -0.543767781898209, 0.0 ], [ 117.41979850694311, -0.548711607336057, 0.0 ], [ 117.419437277213703, -0.551507483290657, 0.0 ], [ 117.417097700430404, -0.553977954122873, 0.0 ], [ 117.406635743151057, -0.559091650957586, 0.0 ], [ 117.394614148033426, -0.567614098019743, 0.0 ], [ 117.386236517542486, -0.572205801686346, 0.0 ], [ 117.382301214777982, -0.572722714454536, 0.0 ], [ 117.377969972517121, -0.575162132463992, 0.0 ], [ 117.377026368747067, -0.574118451318285, 0.0 ], [ 117.373751802810958, -0.566818640766678, 0.0 ], [ 117.380504347835569, -0.561194197059926, 0.0 ], [ 117.38555533432735, -0.552994103809253, 0.0 ], [ 117.391982581524275, -0.548133085468577, 0.0 ], [ 117.397204039354492, -0.545231559224954, 0.0 ], [ 117.413128257786738, -0.540812837478917, 0.0 ], [ 117.415362115705605, -0.545879021197913, 0.0 ] ], [ [ 117.40901809076675, -0.552226587016291, 0.0 ], [ 117.410380489625481, -0.55012434295867, 0.0 ], [ 117.407984136756852, -0.54920889377644, 0.0 ], [ 117.407107145807046, -0.551731298505838, 0.0 ], [ 117.408511832118108, -0.55051819797275, 0.0 ], [ 117.40901809076675, -0.552226587016291, 0.0 ] ] ] ] } },
{ "type": "Feature", "properties": { "FIDcopy": 103.0, "Provinsi": "Kalimantan Timur", "Kab_Kota": "Kutai Kartanegara", "Kecamatan": "Tabang", "Kel_Desa": "Muara Kebaq", "Kodetxt": "KT104", "percentFC": 100, "Nama_Lemba": "LD Tanoq Ikun TA", "No_SK_Izin": "SK.5112/MENLHK-PSKL/PKPS/PSL.0/6/2022", "Luas_Izin": "4.864", "Luas_Pol": 4863.8203575400003, "Keterangan": null, "Skema_PS": "HD", "Fungsi_Kaw": "HL", "KPH": "KPHP Sub DAS Belayan", "Shape_Leng": 35265.850699499999, "Shape_Area": 48638203.776199996, "kode": 103.0 }, "geometry": { "type": "MultiPolygon", "coordinates": [ [ [ [ 115.675331116176693, 0.718697368854607, 0.0 ], [ 115.676734923589237, 0.713386833654464, 0.0 ], [ 115.674804686827571, 0.714040696562884, 0.0 ], [ 115.676147461351448, 0.711481273198541, 0.0 ], [ 115.674652099779834, 0.709034561696473, 0.0 ], [ 115.676612854379059, 0.703566134194065, 0.0 ], [ 115.672676086090206, 0.703836678749247, 0.0 ], [ 115.673538209297902, 0.700386524152231, 0.0 ], [ 115.677185059107828, 0.695549547607076, 0.0 ], [ 115.68254852259534, 0.695459425121573, 0.0 ], [ 115.684173583804423, 0.696812451190557, 0.0 ], [ 115.688148498759858, 0.694444775824373, 0.0 ], [ 115.68701934821965, 0.687194765146675, 0.0 ], [ 115.689605713311053, 0.685695231039423, 0.0 ], [ 115.689872743152819, 0.683011711118422, 0.0 ], [ 115.692977906257624, 0.685503541892019, 0.0 ], [ 115.692153931113452, 0.679674267681178, 0.0 ], [ 115.695266724144602, 0.677476585215785, 0.0 ], [ 115.693641663560982, 0.673349857099339, 0.0 ], [ 115.694305420850725, 0.669087826683914, 0.0 ], [ 115.690391541596497, 0.665536106046355, 0.0 ], [ 115.690933228370795, 0.663653135439328, 0.0 ], [ 115.688400268863802, 0.662683487104196, 0.0 ], [ 115.68705749631016, 0.658973932194327, 0.0 ], [ 115.686012269002347, 0.660574973236565, 0.0 ], [ 115.682800293035143, 0.660112679128444, 0.0 ], [ 115.678085327631166, 0.663495243197164, 0.0 ], [ 115.675880432818957, 0.662615775848718, 0.0 ], [ 115.675987244162982, 0.6576998234116, 0.0 ], [ 115.674316405670382, 0.656662463681818, 0.0 ], [ 115.669448854280006, 0.666009544993671, 0.0 ], [ 115.662437439799291, 0.660552323335608, 0.0 ], [ 115.658607483171266, 0.663066625622006, 0.0 ], [ 115.654945375209294, 0.662818551392657, 0.0 ], [ 115.654632567993588, 0.658421278092191, 0.0 ], [ 115.643051146910238, 0.657586873185893, 0.0 ], [ 115.640144348915243, 0.661442875731437, 0.0 ], [ 115.636398314745009, 0.663596331869704, 0.0 ], [ 115.635307312784605, 0.667226851267566, 0.0 ], [ 115.608399317967653, 0.672725713226279, 0.0 ], [ 115.60846727847705, 0.684463688312672, 0.0 ], [ 115.614914671083525, 0.707582583086906, 0.0 ], [ 115.673445680601446, 0.726763887787118, 0.0 ], [ 115.677528381111159, 0.722316741854861, 0.0 ], [ 115.675331116176693, 0.718697368854607, 0.0 ] ] ] ] } },
{ "type": "Feature", "properties": { "FIDcopy": 104.0, "Provinsi": "Kalimantan Timur", "Kab_Kota": "Kutai Kartanegara", "Kecamatan": "Kenohan", "Kel_Desa": "Semayang", "Kodetxt": "KT105", "percentFC": 75, "Nama_Lemba": "LPHD Semayang", "No_SK_Izin": "SK.5109/MENLHK-PSKL/PKPS/PSL.0/6/2022", "Luas_Izin": "2.456", "Luas_Pol": 2456.03828548, "Keterangan": null, "Skema_PS": "HD", "Fungsi_Kaw": "HP", "KPH": "KPHP Sub DAS Belayan", "Shape_Leng": 26534.1318445, "Shape_Area": 24560382.832700003, "kode": 104.0 }, "geometry": { "type": "MultiPolygon", "coordinates": [ [ [ [ 116.423858642417699, -0.187431007311129, 0.0 ], [ 116.421836853052852, -0.189944282449701, 0.0 ], [ 116.42243194585717, -0.187311277416817, 0.0 ], [ 116.420906067431403, -0.186315357891121, 0.0 ], [ 116.423858642417699, -0.187431007311129, 0.0 ] ] ], [ [ [ 116.412357319159824, -0.168569685860175, 0.0 ], [ 116.426049133910908, -0.183941161019261, 0.0 ], [ 116.420268788618642, -0.184034267626474, 0.0 ], [ 116.414802155784145, -0.188312478581716, 0.0 ], [ 116.409216683445308, -0.201028272175066, 0.0 ], [ 116.407315244902847, -0.219923682315503, 0.0 ], [ 116.409215581473802, -0.231355205313906, 0.0 ], [ 116.34980555532033, -0.170583333095816, 0.0 ], [ 116.410262456331282, -0.170668381823466, 0.0 ], [ 116.412357319159824, -0.168569685860175, 0.0 ] ] ] ] } },
{ "type": "Feature", "properties": { "FIDcopy": 105.0, "Provinsi": "Kalimantan Timur", "Kab_Kota": "Kutai Timur", "Kecamatan": "Bengalon", "Kel_Desa": "Keraitan", "Kodetxt": "KT106", "percentFC": 0, "Nama_Lemba": "Koperasi Produsen Sumber Keraitan Lestari", "No_SK_Izin": "SK.8010/MENLHK-PSKL/PKPS/PSL.0/10/2022", "Luas_Izin": "2.296", "Luas_Pol": 2296.53755439, "Keterangan": null, "Skema_PS": "HKM", "Fungsi_Kaw": "HPT", "KPH": "KPHP Bengalon", "Shape_Leng": 34945.772918499999, "Shape_Area": 22965375.581300002, "kode": 0.0 }, "geometry": { "type": "MultiPolygon", "coordinates": [ [ [ [ 117.625406245412051, 0.984816004527221, 0.0 ], [ 117.616495232613318, 0.975274300556687, 0.0 ], [ 117.608299984206312, 0.956733430333216, 0.0 ], [ 117.60833314107046, 0.983333466607813, 0.0 ], [ 117.603750148757584, 0.983333477174162, 0.0 ], [ 117.603750183518756, 1.005615645293332, 0.0 ], [ 117.6198062758655, 0.99228611720258, 0.0 ], [ 117.625406245412051, 0.984816004527221, 0.0 ] ] ], [ [ [ 117.583300002442826, 1.000369567723122, 0.0 ], [ 117.538710564179283, 1.000000000021498, 0.0 ], [ 117.521844959573073, 0.97625417516286, 0.0 ], [ 117.517728193443261, 0.989218193169829, 0.0 ], [ 117.522780296220418, 1.002869460480474, 0.0 ], [ 117.546733425626812, 1.014193784886099, 0.0 ], [ 117.555489820406748, 1.029172429248604, 0.0 ], [ 117.578370569992813, 1.026698732972364, 0.0 ], [ 117.583300004777257, 1.022601859935379, 0.0 ], [ 117.583300002442826, 1.000369567723122, 0.0 ] ] ] ] } },
{ "type": "Feature", "properties": { "FIDcopy": 106.0, "Provinsi": "Kalimantan Timur", "Kab_Kota": "Mahakam Ulu", "Kecamatan": "Long Apari", "Kel_Desa": "Tiong Ohang", "Kodetxt": "KT107", "percentFC": 91, "Nama_Lemba": "LPHD Tiong Ohang", "No_SK_Izin": "SK.8170/MENLHK-PSKL/PKPS/PSL.0/10/2022", "Luas_Izin": "4.967", "Luas_Pol": 4966.6447779199998, "Keterangan": null, "Skema_PS": "HD", "Fungsi_Kaw": "HPT", "KPH": "KPHP Batu Ayau", "Shape_Leng": 27951.9759448, "Shape_Area": 49666447.362000003, "kode": 106.0 }, "geometry": { "type": "MultiPolygon", "coordinates": [ [ [ [ 114.186476694315672, 0.714810976259342, 0.0 ], [ 114.200498996477279, 0.730047659830906, 0.0 ], [ 114.200633202549994, 0.735042779774642, 0.0 ], [ 114.237458374777233, 0.75315347400316, 0.0 ], [ 114.261999375055282, 0.739933683075303, 0.0 ], [ 114.266276253414247, 0.691494313055223, 0.0 ], [ 114.256085806897389, 0.68711619462225, 0.0 ], [ 114.237423907696183, 0.675274120782306, 0.0 ], [ 114.229345233557908, 0.675489279518334, 0.0 ], [ 114.201877026867422, 0.69994890889426, 0.0 ], [ 114.203194477350948, 0.70155338561383, 0.0 ], [ 114.201989319604976, 0.706174233716923, 0.0 ], [ 114.197540282585194, 0.707538842927981, 0.0 ], [ 114.186851501910539, 0.70686560890339, 0.0 ], [ 114.186476694315672, 0.714810976259342, 0.0 ] ] ] ] } },
{ "type": "Feature", "properties": { "FIDcopy": 107.0, "Provinsi": "Kalimantan Timur", "Kab_Kota": "Kutai Kartanegara", "Kecamatan": "Tabang", "Kel_Desa": "Muara Belinau", "Kodetxt": "KT108", "percentFC": 100, "Nama_Lemba": "LD Pekatoq Tanoq", "No_SK_Izin": "SK.6397/MENLHK-PSKL/PKPS/PSL.0/8/2022", "Luas_Izin": "4.818", "Luas_Pol": 4817.8163213899998, "Keterangan": null, "Skema_PS": "HD", "Fungsi_Kaw": "HL", "KPH": "KPHP Sub DAS Belayan", "Shape_Leng": 31246.349047399999, "Shape_Area": 48178163.082299992, "kode": 107.0 }, "geometry": { "type": "MultiPolygon", "coordinates": [ [ [ [ 116.055410563619375, 0.891874705026115, 0.0 ], [ 116.040116517973772, 0.888109348589127, 0.0 ], [ 116.036472252328849, 0.871654822799733, 0.0 ], [ 116.027919023952506, 0.868041258564516, 0.0 ], [ 116.031537243447147, 0.861537397168594, 0.0 ], [ 116.025635842346674, 0.849734635814737, 0.0 ], [ 116.013623426668673, 0.835825443130292, 0.0 ], [ 116.004858281286587, 0.83478196390703, 0.0 ], [ 115.993933639215811, 0.829057066916543, 0.0 ], [ 115.982592771067559, 0.840835365379816, 0.0 ], [ 115.984521718720089, 0.86267603248391, 0.0 ], [ 115.989212912326735, 0.888759995355864, 0.0 ], [ 115.999564271479443, 0.913035266438191, 0.0 ], [ 116.061647343319663, 0.908955907842905, 0.0 ], [ 116.066565750237132, 0.89937134891671, 0.0 ], [ 116.055410563619375, 0.891874705026115, 0.0 ] ] ] ] } },
{ "type": "Feature", "properties": { "FIDcopy": 108.0, "Provinsi": "Kalimantan Timur", "Kab_Kota": "Kutai Kartanegara", "Kecamatan": "Tabang", "Kel_Desa": "Muara Tiq", "Kodetxt": "KT109", "percentFC": 100, "Nama_Lemba": "LPHD Nyoho Buhaq", "No_SK_Izin": "SK.5153/MENLHK-PSKL/PKPS/PSL.0/6/2022", "Luas_Izin": "4.928", "Luas_Pol": 4927.5373152599996, "Keterangan": null, "Skema_PS": "HD", "Fungsi_Kaw": "HL", "KPH": "KPHP Sub DAS Belayan", "Shape_Leng": 32518.403249399998, "Shape_Area": 49275373.082000002, "kode": 108.0 }, "geometry": { "type": "MultiPolygon", "coordinates": [ [ [ [ 115.806364390319501, 0.789567549387401, 0.0 ], [ 115.75816383308505, 0.82178854244485, 0.0 ], [ 115.735753455962112, 0.857567691144019, 0.0 ], [ 115.735721552302081, 0.87115604771881, 0.0 ], [ 115.745819950025478, 0.888831786065352, 0.0 ], [ 115.758451721040743, 0.888642448507265, 0.0 ], [ 115.775867425069933, 0.855732217417931, 0.0 ], [ 115.818113962961064, 0.828154106621078, 0.0 ], [ 115.820846211151149, 0.811103392120359, 0.0 ], [ 115.817480470592784, 0.791457292248139, 0.0 ], [ 115.813745684939349, 0.785607887377447, 0.0 ], [ 115.811263011277788, 0.787010037402627, 0.0 ], [ 115.808391581850515, 0.783924857158311, 0.0 ], [ 115.805823402242098, 0.785805211441522, 0.0 ], [ 115.806364390319501, 0.789567549387401, 0.0 ] ] ] ] } },
{ "type": "Feature", "properties": { "FIDcopy": 109.0, "Provinsi": "Kalimantan Timur", "Kab_Kota": "Kutai Kartanegara", "Kecamatan": "Tenggarong Seberang", "Kel_Desa": "Bhuana Jaya", "Kodetxt": "KT110", "percentFC": 0, "Nama_Lemba": "Tuah Himba", "No_SK_Izin": "SK.5160/MENLHK-PSKL/PKPS/PSL.0/6/2022", "Luas_Izin": "22", "Luas_Pol": 22.0432147251, "Keterangan": null, "Skema_PS": "HKM", "Fungsi_Kaw": "HP", "KPH": "KPHP Santan", "Shape_Leng": 3553.4891225900001, "Shape_Area": 220432.14725099999, "kode": 0.0 }, "geometry": { "type": "MultiPolygon", "coordinates": [ [ [ [ 117.156595365904053, -0.251000321434274, 0.0 ], [ 117.155981961222196, -0.252823203374263, 0.0 ], [ 117.154814938068995, -0.254876380618038, 0.0 ], [ 117.154236685434057, -0.251649715383277, 0.0 ], [ 117.156595365904053, -0.251000321434274, 0.0 ] ] ], [ [ [ 117.158842068878599, -0.250673105720958, 0.0 ], [ 117.155172944981146, -0.259461898897311, 0.0 ], [ 117.153888036353067, -0.257724893222493, 0.0 ], [ 117.158842068878599, -0.250673105720958, 0.0 ] ] ] ] } },
{ "type": "Feature", "properties": { "FIDcopy": 110.0, "Provinsi": "Kalimantan Timur", "Kab_Kota": "Kutai Kartanegara", "Kecamatan": "Anggana", "Kel_Desa": "Sepatin", "Kodetxt": "KT111", "percentFC": 0, "Nama_Lemba": "Berkah Jaya Mandiri", "No_SK_Izin": "SK.8180/MENLHK-PSKL/PKPS/PSL.0/10/2022", "Luas_Izin": "200", "Luas_Pol": 200.55194547, "Keterangan": null, "Skema_PS": "HKM", "Fungsi_Kaw": "HP", "KPH": "KPHP Delta Mahakam", "Shape_Leng": 27892.227390399999, "Shape_Area": 2005519.4547, "kode": 0.0 }, "geometry": { "type": "MultiPolygon", "coordinates": [ [ [ [ 117.532799097442137, -0.805594637319364, 0.0 ], [ 117.530481720183332, -0.808292034963869, 0.0 ], [ 117.529709261509922, -0.807555300295073, 0.0 ], [ 117.532799097442137, -0.805594637319364, 0.0 ] ] ], [ [ [ 117.531361135608648, -0.804762840440564, 0.0 ], [ 117.528390139105611, -0.805345098038077, 0.0 ], [ 117.529317089890753, -0.803574558745587, 0.0 ], [ 117.531361135608648, -0.804762840440564, 0.0 ] ] ], [ [ [ 117.543481851042714, -0.79746535974049, 0.0 ], [ 117.542127076172591, -0.798705927690093, 0.0 ], [ 117.537164323269238, -0.795654415118462, 0.0 ], [ 117.539446049118112, -0.794741813221358, 0.0 ], [ 117.543481851042714, -0.79746535974049, 0.0 ] ] ], [ [ [ 117.489838724315035, -0.791805561560505, 0.0 ], [ 117.485859966159794, -0.795669862985547, 0.0 ], [ 117.484448148168298, -0.793801880396263, 0.0 ], [ 117.488783426421691, -0.790222765690399, 0.0 ], [ 117.489838724315035, -0.791805561560505, 0.0 ] ] ], [ [ [ 117.51330246707677, -0.787970963340344, 0.0 ], [ 117.510792569030158, -0.788398746963754, 0.0 ], [ 117.510469325286493, -0.786678107745035, 0.0 ], [ 117.51330246707677, -0.787970963340344, 0.0 ] ] ], [ [ [ 117.545000150564476, -0.778526426607497, 0.0 ], [ 117.54444873318171, -0.780960041840035, 0.0 ], [ 117.542946597929657, -0.780161512102707, 0.0 ], [ 117.543231812879284, -0.778849641054316, 0.0 ], [ 117.545000150564476, -0.778526426607497, 0.0 ] ] ], [ [ [ 117.551702954918781, -0.776621864135951, 0.0 ], [ 117.551360695988265, -0.778454206237322, 0.0 ], [ 117.549428359988511, -0.777947995057091, 0.0 ], [ 117.54737480724836, -0.774703964238621, 0.0 ], [ 117.551702954918781, -0.776621864135951, 0.0 ] ] ], [ [ [ 117.571942336189451, -0.775247884534319, 0.0 ], [ 117.574442726368687, -0.774069100706141, 0.0 ], [ 117.575174780118559, -0.776160491423657, 0.0 ], [ 117.573026155855771, -0.777776564495159, 0.0 ], [ 117.571942336189451, -0.775247884534319, 0.0 ] ], [ [ 117.573606094353195, -0.777082603371586, 0.0 ], [ 117.573748384487359, -0.777167969810429, 0.0 ], [ 117.573126112121841, -0.776547816061976, 0.0 ], [ 117.573606094353195, -0.777082603371586, 0.0 ] ] ], [ [ [ 117.496402399669563, -0.781008117142429, 0.0 ], [ 117.494066238055495, -0.780385970722629, 0.0 ], [ 117.493963536716919, -0.775108849397239, 0.0 ], [ 117.497132497987991, -0.773161753411002, 0.0 ], [ 117.496402399669563, -0.781008117142429, 0.0 ] ] ], [ [ [ 117.562727728661628, -0.772330948361352, 0.0 ], [ 117.571307967579784, -0.774089618201106, 0.0 ], [ 117.570423798459942, -0.776910618724781, 0.0 ], [ 117.561788894233388, -0.774374807785052, 0.0 ], [ 117.562727728661628, -0.772330948361352, 0.0 ] ] ], [ [ [ 117.507707486869862, -0.779341619812441, 0.0 ], [ 117.504791078383988, -0.774284181100636, 0.0 ], [ 117.505632464519678, -0.771912353603412, 0.0 ], [ 117.50819472981135, -0.777404708779405, 0.0 ], [ 117.507707486869862, -0.779341619812441, 0.0 ] ] ], [ [ [ 117.525754508472531, -0.774056108545217, 0.0 ], [ 117.524214343627577, -0.77412265326005, 0.0 ], [ 117.525440771499845, -0.771204211083895, 0.0 ], [ 117.526505576235479, -0.771670020884938, 0.0 ], [ 117.525754508472531, -0.774056108545217, 0.0 ] ] ], [ [ [ 117.534244428542706, -0.771753201217074, 0.0 ], [ 117.537999767974412, -0.77479522475571, 0.0 ], [ 117.536835137545367, -0.776565777093952, 0.0 ], [ 117.532247918691539, -0.772228517872677, 0.0 ], [ 117.534244428542706, -0.771753201217074, 0.0 ] ], [ [ 117.535303025497583, -0.77396324476877, 0.0 ], [ 117.533967363993014, -0.772702675107691, 0.0 ], [ 117.535611087080525, -0.774403089385298, 0.0 ], [ 117.535303025497583, -0.77396324476877, 0.0 ] ] ], [ [ [ 117.522864322604221, -0.774369817277096, 0.0 ], [ 117.521038942350799, -0.774312779220158, 0.0 ], [ 117.523434753851689, -0.770367654399361, 0.0 ], [ 117.524585124502977, -0.770738401163575, 0.0 ], [ 117.522864322604221, -0.774369817277096, 0.0 ] ] ], [ [ [ 117.50382855321503, -0.768398655058269, 0.0 ], [ 117.505889236942821, -0.76982460521348, 0.0 ], [ 117.504655678787344, -0.770573228648753, 0.0 ], [ 117.50382855321503, -0.768398655058269, 0.0 ] ] ], [ [ [ 117.502644831004176, -0.764977482496559, 0.0 ], [ 117.50101197058396, -0.763836721396854, 0.0 ], [ 117.505732290680911, -0.761355565490183, 0.0 ], [ 117.506523764207628, -0.762596143334231, 0.0 ], [ 117.502644831004176, -0.764977482496559, 0.0 ] ] ], [ [ [ 117.50912635657275, -0.762139838734054, 0.0 ], [ 117.513376070341721, -0.760713886388741, 0.0 ], [ 117.51011748097045, -0.763187913255649, 0.0 ], [ 117.50912635657275, -0.762139838734054, 0.0 ] ] ], [ [ [ 117.573758208795383, -0.760215990891386, 0.0 ], [ 117.573501514930982, -0.763224750492552, 0.0 ], [ 117.572816997321397, -0.760387105622551, 0.0 ], [ 117.573758208795383, -0.760215990891386, 0.0 ] ] ], [ [ [ 117.494455035557152, -0.734876054537119, 0.0 ], [ 117.492477539922632, -0.739344063396978, 0.0 ], [ 117.491469778098818, -0.738203295787396, 0.0 ], [ 117.492686698689553, -0.73367824706346, 0.0 ], [ 117.494455035557152, -0.734876054537119, 0.0 ] ] ] ] } },
{ "type": "Feature", "properties": { "FIDcopy": 111.0, "Provinsi": "Kalimantan Timur", "Kab_Kota": "Kutai Kartanegara", "Kecamatan": "Anggana", "Kel_Desa": "Sepatin", "Kodetxt": "KT112", "percentFC": 0, "Nama_Lemba": "Maju Makmur", "No_SK_Izin": "SK.7842/MENLHK-PSKL/PKPS/PSL.0/10/2022", "Luas_Izin": "268", "Luas_Pol": 268.34070880899998, "Keterangan": null, "Skema_PS": "HKM", "Fungsi_Kaw": "HP", "KPH": "KPHP Delta Mahakam", "Shape_Leng": 25269.399146100001, "Shape_Area": 2683407.0880900002, "kode": 0.0 }, "geometry": { "type": "MultiPolygon", "coordinates": [ [ [ [ 117.491153995750906, -0.837369348275776, 0.0 ], [ 117.489965596383172, -0.837583237856542, 0.0 ], [ 117.487921550730235, -0.834802681196673, 0.0 ], [ 117.488206766737591, -0.834541260682156, 0.0 ], [ 117.491153995750906, -0.837369348275776, 0.0 ] ] ], [ [ [ 117.484926786206785, -0.837749595559704, 0.0 ], [ 117.481551734750951, -0.837654533678381, 0.0 ], [ 117.484023603332375, -0.832069653180393, 0.0 ], [ 117.485687361796678, -0.83221224560116, 0.0 ], [ 117.484926786206785, -0.837749595559704, 0.0 ] ] ], [ [ [ 117.481269702674354, -0.827500561424416, 0.0 ], [ 117.48029702135959, -0.828247555808119, 0.0 ], [ 117.479349961644189, -0.827520389331806, 0.0 ], [ 117.480356568373367, -0.826778514349721, 0.0 ], [ 117.481269702674354, -0.827500561424416, 0.0 ] ] ], [ [ [ 117.481836949585187, -0.82202873089576, 0.0 ], [ 117.483465056398032, -0.824749882451306, 0.0 ], [ 117.482906509013688, -0.825296489107657, 0.0 ], [ 117.48011377218856, -0.823870558385828, 0.0 ], [ 117.481836949585187, -0.82202873089576, 0.0 ] ] ], [ [ [ 117.43849183086995, -0.783914173280215, 0.0 ], [ 117.437591969003051, -0.781683157050867, 0.0 ], [ 117.440370356268161, -0.780084668326078, 0.0 ], [ 117.441273213071582, -0.780972880781934, 0.0 ], [ 117.43849183086995, -0.783914173280215, 0.0 ] ] ], [ [ [ 117.465777362554746, -0.774084767811355, 0.0 ], [ 117.46302027849579, -0.776851106862786, 0.0 ], [ 117.461689271854809, -0.775006881081826, 0.0 ], [ 117.462478368157903, -0.773219692469788, 0.0 ], [ 117.465777362554746, -0.774084767811355, 0.0 ] ] ], [ [ [ 117.481061753770504, -0.772121711947564, 0.0 ], [ 117.482706498133624, -0.774983115649282, 0.0 ], [ 117.479017708764601, -0.774754963445614, 0.0 ], [ 117.481061753770504, -0.772121711947564, 0.0 ] ] ], [ [ [ 117.45020537971115, -0.76754203733411, 0.0 ], [ 117.447562380486403, -0.768948975213655, 0.0 ], [ 117.443797533852361, -0.76518446526572, 0.0 ], [ 117.445432770428994, -0.763473323610184, 0.0 ], [ 117.45020537971115, -0.76754203733411, 0.0 ] ] ], [ [ [ 117.467379766330851, -0.770110100106331, 0.0 ], [ 117.468463143633599, -0.77333852193907, 0.0 ], [ 117.46218839873886, -0.772673079128382, 0.0 ], [ 117.466490402577605, -0.768989376752258, 0.0 ], [ 117.46581750285516, -0.768210701548724, 0.0 ], [ 117.460040566748717, -0.772152608059251, 0.0 ], [ 117.455477115618351, -0.766434549405271, 0.0 ], [ 117.457647207844957, -0.763685122000656, 0.0 ], [ 117.456388452157896, -0.764416075887821, 0.0 ], [ 117.455976243369591, -0.763040784575562, 0.0 ], [ 117.463890978609712, -0.760060544289397, 0.0 ], [ 117.465359839146117, -0.767831981117722, 0.0 ], [ 117.468390255695056, -0.765116733096988, 0.0 ], [ 117.470377257613407, -0.766637746755411, 0.0 ], [ 117.467379766330851, -0.770110100106331, 0.0 ] ], [ [ 117.457288235427896, -0.765621757459436, 0.0 ], [ 117.457740882985988, -0.765383542764334, 0.0 ], [ 117.456909654893707, -0.765770472091506, 0.0 ], [ 117.457288235427896, -0.765621757459436, 0.0 ] ], [ [ 117.458585966891803, -0.763211899068378, 0.0 ], [ 117.459470134926235, -0.76268429675577, 0.0 ], [ 117.458386428863633, -0.763309909507602, 0.0 ], [ 117.458585966891803, -0.763211899068378, 0.0 ] ], [ [ 117.462489857315219, -0.768862304687237, 0.0 ], [ 117.462944521183658, -0.76934116437128, 0.0 ], [ 117.462835680272562, -0.769200892566171, 0.0 ], [ 117.462489857315219, -0.768862304687237, 0.0 ] ] ], [ [ [ 117.447462555629627, -0.7595472014678, 0.0 ], [ 117.44493839686514, -0.757679202827149, 0.0 ], [ 117.451569661494702, -0.756025096025388, 0.0 ], [ 117.452796088676976, -0.758477736765723, 0.0 ], [ 117.447462555629627, -0.7595472014678, 0.0 ] ] ], [ [ [ 117.442623396355444, -0.750444858493722, 0.0 ], [ 117.438288117741337, -0.749513233790901, 0.0 ], [ 117.438592347843041, -0.745292400167638, 0.0 ], [ 117.439961382810438, -0.745710681527491, 0.0 ], [ 117.442623396355444, -0.750444858493722, 0.0 ] ] ], [ [ [ 117.433610580529319, -0.738771015657017, 0.0 ], [ 117.434561299803633, -0.74441781280333, 0.0 ], [ 117.432298588858401, -0.745292400440275, 0.0 ], [ 117.429180230918405, -0.739113245914237, 0.0 ], [ 117.433610580529319, -0.738771015657017, 0.0 ] ] ] ] } },
{ "type": "Feature", "properties": { "FIDcopy": 112.0, "Provinsi": "Kalimantan Timur", "Kab_Kota": "Kutai Kartanegara", "Kecamatan": "Anggana", "Kel_Desa": "Sepatin", "Kodetxt": "KT113", "percentFC": 0, "Nama_Lemba": "Sinar Pamengkaran Jaya", "No_SK_Izin": "SK.7772/MENLHK-PSKL/PKPS/PSL.0/10/2022", "Luas_Izin": "106", "Luas_Pol": 106.72367118699999, "Keterangan": null, "Skema_PS": "HKM", "Fungsi_Kaw": "HP", "KPH": "KPHP Delta Mahakam", "Shape_Leng": 13958.4977518, "Shape_Area": 1067236.71187, "kode": 0.0 }, "geometry": { "type": "MultiPolygon", "coordinates": [ [ [ [ 117.531026416768469, -0.785291508979128, 0.0 ], [ 117.524989350939762, -0.790424905888762, 0.0 ], [ 117.522422409864006, -0.78797703619677, 0.0 ], [ 117.52774643645985, -0.78353284312269, 0.0 ], [ 117.531026416768469, -0.785291508979128, 0.0 ] ] ], [ [ [ 117.553207017927647, -0.77444223120748, 0.0 ], [ 117.560598857049683, -0.776866341677114, 0.0 ], [ 117.553088177489471, -0.774893780766871, 0.0 ], [ 117.553207017927647, -0.77444223120748, 0.0 ] ] ], [ [ [ 117.530717761731935, -0.772918842861308, 0.0 ], [ 117.532008362615926, -0.775449900197148, 0.0 ], [ 117.531965580506466, -0.775834906586492, 0.0 ], [ 117.528963685245984, -0.774786834610692, 0.0 ], [ 117.529191857819569, -0.77317551348117, 0.0 ], [ 117.530717761731935, -0.772918842861308, 0.0 ] ] ], [ [ [ 117.537023407315019, -0.769973593851866, 0.0 ], [ 117.535856397392408, -0.771435855349035, 0.0 ], [ 117.533265688413863, -0.770437691659154, 0.0 ], [ 117.536158250455316, -0.769368228911865, 0.0 ], [ 117.537023407315019, -0.769973593851866, 0.0 ] ] ], [ [ [ 117.527986821639203, -0.765735620822253, 0.0 ], [ 117.52638248365777, -0.770025354476986, 0.0 ], [ 117.524314669558919, -0.769787696087856, 0.0 ], [ 117.525978427845871, -0.76580691837226, 0.0 ], [ 117.527986821639203, -0.765735620822253, 0.0 ] ] ], [ [ [ 117.533762439148731, -0.76431561106322, 0.0 ], [ 117.536549233780519, -0.768308272900703, 0.0 ], [ 117.532336360587493, -0.769906524658474, 0.0 ], [ 117.531183614255582, -0.766721903313216, 0.0 ], [ 117.533762439148731, -0.76431561106322, 0.0 ] ] ], [ [ [ 117.521062022754165, -0.756661809260343, 0.0 ], [ 117.520577155898124, -0.758325422203536, 0.0 ], [ 117.519607422502361, -0.75681391076512, 0.0 ], [ 117.516546107775994, -0.757764547318742, 0.0 ], [ 117.51767746381698, -0.754655967138321, 0.0 ], [ 117.521062022754165, -0.756661809260343, 0.0 ] ] ], [ [ [ 117.514283396911225, -0.75766948355877, 0.0 ], [ 117.512752739386585, -0.757688496464647, 0.0 ], [ 117.5140647318118, -0.753439151880347, 0.0 ], [ 117.515871097140803, -0.754000027496867, 0.0 ], [ 117.514283396911225, -0.75766948355877, 0.0 ] ] ], [ [ [ 117.565710159376323, -0.73741970600393, 0.0 ], [ 117.563057653895243, -0.736970528716968, 0.0 ], [ 117.565018511463535, -0.734603433073202, 0.0 ], [ 117.565667377399478, -0.735615865403396, 0.0 ], [ 117.565710159376323, -0.73741970600393, 0.0 ] ] ] ] } },
{ "type": "Feature", "properties": { "FIDcopy": 113.0, "Provinsi": "Kalimantan Timur", "Kab_Kota": "Kutai Kartanegara", "Kecamatan": "Tabang", "Kel_Desa": "Bila Talang", "Kodetxt": "KT114", "percentFC": 98, "Nama_Lemba": "LD Bila Talang Madeng", "No_SK_Izin": "SK.10305/MENLHK-PSKL/PKPS/PSL.0/12/2022", "Luas_Izin": "646", "Luas_Pol": 645.79318199399995, "Keterangan": null, "Skema_PS": "HD", "Fungsi_Kaw": "HPT", "KPH": "KPHP Sub Das Belayan", "Shape_Leng": 15194.318327000001, "Shape_Area": 6457931.8199399998, "kode": 113.0 }, "geometry": { "type": "MultiPolygon", "coordinates": [ [ [ [ 116.030702671490346, 0.631632144501759, 0.0 ], [ 116.02098784203254, 0.643190904908739, 0.0 ], [ 116.045279952411875, 0.677883541929665, 0.0 ], [ 116.045866444609686, 0.675847856385814, 0.0 ], [ 116.051149014446636, 0.671358733486104, 0.0 ], [ 116.049494116587724, 0.669784133366202, 0.0 ], [ 116.042848442315233, 0.671736346101002, 0.0 ], [ 116.042963281891261, 0.667120380828167, 0.0 ], [ 116.038755739526039, 0.663821132965786, 0.0 ], [ 116.04037993822881, 0.659084082798338, 0.0 ], [ 116.045957192618928, 0.654791842365117, 0.0 ], [ 116.046153961031962, 0.652990691361813, 0.0 ], [ 116.041899578255766, 0.647857462256185, 0.0 ], [ 116.043615949957797, 0.641442158889745, 0.0 ], [ 116.041496842241557, 0.639991282529109, 0.0 ], [ 116.042634224522374, 0.63796065059758, 0.0 ], [ 116.040735810937321, 0.634429927311753, 0.0 ], [ 116.037644534930962, 0.63317678348675, 0.0 ], [ 116.032331990913249, 0.634004043732099, 0.0 ], [ 116.030702671490346, 0.631632144501759, 0.0 ] ] ] ] } },
{ "type": "Feature", "properties": { "FIDcopy": 114.0, "Provinsi": "Kalimantan Timur", "Kab_Kota": "Kutai Kartanegara", "Kecamatan": "Tabang", "Kel_Desa": "Kampung Baru", "Kodetxt": "KT115", "percentFC": 98, "Nama_Lemba": "LD Manan Umaq Meluq", "No_SK_Izin": "SK.10303/MENLHK-PSKL/PKPS/PSL.0/12/2022", "Luas_Izin": "5.000", "Luas_Pol": 5000.4308847399998, "Keterangan": null, "Skema_PS": "HD", "Fungsi_Kaw": "HPT", "KPH": "KPHP Sub Das Belayan", "Shape_Leng": 45431.274506000002, "Shape_Area": 50004308.847399995, "kode": 114.0 }, "geometry": { "type": "MultiPolygon", "coordinates": [ [ [ [ 116.12766352080483, 0.648607915573727, 0.0 ], [ 116.127413999978174, 0.660869000114531, 0.0 ], [ 116.122251683200474, 0.660869014441244, 0.0 ], [ 116.122306850954573, 0.666085236976518, 0.0 ], [ 116.124240793005413, 0.665303710655163, 0.0 ], [ 116.125254393034979, 0.670138739744385, 0.0 ], [ 116.12595231165777, 0.667426243710148, 0.0 ], [ 116.129581925568786, 0.66876724660225, 0.0 ], [ 116.130213377558817, 0.674637977897717, 0.0 ], [ 116.130176142065523, 0.670082038112258, 0.0 ], [ 116.131547408373208, 0.668927163967417, 0.0 ], [ 116.133528372294748, 0.671193357657616, 0.0 ], [ 116.136571849705717, 0.670619460622005, 0.0 ], [ 116.133924133033688, 0.674097534889788, 0.0 ], [ 116.136143347702557, 0.673619232244613, 0.0 ], [ 116.141278511862055, 0.676699782219504, 0.0 ], [ 116.142483580253526, 0.674450106152883, 0.0 ], [ 116.146905406462238, 0.677849662512178, 0.0 ], [ 116.145367673867, 0.678918487126397, 0.0 ], [ 116.143101303516261, 0.677099023341207, 0.0 ], [ 116.14268811124542, 0.68314652654498, 0.0 ], [ 116.143892772232419, 0.683226526459579, 0.0 ], [ 116.144432083321973, 0.681088428616786, 0.0 ], [ 116.149186824652475, 0.684264658203458, 0.0 ], [ 116.148330616995636, 0.685700607273665, 0.0 ], [ 116.146745785676828, 0.684168481253011, 0.0 ], [ 116.146887544896856, 0.689242732442219, 0.0 ], [ 116.148791997888992, 0.690047249541356, 0.0 ], [ 116.150845524800559, 0.694362310783422, 0.0 ], [ 116.15405098976791, 0.695844228530453, 0.0 ], [ 116.164724238950441, 0.714132103520048, 0.0 ], [ 116.171388693074334, 0.721632959433963, 0.0 ], [ 116.189020813568249, 0.71814283062589, 0.0 ], [ 116.196912596409192, 0.721015420124351, 0.0 ], [ 116.200000057174691, 0.720562394689828, 0.0 ], [ 116.199999999723673, 0.683333000421901, 0.0 ], [ 116.211110999778469, 0.68333300015539, 0.0 ], [ 116.211110999285097, 0.666666999863434, 0.0 ], [ 116.216666999355823, 0.666666999904682, 0.0 ], [ 116.216667001250798, 0.661500014768669, 0.0 ], [ 116.199425000109756, 0.661500000319417, 0.0 ], [ 116.199425028297796, 0.657888054474897, 0.0 ], [ 116.186701000245066, 0.657930999625143, 0.0 ], [ 116.186700999741262, 0.650280999663392, 0.0 ], [ 116.175316082184295, 0.650281007426552, 0.0 ], [ 116.173806315582709, 0.65180049864879, 0.0 ], [ 116.171895474428368, 0.650281004589549, 0.0 ], [ 116.168595999621516, 0.650280999601473, 0.0 ], [ 116.168596001055121, 0.648187144725951, 0.0 ], [ 116.165827131152483, 0.650312918414275, 0.0 ], [ 116.16471116356702, 0.649249895098228, 0.0 ], [ 116.164726478165719, 0.643651018986153, 0.0 ], [ 116.158308984300021, 0.643651044227836, 0.0 ], [ 116.156192573571573, 0.646809401106691, 0.0 ], [ 116.154836389306524, 0.643651055021342, 0.0 ], [ 116.151982430041457, 0.643651062086143, 0.0 ], [ 116.152846922324912, 0.648765713580942, 0.0 ], [ 116.150505532462404, 0.649945926749106, 0.0 ], [ 116.151866584820695, 0.652220691930714, 0.0 ], [ 116.146604168754536, 0.652116232693042, 0.0 ], [ 116.145038483378926, 0.648894442690733, 0.0 ], [ 116.14330385658414, 0.6521400281928, 0.0 ], [ 116.140843493844699, 0.64853395493694, 0.0 ], [ 116.136738923422271, 0.647344223935226, 0.0 ], [ 116.135691960353938, 0.649438150050121, 0.0 ], [ 116.136660402139668, 0.652999410005845, 0.0 ], [ 116.134152052772208, 0.654031302584431, 0.0 ], [ 116.13178210933637, 0.65129016421859, 0.0 ], [ 116.132308467052951, 0.648079972855272, 0.0 ], [ 116.12766352080483, 0.648607915573727, 0.0 ] ] ] ] } },
{ "type": "Feature", "properties": { "FIDcopy": 115.0, "Provinsi": "Kalimantan Timur", "Kab_Kota": "Kutai Kartanegara", "Kecamatan": "Tabang", "Kel_Desa": "Kampung Baru", "Kodetxt": "KT116", "percentFC": 99, "Nama_Lemba": "LD Sungai Meluq Murip", "No_SK_Izin": "SK.10304/MENLHK-PSKL/PKPS/PSL.0/12/2022", "Luas_Izin": "4.769", "Luas_Pol": 4768.7916238199996, "Keterangan": null, "Skema_PS": "HD", "Fungsi_Kaw": "HPT", "KPH": "KPHP Sub Das Belayan", "Shape_Leng": 46295.842866899999, "Shape_Area": 47687916.238200001, "kode": 115.0 }, "geometry": { "type": "MultiPolygon", "coordinates": [ [ [ [ 116.09095192007473, 0.710535048700614, 0.0 ], [ 116.097900391243869, 0.709472656087183, 0.0 ], [ 116.111022949154076, 0.720879971636004, 0.0 ], [ 116.112192777937992, 0.725003731725816, 0.0 ], [ 116.114322821436275, 0.721330268112937, 0.0 ], [ 116.116627241014115, 0.720636878668603, 0.0 ], [ 116.118741952042058, 0.726700178578502, 0.0 ], [ 116.123782381305659, 0.729034841697696, 0.0 ], [ 116.130167650458517, 0.737088401675029, 0.0 ], [ 116.136227394313821, 0.741959882122637, 0.0 ], [ 116.133022460619827, 0.749881579365428, 0.0 ], [ 116.133021918154952, 0.752633765959672, 0.0 ], [ 116.135378116455499, 0.754414286814077, 0.0 ], [ 116.139298741387165, 0.750236623969716, 0.0 ], [ 116.144491420578916, 0.751156752385592, 0.0 ], [ 116.147670094599391, 0.748467520080187, 0.0 ], [ 116.141874004614834, 0.743892309629897, 0.0 ], [ 116.138433742723777, 0.737528995723561, 0.0 ], [ 116.138059976416173, 0.730405622394556, 0.0 ], [ 116.142385518533203, 0.722491789829009, 0.0 ], [ 116.15197750693946, 0.724299239577814, 0.0 ], [ 116.156437372999022, 0.728314216552171, 0.0 ], [ 116.160473875774954, 0.727837505853059, 0.0 ], [ 116.170469698476012, 0.732631932963764, 0.0 ], [ 116.17618559080384, 0.730232520921854, 0.0 ], [ 116.179868140331735, 0.725005139047728, 0.0 ], [ 116.171388693074334, 0.721632959433963, 0.0 ], [ 116.164724238950441, 0.714132103520048, 0.0 ], [ 116.15405098976791, 0.695844228530453, 0.0 ], [ 116.150845524800559, 0.694362310783422, 0.0 ], [ 116.148652540116643, 0.689868509426912, 0.0 ], [ 116.147156935948416, 0.689673611564012, 0.0 ], [ 116.146745785676828, 0.684168481253011, 0.0 ], [ 116.148330616995636, 0.685700607273665, 0.0 ], [ 116.149186824652475, 0.684264658203458, 0.0 ], [ 116.144432083321973, 0.681088428616786, 0.0 ], [ 116.143591543617489, 0.683561562141408, 0.0 ], [ 116.142466310454964, 0.682508220018429, 0.0 ], [ 116.143101303516261, 0.677099023341207, 0.0 ], [ 116.145367673867, 0.678918487126397, 0.0 ], [ 116.146905406462238, 0.677849662512178, 0.0 ], [ 116.142483580253526, 0.674450106152883, 0.0 ], [ 116.141278511862055, 0.676699782219504, 0.0 ], [ 116.136143347702557, 0.673619232244613, 0.0 ], [ 116.133924133033688, 0.674097534889788, 0.0 ], [ 116.136571849705717, 0.670619460622005, 0.0 ], [ 116.133528372294748, 0.671193357657616, 0.0 ], [ 116.131547408373208, 0.668927163967417, 0.0 ], [ 116.130176142065523, 0.670082038112258, 0.0 ], [ 116.130213377558817, 0.674637977897717, 0.0 ], [ 116.129581925568786, 0.66876724660225, 0.0 ], [ 116.12595231165777, 0.667426243710148, 0.0 ], [ 116.125254393034979, 0.670138739744385, 0.0 ], [ 116.124240793005413, 0.665303710655163, 0.0 ], [ 116.122306850954573, 0.666085236976518, 0.0 ], [ 116.122251683200474, 0.660869014441244, 0.0 ], [ 116.107766135641825, 0.660869025260622, 0.0 ], [ 116.107559337088517, 0.663275846171644, 0.0 ], [ 116.10587953193702, 0.664275550524479, 0.0 ], [ 116.104323626267558, 0.662528571732778, 0.0 ], [ 116.100677768346301, 0.669433140866658, 0.0 ], [ 116.093476134756571, 0.671652711875459, 0.0 ], [ 116.08555813428292, 0.685447270851178, 0.0 ], [ 116.082437106703125, 0.687239690366833, 0.0 ], [ 116.082769844537509, 0.690387698900475, 0.0 ], [ 116.087143657442084, 0.690008568362412, 0.0 ], [ 116.092096702279377, 0.692293982995976, 0.0 ], [ 116.09216029006852, 0.694077193701788, 0.0 ], [ 116.089535545635982, 0.695000436175904, 0.0 ], [ 116.092396931140399, 0.695596543458288, 0.0 ], [ 116.091203255262499, 0.700288042504026, 0.0 ], [ 116.0932998343891, 0.706261647783472, 0.0 ], [ 116.09095192007473, 0.710535048700614, 0.0 ] ] ] ] } },
{ "type": "Feature", "properties": { "FIDcopy": 116.0, "Provinsi": "Kalimantan Timur", "Kab_Kota": "Berau", "Kecamatan": "Kelay", "Kel_Desa": "Sido Bangen", "Kodetxt": "KT117", "percentFC": 95, "Nama_Lemba": "LPHD Sido Bangen", "No_SK_Izin": "SK.10278/MENLHK-PSKL/PKPS/PSL.0/12/2022", "Luas_Izin": "93", "Luas_Pol": 93.487560917699994, "Keterangan": null, "Skema_PS": "HD", "Fungsi_Kaw": "HL", "KPH": "KPHP Berau Barat", "Shape_Leng": 5991.9568300800001, "Shape_Area": 934875.60917700001, "kode": 116.0 }, "geometry": { "type": "MultiPolygon", "coordinates": [ [ [ [ 117.105361256022078, 1.650709574446844, 0.0 ], [ 117.120036665115109, 1.650880063937767, 0.0 ], [ 117.128949417736294, 1.650987316354173, 0.0 ], [ 117.125785602172215, 1.646035966861744, 0.0 ], [ 117.118964043119007, 1.644618094370117, 0.0 ], [ 117.115776002311634, 1.64777943870572, 0.0 ], [ 117.109671207981961, 1.647490557425854, 0.0 ], [ 117.108706550074146, 1.649828610945304, 0.0 ], [ 117.105361256022078, 1.650709574446844, 0.0 ] ] ] ] } },
{ "type": "Feature", "properties": { "FIDcopy": 117.0, "Provinsi": "Kalimantan Timur", "Kab_Kota": "Berau", "Kecamatan": "Kelay", "Kel_Desa": "Sido Bangen", "Kodetxt": "KT118", "percentFC": 98, "Nama_Lemba": "LPHD Kampung Merapun", "No_SK_Izin": "SK.10288/MENLHK-PSKL/PKPS/PSL.0/12/2022", "Luas_Izin": "5.000", "Luas_Pol": 4999.8771387300003, "Keterangan": null, "Skema_PS": "HD", "Fungsi_Kaw": "HL", "KPH": "KPHP Berau Barat", "Shape_Leng": 34070.026282899998, "Shape_Area": 49998771.387300007, "kode": 117.0 }, "geometry": { "type": "MultiPolygon", "coordinates": [ [ [ [ 117.066462723002388, 1.553414830711458, 0.0 ], [ 117.076490504982885, 1.588467780586798, 0.0 ], [ 117.158239926768161, 1.589402291799907, 0.0 ], [ 117.157096912183391, 1.588571405151115, 0.0 ], [ 117.156988579182411, 1.584326203787725, 0.0 ], [ 117.16318015479149, 1.582248704376327, 0.0 ], [ 117.163695746494241, 1.577315747789898, 0.0 ], [ 117.168440266101825, 1.576182481198864, 0.0 ], [ 117.162087531145247, 1.571440251588015, 0.0 ], [ 117.163228996146429, 1.568489140038096, 0.0 ], [ 117.165339383015805, 1.567755021336153, 0.0 ], [ 117.164292581137047, 1.565376016846509, 0.0 ], [ 117.169789544735039, 1.564916308430743, 0.0 ], [ 117.168338143086828, 1.559920356728711, 0.0 ], [ 117.164291908829028, 1.556737862184844, 0.0 ], [ 117.164291908887222, 1.554914153773469, 0.0 ], [ 117.167809062225288, 1.554653624345687, 0.0 ], [ 117.17038558389207, 1.54984440470604, 0.0 ], [ 117.169556073998208, 1.548379948642441, 0.0 ], [ 117.16555907657866, 1.547587369972214, 0.0 ], [ 117.165279222050088, 1.544582562976797, 0.0 ], [ 117.154485641051949, 1.539764004661263, 0.0 ], [ 117.146992178014884, 1.539940681689115, 0.0 ], [ 117.143254118639462, 1.54403702928003, 0.0 ], [ 117.130357886670282, 1.551722663085152, 0.0 ], [ 117.126970997372638, 1.55120160273655, 0.0 ], [ 117.121239340316222, 1.545209415143792, 0.0 ], [ 117.117135994521163, 1.543581102193101, 0.0 ], [ 117.105672677123067, 1.542148187834626, 0.0 ], [ 117.066462723002388, 1.553414830711458, 0.0 ] ] ] ] } },
{ "type": "Feature", "properties": { "FIDcopy": 118.0, "Provinsi": "Kalimantan Timur", "Kab_Kota": "Berau", "Kecamatan": "Batu Putih", "Kel_Desa": "Ampen Medang", "Kodetxt": "KT119", "percentFC": 100, "Nama_Lemba": "LPHD Ampen Medang", "No_SK_Izin": "SK.10363/MENLHK-PSKL/PKPS/PSL.0/12/2022", "Luas_Izin": "1.009", "Luas_Pol": 1008.95211869, "Keterangan": null, "Skema_PS": "HD", "Fungsi_Kaw": "HPT", "KPH": "KPHP Berau Pantai", "Shape_Leng": 23031.311497499999, "Shape_Area": 10089521.186899999, "kode": 118.0 }, "geometry": { "type": "MultiPolygon", "coordinates": [ [ [ [ 118.429362606171424, 1.309446715221119, 0.0 ], [ 118.443367084677021, 1.307448393061036, 0.0 ], [ 118.438423314928457, 1.301384036923393, 0.0 ], [ 118.437698229085271, 1.297099436628222, 0.0 ], [ 118.440908421165787, 1.288917818929697, 0.0 ], [ 118.435249329078104, 1.279312920735623, 0.0 ], [ 118.432430893455376, 1.267175902286361, 0.0 ], [ 118.428272109551742, 1.273962597004164, 0.0 ], [ 118.418671918491043, 1.282684581242012, 0.0 ], [ 118.417979042631728, 1.285555692576372, 0.0 ], [ 118.421325882713901, 1.290378195991992, 0.0 ], [ 118.419434656310372, 1.297223148212385, 0.0 ], [ 118.423229003561943, 1.304850244641655, 0.0 ], [ 118.429362606171424, 1.309446715221119, 0.0 ] ] ], [ [ [ 118.488866734684009, 1.373560863311809, 0.0 ], [ 118.484911942794611, 1.371451279846367, 0.0 ], [ 118.481758117943969, 1.365084052577995, 0.0 ], [ 118.477073669872894, 1.36528611201172, 0.0 ], [ 118.481582641311604, 1.364003062300105, 0.0 ], [ 118.483329772609338, 1.364866853671407, 0.0 ], [ 118.48350524923822, 1.358511448658315, 0.0 ], [ 118.47764831287067, 1.358734244325365, 0.0 ], [ 118.46951082216782, 1.354586661880316, 0.0 ], [ 118.466026310467825, 1.355953520805447, 0.0 ], [ 118.480087280062719, 1.372389557390294, 0.0 ], [ 118.485270436341139, 1.382338117642339, 0.0 ], [ 118.490004255334426, 1.378240189072059, 0.0 ], [ 118.488866734684009, 1.373560863311809, 0.0 ] ] ] ] } },
{ "type": "Feature", "properties": { "FIDcopy": 119.0, "Provinsi": "Kalimantan Timur", "Kab_Kota": "Kutai Kartanegara", "Kecamatan": "Tabang", "Kel_Desa": "Tabang Lama", "Kodetxt": "KT120", "percentFC": 100, "Nama_Lemba": "LD Murung Mendeng", "No_SK_Izin": "SK.10306/MENLHK-PSKL/PKPS/PSL.0/12/2022", "Luas_Izin": "1.039", "Luas_Pol": 1039.7592438500001, "Keterangan": null, "Skema_PS": "HD", "Fungsi_Kaw": "HL", "KPH": "KPHP Sub Das Belayan", "Shape_Leng": 15669.314104900001, "Shape_Area": 10397592.4385, "kode": 119.0 }, "geometry": { "type": "MultiPolygon", "coordinates": [ [ [ [ 115.916199349221927, 0.634022419586114, 0.0 ], [ 115.935636713920445, 0.604374796026434, 0.0 ], [ 115.930979095332162, 0.591982144964033, 0.0 ], [ 115.931057512903095, 0.585609620066887, 0.0 ], [ 115.929687546764072, 0.589587826212356, 0.0 ], [ 115.924901983364265, 0.589907798751001, 0.0 ], [ 115.923421608737684, 0.595148533795989, 0.0 ], [ 115.917132447841865, 0.595048548129271, 0.0 ], [ 115.912056781204456, 0.598942477364187, 0.0 ], [ 115.907354873563648, 0.598336916449212, 0.0 ], [ 115.906830969890891, 0.601107763319679, 0.0 ], [ 115.909661181424696, 0.607003595115713, 0.0 ], [ 115.908412665048047, 0.612447117330454, 0.0 ], [ 115.904562916603993, 0.613708970286233, 0.0 ], [ 115.903167720152453, 0.615729662678576, 0.0 ], [ 115.904893601671887, 0.619795884829329, 0.0 ], [ 115.90335896073816, 0.622725876935162, 0.0 ], [ 115.907670633874176, 0.634109126853795, 0.0 ], [ 115.916199349221927, 0.634022419586114, 0.0 ] ] ] ] } },
{ "type": "Feature", "properties": { "FIDcopy": 120.0, "Provinsi": "Kalimantan Timur", "Kab_Kota": "Kutai Timur", "Kecamatan": "Busang", "Kel_Desa": "Long Nyelong", "Kodetxt": "KT121", "percentFC": 0, "Nama_Lemba": "Koperasi Produsen Loq Mening Tiga", "No_SK_Izin": "SK.9933/MENLHK-PSKL/PKPS/PSL.0/12/2022", "Luas_Izin": "1.074", "Luas_Pol": 1073.50835396, "Keterangan": null, "Skema_PS": "HTR", "Fungsi_Kaw": "HPT", "KPH": "KPHP Kelinjau", "Shape_Leng": 19374.002418100001, "Shape_Area": 10735083.5396, "kode": 0.0 }, "geometry": { "type": "MultiPolygon", "coordinates": [ [ [ [ 116.432496466183366, 0.769241547011657, 0.0 ], [ 116.431079049929849, 0.769596160859551, 0.0 ], [ 116.428450935154231, 0.775745878092604, 0.0 ], [ 116.425881116622747, 0.776259841674265, 0.0 ], [ 116.424967404077009, 0.78104255760263, 0.0 ], [ 116.427594328851484, 0.783084135898492, 0.0 ], [ 116.426223759603928, 0.790208242440647, 0.0 ], [ 116.429564523031573, 0.791093401073556, 0.0 ], [ 116.428950621676336, 0.793934478374421, 0.0 ], [ 116.430206977551961, 0.79563341259154, 0.0 ], [ 116.427394455030978, 0.797132473100443, 0.0 ], [ 116.428474713997588, 0.799596053294953, 0.0 ], [ 116.432679808122685, 0.80008778933864, 0.0 ], [ 116.434707250754158, 0.802235790262028, 0.0 ], [ 116.435026988350685, 0.811094040982604, 0.0 ], [ 116.437011628745935, 0.813816373559756, 0.0 ], [ 116.440568122649864, 0.813772124056314, 0.0 ], [ 116.442722130743093, 0.808416463061865, 0.0 ], [ 116.445576888963856, 0.810464673190749, 0.0 ], [ 116.446158747781411, 0.815113855707299, 0.0 ], [ 116.442078119882567, 0.817258377911618, 0.0 ], [ 116.443727787635837, 0.819554615074466, 0.0 ], [ 116.446304708932757, 0.82044288496077, 0.0 ], [ 116.454570144418952, 0.818333637903519, 0.0 ], [ 116.45848998954304, 0.819159204371878, 0.0 ], [ 116.458761122247623, 0.815441437589574, 0.0 ], [ 116.464722809673532, 0.814708301319777, 0.0 ], [ 116.432496466183366, 0.769241547011657, 0.0 ] ] ] ] } },
{ "type": "Feature", "properties": { "FIDcopy": 121.0, "Provinsi": "Kalimantan Timur", "Kab_Kota": "Berau", "Kecamatan": "Kelay", "Kel_Desa": "Lesan Dayak", "Kodetxt": "KT122", "percentFC": 100, "Nama_Lemba": "LPHD Kampung Lesan", "No_SK_Izin": "SK.10290/MENLHK-PSKL/PKPS/PSL.0/12/2022", "Luas_Izin": "4.935", "Luas_Pol": 4934.2788122399998, "Keterangan": null, "Skema_PS": "HD", "Fungsi_Kaw": "HL/HPT", "KPH": "KPHP Berau Barat", "Shape_Leng": 33481.740549399998, "Shape_Area": 49342788.122400001, "kode": 121.0 }, "geometry": { "type": "MultiPolygon", "coordinates": [ [ [ [ 117.129335350787372, 1.650957726644081, 0.0 ], [ 117.129516601146733, 1.637730122747219, 0.0 ], [ 117.155646297392678, 1.637402184070546, 0.0 ], [ 117.156175965136299, 1.621477673230703, 0.0 ], [ 117.170728974503348, 1.622293478564133, 0.0 ], [ 117.171782116530807, 1.617715281203759, 0.0 ], [ 117.170088192956555, 1.61588957560518, 0.0 ], [ 117.170520099372169, 1.611668945548383, 0.0 ], [ 117.174142480522463, 1.607554261025416, 0.0 ], [ 117.177454074152521, 1.594615493234865, 0.0 ], [ 117.077941224335433, 1.593538830778708, 0.0 ], [ 117.09426019023833, 1.650580562471271, 0.0 ], [ 117.105433660052981, 1.650700778494681, 0.0 ], [ 117.108687305985157, 1.649843950663295, 0.0 ], [ 117.109651963922246, 1.64750589715157, 0.0 ], [ 117.115756758300066, 1.647794778487678, 0.0 ], [ 117.118944799162577, 1.644633434179571, 0.0 ], [ 117.125766358260009, 1.64605130582956, 0.0 ], [ 117.127289351317671, 1.649867155185318, 0.0 ], [ 117.129335350787372, 1.650957726644081, 0.0 ] ] ] ] } },
{ "type": "Feature", "properties": { "FIDcopy": 122.0, "Provinsi": "Kalimantan Timur", "Kab_Kota": "Berau", "Kecamatan": "Kelay", "Kel_Desa": "Long Sului", "Kodetxt": "KT123", "percentFC": 100, "Nama_Lemba": "LPHD Kampung Long Sului", "No_SK_Izin": "SK.10361/MENLHK-PSKL/PKPS/PSL.0/12/2022", "Luas_Izin": "4.955", "Luas_Pol": 4954.0354950299998, "Keterangan": null, "Skema_PS": "HD", "Fungsi_Kaw": "HL/HPT", "KPH": "KPHP Berau Barat", "Shape_Leng": 44716.0461545, "Shape_Area": 49540354.950299993, "kode": 122.0 }, "geometry": { "type": "MultiPolygon", "coordinates": [ [ [ [ 116.468521161420853, 2.040760033066709, 0.0 ], [ 116.473606032861298, 2.039404484574185, 0.0 ], [ 116.449142456037137, 1.997782946381046, 0.0 ], [ 116.448364257906377, 1.992668986368482, 0.0 ], [ 116.449486936254445, 1.992694653524124, 0.0 ], [ 116.443567335471698, 1.962391664751565, 0.0 ], [ 116.439656482652936, 1.954543096471664, 0.0 ], [ 116.402009545484404, 1.953374120418809, 0.0 ], [ 116.381647564335239, 1.957371053554731, 0.0 ], [ 116.375915527946702, 1.965172887637696, 0.0 ], [ 116.37219238311306, 1.984215498539715, 0.0 ], [ 116.377983093507439, 1.98844468620987, 0.0 ], [ 116.379009490127274, 1.991127967269431, 0.0 ], [ 116.40680843600154, 1.993490550156429, 0.0 ], [ 116.417425000600133, 1.996351548418615, 0.0 ], [ 116.420924241323135, 1.998913926351357, 0.0 ], [ 116.426343294427795, 1.99850262657368, 0.0 ], [ 116.464496148274506, 2.048535357749078, 0.0 ], [ 116.464538574435664, 2.044269085157268, 0.0 ], [ 116.468521161420853, 2.040760033066709, 0.0 ] ] ], [ [ [ 116.483070753292296, 2.073392782505036, 0.0 ], [ 116.484943532126834, 2.06604051266645, 0.0 ], [ 116.487436749811863, 2.063560562816011, 0.0 ], [ 116.473816652229843, 2.039772359365289, 0.0 ], [ 116.468582153422631, 2.041272163264932, 0.0 ], [ 116.465072632042862, 2.044421910889788, 0.0 ], [ 116.464888765120747, 2.0490527423515, 0.0 ], [ 116.483070753292296, 2.073392782505036, 0.0 ] ] ] ] } },
{ "type": "Feature", "properties": { "FIDcopy": 123.0, "Provinsi": "Kalimantan Timur", "Kab_Kota": "Berau", "Kecamatan": "Biduk-Biduk", "Kel_Desa": "Sigending", "Kodetxt": "KT124", "percentFC": 95, "Nama_Lemba": "Pokdarwis Sigending", "No_SK_Izin": null, "Luas_Izin": null, "Luas_Pol": 1617.25, "Keterangan": null, "Skema_PS": "APL", "Fungsi_Kaw": null, "KPH": null, "Shape_Leng": 0.0, "Shape_Area": 0.0, "kode": 0.0 }, "geometry": { "type": "MultiPolygon", "coordinates": [ [ [ [ 118.794399805522403, 1.127259448695484, -0.000023499998292 ], [ 118.787414029614212, 1.131150074460993, -0.000023499998292 ], [ 118.789027328219106, 1.134200299407141, -0.000023499998292 ], [ 118.792025335917032, 1.131789574048151, -0.000023499998292 ], [ 118.794399805522403, 1.127259448695484, -0.000023499998292 ] ] ], [ [ [ 118.776962515370585, 1.153840741104817, -0.000023499998292 ], [ 118.787236309108778, 1.137928240724597, -0.000023499998292 ], [ 118.787558265116672, 1.135191698209468, -0.000023499998292 ], [ 118.78549957158792, 1.134953975916751, -0.000023499998292 ], [ 118.779664691590042, 1.140452135539355, -0.000023499998292 ], [ 118.779296260265781, 1.137781162159534, -0.000023499998292 ], [ 118.777549500258857, 1.136857808735647, -0.000023499998292 ], [ 118.777663950699591, 1.133023549068562, -0.000023499998292 ], [ 118.787445068570563, 1.125791191775956, -0.000023499998292 ], [ 118.789909830109693, 1.125436712253814, -0.000023499998292 ], [ 118.79238240819457, 1.122392841543012, -0.000023499998292 ], [ 118.79722156496625, 1.122279507907043, -0.000023499998292 ], [ 118.795527404165611, 1.117709168829866, -0.000023499998292 ], [ 118.796857478398891, 1.115895559772682, -0.000023499998292 ], [ 118.795042594809701, 1.11471281280979, -0.000023499998292 ], [ 118.794615598601268, 1.110601593370728, -0.000023499998292 ], [ 118.790859253675961, 1.107641335299312, -0.000023499998292 ], [ 118.790848470543764, 1.105390942106803, -0.000023499998292 ], [ 118.786169775307584, 1.099688030532869, -0.000023499998292 ], [ 118.768777183109734, 1.110843263557681, -0.000023499998292 ], [ 118.758288284833554, 1.11296133969006, -0.000023499998292 ], [ 118.758326818564811, 1.147038526251437, -0.000023499998292 ], [ 118.757254106324623, 1.152019628368369, -0.000023499998292 ], [ 118.763624395791126, 1.152373818293771, -0.000023499998292 ], [ 118.772075770697768, 1.149990690130631, -0.000023499998292 ], [ 118.774922270962207, 1.147469721150498, -0.000023499998292 ], [ 118.774409359451269, 1.1554185178773, -0.000023499998292 ], [ 118.776962515370585, 1.153840741104817, -0.000023499998292 ] ] ] ] } },
{ "type": "Feature", "properties": { "FIDcopy": 125.0, "Provinsi": "Kalimantan Timur", "Kab_Kota": "Berau", "Kecamatan": "Pulau Derawan", "Kel_Desa": "Semanting", "Kodetxt": "KT125", "percentFC": 72, "Nama_Lemba": "Pokdarwis Semanting", "No_SK_Izin": null, "Luas_Izin": null, "Luas_Pol": 647.13, "Keterangan": "Mangrove", "Skema_PS": "APL", "Fungsi_Kaw": null, "KPH": null, "Shape_Leng": 0.0, "Shape_Area": 0.0, "kode": 0.0 }, "geometry": { "type": "MultiPolygon", "coordinates": [ [ [ [ 117.964238015245911, 2.190189754518179, -0.000023499998292 ], [ 117.963778287721794, 2.190874782845047, -0.000023499998292 ], [ 117.964199452138899, 2.191255497171395, -0.000023499998292 ], [ 117.964238015245911, 2.190189754518179, -0.000023499998292 ] ] ], [ [ [ 117.926612629245568, 2.19163200324558, -0.000023499998292 ], [ 117.930505329162457, 2.189781179484749, -0.000023499998292 ], [ 117.938433692864862, 2.190276106613446, -0.000023499998292 ], [ 117.946238324582751, 2.185231650005294, -0.000023499998292 ], [ 117.946530998226407, 2.184013365983028, -0.000023499998292 ], [ 117.943442458264229, 2.183494643197057, -0.000023499998292 ], [ 117.941058238255195, 2.184494016524265, -0.000023499998292 ], [ 117.94136518848434, 2.182416746802181, -0.000023499998292 ], [ 117.949645712810693, 2.183769470839269, -0.000023499998292 ], [ 117.95373838574163, 2.187314867631921, -0.000023499998292 ], [ 117.955944725343699, 2.187602826494808, -0.000023499998292 ], [ 117.956834643947815, 2.186079971434517, -0.000023499998292 ], [ 117.950052699974592, 2.182504390775819, -0.000023499998292 ], [ 117.937441556357584, 2.180179657251036, -0.000023499998292 ], [ 117.936239929181397, 2.182180784320328, -0.000023499998292 ], [ 117.93667537033167, 2.182739957782025, -0.000023499998292 ], [ 117.93701087429929, 2.18639480954264, -0.000023499998292 ], [ 117.936180442555965, 2.18222599351122, -0.000023499998292 ], [ 117.93628989778064, 2.180722174585801, -0.000023499998292 ], [ 117.934695658988034, 2.180557991615923, -0.000023499998292 ], [ 117.92977017401347, 2.185638140854516, -0.000023499998292 ], [ 117.931547632193812, 2.186261559477285, -0.000023499998292 ], [ 117.92961312982888, 2.185821359241682, -0.000023499998292 ], [ 117.92707662423939, 2.189285854398969, -0.000023499998292 ], [ 117.927904677351407, 2.190899129386007, -0.000023499998292 ], [ 117.926612629245568, 2.19163200324558, -0.000023499998292 ] ] ], [ [ [ 117.974542635310257, 2.191201195093107, -0.000023499998292 ], [ 117.975352105626101, 2.191835349368926, -0.000023499998292 ], [ 117.975659117670375, 2.191321335010005, -0.000023499998292 ], [ 117.974542635310257, 2.191201195093107, -0.000023499998292 ] ] ], [ [ [ 118.009926506435576, 2.202066340129514, -0.000023499998292 ], [ 118.014505144118914, 2.197847634725506, -0.000023499998292 ], [ 118.012495689651359, 2.197209939382124, -0.000023499998292 ], [ 118.017814975072596, 2.197369601490331, -0.000023499998292 ], [ 118.017835834274379, 2.196410361681306, -0.000023499998292 ], [ 118.012838966694702, 2.196101031514278, -0.000023499998292 ], [ 118.009926506435576, 2.202066340129514, -0.000023499998292 ] ] ], [ [ [ 118.008364945156231, 2.202216801545026, -0.000023499998292 ], [ 118.007584482303287, 2.202457126824138, -0.000023499998292 ], [ 118.007415540068052, 2.203192380123295, -0.000023499998292 ], [ 118.008364945156231, 2.202216801545026, -0.000023499998292 ] ] ], [ [ [ 118.007739146682169, 2.203261384617576, -0.000023499998292 ], [ 118.009497568947168, 2.203206657170296, -0.000023499998292 ], [ 118.009350041801483, 2.201845605346216, -0.000023499998292 ], [ 118.007739146682169, 2.203261384617576, -0.000023499998292 ] ] ], [ [ [ 118.009614162481171, 2.204417802631183, -0.000023499998292 ], [ 118.009081163056095, 2.203689687447433, -0.000023499998292 ], [ 118.007972172612426, 2.203951805797068, -0.000023499998292 ], [ 118.009614162481171, 2.204417802631183, -0.000023499998292 ] ] ], [ [ [ 118.012098795569258, 2.205359831622734, -0.000023499998292 ], [ 118.010818075732558, 2.205701156102619, -0.000023499998292 ], [ 118.012155902130274, 2.205838103525679, -0.000023499998292 ], [ 118.012098795569258, 2.205359831622734, -0.000023499998292 ] ] ], [ [ [ 117.978265060944523, 2.20686646652805, -0.000023499998292 ], [ 117.979135943623731, 2.204061082317756, -0.000023499998292 ], [ 117.981934190129522, 2.205046179111779, -0.000023499998292 ], [ 117.984261302453163, 2.202711927660256, -0.000023499998292 ], [ 117.981163244842335, 2.195980432875749, -0.000023499998292 ], [ 117.991718136558987, 2.198220417177369, -0.000023499998292 ], [ 117.992461718198456, 2.203782407786768, -0.000023499998292 ], [ 117.994793590686186, 2.203437385598693, -0.000023499998292 ], [ 117.992687271885984, 2.198918392446846, -0.000023499998292 ], [ 117.993561723590659, 2.198216451865219, -0.000023499998292 ], [ 118.006410812574913, 2.199733357535055, -0.000023499998292 ], [ 118.008240473595563, 2.201429364799835, -0.000023499998292 ], [ 118.009737154441012, 2.199264055363521, -0.000023499998292 ], [ 117.992921503814713, 2.196851281184344, -0.000023499998292 ], [ 117.981338684061583, 2.191131057431086, -0.000023499998292 ], [ 117.976158597200495, 2.191140575330212, -0.000023499998292 ], [ 117.97490105232346, 2.192501626746457, -0.000023499998292 ], [ 117.974053963867306, 2.192194676027196, -0.000023499998292 ], [ 117.973687527413134, 2.193260674727235, -0.000023499998292 ], [ 117.976752272938526, 2.194122039378362, -0.000023499998292 ], [ 117.97769691875321, 2.197186785134219, -0.000023499998292 ], [ 117.978790886090977, 2.197046962048876, -0.000023499998292 ], [ 117.977656359121482, 2.197343919389317, -0.000023499998292 ], [ 117.976915871244316, 2.19577157123015, -0.000023499998292 ], [ 117.97615444300267, 2.196807112616201, -0.000023499998292 ], [ 117.979097360638619, 2.19948162720754, -0.000023499998292 ], [ 117.979051675457256, 2.200300161503873, -0.000023499998292 ], [ 117.978536879035246, 2.201600775058751, -0.000023499998292 ], [ 117.979093672983652, 2.201784945553328, -0.000023499998292 ], [ 117.979803703764688, 2.202859747745876, -0.000023499998292 ], [ 117.978176152645133, 2.201801363461253, -0.000023499998292 ], [ 117.978575902296726, 2.202930179719387, -0.000023499998292 ], [ 117.977831606625372, 2.205302026235173, -0.000023499998292 ], [ 117.977563203269838, 2.202635126515263, -0.000023499998292 ], [ 117.978966133607315, 2.199772158983547, -0.000023499998292 ], [ 117.976084130199339, 2.197592573051582, -0.000023499998292 ], [ 117.975857605290997, 2.19676832718928, -0.000023499998292 ], [ 117.97654289079108, 2.194324144707757, -0.000023499998292 ], [ 117.973500273883502, 2.193786624605591, -0.000023499998292 ], [ 117.974145107213715, 2.191088315749517, -0.000023499998292 ], [ 117.96374687849449, 2.188580506943173, -0.000023499998292 ], [ 117.965653302976492, 2.191372090369403, -0.000023499998292 ], [ 117.967000078152395, 2.195114982733976, -0.000023499998292 ], [ 117.964532577137192, 2.199421807492737, -0.000023499998292 ], [ 117.966857310355479, 2.195041219528177, -0.000023499998292 ], [ 117.966041155139507, 2.193960944407602, -0.000023499998292 ], [ 117.965900766817654, 2.194044225192421, -0.000023499998292 ], [ 117.965434392523576, 2.194907970033029, -0.000023499998292 ], [ 117.96525355367487, 2.195060255616296, -0.000023499998292 ], [ 117.9654296334717, 2.191331640125211, -0.000023499998292 ], [ 117.964375532770831, 2.190232328681038, -0.000023499998292 ], [ 117.964441562635002, 2.191211873992229, -0.000023499998292 ], [ 117.964164950029584, 2.191372487452431, -0.000023499998292 ], [ 117.963778287838466, 2.191223770803829, -0.000023499998292 ], [ 117.963328569192925, 2.188396970916583, -0.000023499998292 ], [ 117.957018239149932, 2.186198348907069, -0.000023499998292 ], [ 117.956449547918041, 2.188254203295982, -0.000023499998292 ], [ 117.965205587319872, 2.19359311906863, -0.000023499998292 ], [ 117.963416233334911, 2.194925617687149, -0.000023499998292 ], [ 117.964263320816016, 2.197961809662065, -0.000023499998292 ], [ 117.96159356600063, 2.200253230362254, -0.000023499998292 ], [ 117.963568518584182, 2.201419166907121, -0.000023499998292 ], [ 117.9628308853069, 2.204916974536708, -0.000023499998292 ], [ 117.968184672844188, 2.198206894525474, -0.000023499998292 ], [ 117.9756680773109, 2.200693430958322, -0.000023499998292 ], [ 117.974541601403459, 2.205642233996303, -0.000023499998292 ], [ 117.978265060944523, 2.20686646652805, -0.000023499998292 ] ] ], [ [ [ 118.007291213750179, 2.213242748183866, -0.000023499998292 ], [ 118.010449948142238, 2.211130976088234, -0.000023499998292 ], [ 118.010491588261999, 2.208043625706214, -0.000023499998292 ], [ 118.012847255410705, 2.207924652820213, -0.000023499998292 ], [ 118.012305927968015, 2.209304740154657, -0.000023499998292 ], [ 118.014429596229576, 2.210506367932727, -0.000023499998292 ], [ 118.014517042057761, 2.205342937349974, -0.000023499998292 ], [ 118.012546847616932, 2.204276938386251, -0.000023499998292 ], [ 118.017857804730369, 2.204400670977041, -0.000023499998292 ], [ 118.015678218587993, 2.202319831941796, -0.000023499998292 ], [ 118.017885169155576, 2.199333608483843, -0.000023499998292 ], [ 118.010753924191164, 2.202341246819228, -0.000023499998292 ], [ 118.011589749085189, 2.203429771130369, -0.000023499998292 ], [ 118.013050738535881, 2.20266596449195, -0.000023499998292 ], [ 118.013638465331297, 2.202751624796473, -0.000023499998292 ], [ 118.014521245113286, 2.203203722692916, -0.000023499998292 ], [ 118.014911476595856, 2.202982432320313, -0.000023499998292 ], [ 118.015477788443746, 2.203075231797925, -0.000023499998292 ], [ 118.015760944535629, 2.203291763049137, -0.000023499998292 ], [ 118.011692066232726, 2.2035570728395, -0.000023499998292 ], [ 118.009924126394139, 2.202588631779363, -0.000023499998292 ], [ 118.009552930818657, 2.203745049888937, -0.000023499998292 ], [ 118.011002022188137, 2.203913991510063, -0.000023499998292 ], [ 118.010359567801487, 2.206150684764803, -0.000023499998292 ], [ 118.010854495659558, 2.205068029829035, -0.000023499998292 ], [ 118.01211085166311, 2.205282181790144, -0.000023499998292 ], [ 118.012353556780738, 2.206007917356722, -0.000023499998292 ], [ 118.012196512163669, 2.206957322349248, -0.000023499998292 ], [ 118.01321016248987, 2.206926389139253, -0.000023499998292 ], [ 118.013438590818708, 2.207062018499037, -0.000023499998292 ], [ 118.013957313623109, 2.208815681306433, -0.000023499998292 ], [ 118.012163199310464, 2.207085813062017, -0.000023499998292 ], [ 118.012089436349584, 2.205957948354795, -0.000023499998292 ], [ 118.010164452730507, 2.206452876996081, -0.000023499998292 ], [ 118.009255498452703, 2.210531272669491, -0.000023499998292 ], [ 118.008670150579334, 2.211295079692187, -0.000023499998292 ], [ 118.007915861730567, 2.211930395696297, -0.000023499998292 ], [ 118.009887060933977, 2.205457792158617, -0.000023499998292 ], [ 118.007448113143951, 2.204111017088259, -0.000023499998292 ], [ 118.007053267555222, 2.202868298261078, -0.000023499998292 ], [ 118.008445251730564, 2.208323212392719, -0.000023499998292 ], [ 118.007350699682689, 2.209625967018909, -0.000023499998292 ], [ 118.006083636978531, 2.208287520746401, -0.000023499998292 ], [ 118.005006931090705, 2.207734295947314, -0.000023499998292 ], [ 118.00748751904365, 2.210916825154525, -0.000023499998292 ], [ 118.005250826009316, 2.212517012612888, -0.000023499998292 ], [ 118.007291213750179, 2.213242748183866, -0.000023499998292 ] ] ] ] } },
{ "type": "Feature", "properties": { "FIDcopy": 124.0, "Provinsi": "Kalimantan Timur", "Kab_Kota": "Berau", "Kecamatan": "Biduk-Biduk", "Kel_Desa": "Labuan Cermin", "Kodetxt": "KT126", "percentFC": 0, "Nama_Lemba": "Pokdarwis Labuan Cermin", "No_SK_Izin": null, "Luas_Izin": null, "Luas_Pol": 991.79, "Keterangan": null, "Skema_PS": "APL", "Fungsi_Kaw": null, "KPH": null, "Shape_Leng": 0.0, "Shape_Area": 0.0, "kode": 0.0 }, "geometry": { "type": "MultiPolygon", "coordinates": [ [ [ [ 118.694030164466866, 1.21517690552859, -0.000023499998292 ], [ 118.694104815377401, 1.215077048455517, -0.000023499998292 ], [ 118.69397163065689, 1.214981423709619, -0.000023499998292 ], [ 118.694030164466866, 1.21517690552859, -0.000023499998292 ] ] ], [ [ [ 118.694104886946917, 1.215191898260207, -0.000023499998292 ], [ 118.694065077490848, 1.215183910128615, -0.000023499998292 ], [ 118.694047857321564, 1.21523021724693, -0.000023499998292 ], [ 118.694104886946917, 1.215191898260207, -0.000023499998292 ] ] ], [ [ [ 118.694093507265748, 1.215241673411589, -0.000023499998292 ], [ 118.694123940861189, 1.215249311155232, -0.000023499998292 ], [ 118.694104910804754, 1.215230181226977, -0.000023499998292 ], [ 118.694093507265748, 1.215241673411589, -0.000023499998292 ] ] ], [ [ [ 118.693087745113246, 1.224682245271683, -0.000023499998292 ], [ 118.694047857321564, 1.21523021724693, -0.000023499998292 ], [ 118.693914577174979, 1.214981459719367, -0.000023499998292 ], [ 118.693647826347387, 1.214177677113556, -0.000023499998292 ], [ 118.691660608165847, 1.210783089162252, -0.000023499998292 ], [ 118.693373753765812, 1.209008534785978, -0.000023499998292 ], [ 118.693040101270597, 1.205890297639119, -0.000023499998292 ], [ 118.69000986126872, 1.202046697049628, -0.000023499998292 ], [ 118.687404292368143, 1.202077536228727, -0.000023499998292 ], [ 118.681848543949712, 1.209766704441773, -0.000023499998292 ], [ 118.681886143737884, 1.214280446166948, -0.000023499998292 ], [ 118.679929508008541, 1.217618671290437, -0.000023499998292 ], [ 118.674038889209442, 1.223229260879098, -0.000023499998292 ], [ 118.673000367263185, 1.229234725827193, -0.000023499998292 ], [ 118.66844580944408, 1.230548889306263, -0.000023499998292 ], [ 118.665348712366139, 1.234927856644701, -0.000023499998292 ], [ 118.659848430477851, 1.237500292664226, -0.000023499998292 ], [ 118.658253020604946, 1.240686842471814, -0.000023499998292 ], [ 118.654876546084608, 1.241979308156967, -0.000023499998292 ], [ 118.653881754492147, 1.246076631452124, -0.000023499998292 ], [ 118.660979150059461, 1.25601273226927, -0.000023499998292 ], [ 118.66762600067166, 1.258051802314469, -0.000023499998292 ], [ 118.67297541029393, 1.26191929193025, -0.000023499998292 ], [ 118.682113200679368, 1.263519562586842, -0.000023499998292 ], [ 118.683481486796794, 1.265717738055986, -0.000023499998292 ], [ 118.686122474047053, 1.263961851037959, -0.000023499998292 ], [ 118.687141973083953, 1.259426576530115, -0.000023499998292 ], [ 118.689849995497283, 1.260389996058869, -0.000023499998292 ], [ 118.691274156586331, 1.259353312157959, -0.000023499998292 ], [ 118.692458394447598, 1.252252092462021, -0.000023499998292 ], [ 118.697519262627083, 1.252337283150704, -0.000023499998292 ], [ 118.701781567796246, 1.24893920562187, -0.000023499998292 ], [ 118.703035227420969, 1.244991597742778, -0.000023499998292 ], [ 118.699099029647272, 1.241730207387276, -0.000023499998292 ], [ 118.704113644176644, 1.235033131523441, -0.000023499998292 ], [ 118.710527487133746, 1.232425543314708, -0.000023499998292 ], [ 118.703342299671789, 1.229233503467683, -0.000023499998292 ], [ 118.699179352053619, 1.224515585944654, -0.000023499998292 ], [ 118.695577163077658, 1.225666379518365, -0.000023499998292 ], [ 118.693087745113246, 1.224682245271683, -0.000023499998292 ] ] ] ] } },
{ "type": "Feature", "properties": { "FIDcopy": 126.0, "Provinsi": "Kalimantan Timur", "Kab_Kota": "Berau", "Kecamatan": "Biduk-Biduk", "Kel_Desa": "Teluk Sumbang", "Kodetxt": "KT127", "percentFC": 0, "Nama_Lemba": "LPHD Teluk Sumbang", "No_SK_Izin": "SK.5222/MENLHK-PSKL/PKPS/PSK.0/5/2023", "Luas_Izin": "1.083", "Luas_Pol": 1082.43400815, "Keterangan": null, "Skema_PS": "HD", "Fungsi_Kaw": "HP", "KPH": "KPHP Berau Pantai", "Shape_Leng": 0.0, "Shape_Area": 10826430.0372, "kode": 0.0 }, "geometry": { "type": "MultiPolygon", "coordinates": [ [ [ [ 118.799282076832611, 1.091068808918882, 0.000000000000114 ], [ 118.808283551069508, 1.064211611813383, 0.000000000000114 ], [ 118.802250953817463, 1.049788368217945, 0.000000000000114 ], [ 118.815284452837957, 1.016066463042242, 0.000000000000114 ], [ 118.822939084281884, 1.008802308594318, 0.000000000000114 ], [ 118.820724962421806, 1.008169707527098, 0.000000000000114 ], [ 118.798004828925684, 1.032385286004528, 0.000000000000114 ], [ 118.788757674499124, 1.057952317200078, 0.000000000000114 ], [ 118.795196053623414, 1.073081070604019, 0.000000000000114 ], [ 118.786495968336439, 1.098158608330585, 0.000000000000114 ], [ 118.787299935924622, 1.098836110528146, 0.000000000000114 ], [ 118.799282076832611, 1.091068808918882, 0.000000000000114 ] ] ] ] } },
{ "type": "Feature", "properties": { "FIDcopy": 127.0, "Provinsi": "Kalimantan Timur", "Kab_Kota": "Penajam Paser Utara", "Kecamatan": "Penajam", "Kel_Desa": "Sotek", "Kodetxt": "KT128", "percentFC": 0, "Nama_Lemba": "Gapoktanhut Paser Sejahtera Bersama", "No_SK_Izin": "SK.7421/MENLHK-PSKL/PKPS/PSL.0/7/2023", "Luas_Izin": "1.605", "Luas_Pol": 1605.8063084200001, "Keterangan": null, "Skema_PS": "HKM", "Fungsi_Kaw": "HPT", "KPH": "KPHP Bongan", "Shape_Leng": 0.0, "Shape_Area": 16046333.5436, "kode": 0.0 }, "geometry": { "type": "MultiPolygon", "coordinates": [ [ [ [ 116.523370571199479, -1.262888699358488, 0.000000000000114 ], [ 116.506924932027403, -1.245311300222637, 0.000000000000114 ], [ 116.499487927845081, -1.240723303768094, 0.000000000000114 ], [ 116.496106923859799, -1.233639303568226, 0.000000000000114 ], [ 116.489337997729422, -1.231510107371663, 0.000000000000114 ], [ 116.489390144023929, -1.22847985023687, 0.000000000000114 ], [ 116.504446288809532, -1.229723461640775, 0.000000000000114 ], [ 116.51178644976325, -1.232784401624639, 0.000000000000114 ], [ 116.515410844572784, -1.22801786277359, 0.000000000000114 ], [ 116.519157068562819, -1.226144752562296, 0.000000000000114 ], [ 116.527806884208658, -1.228109234236028, 0.000000000000114 ], [ 116.529817052526653, -1.230058489072127, 0.000000000000114 ], [ 116.535725731002373, -1.23019554688922, 0.000000000000114 ], [ 116.54035520933806, -1.227028008219484, 0.000000000000114 ], [ 116.549370510403918, -1.229495034920553, 0.000000000000114 ], [ 116.552444459809578, -1.248639772681355, 0.000000000000114 ], [ 116.555519549023046, -1.25173691910706, 0.000000000000114 ], [ 116.530195012509736, -1.251388955021521, 0.000000000000114 ], [ 116.529194224896685, -1.268313690904762, 0.000000000000114 ], [ 116.524298349904939, -1.267807402612181, 0.000000000000114 ], [ 116.523370571199479, -1.262888699358488, 0.000000000000114 ] ] ] ] } },
{ "type": "Feature", "properties": { "FIDcopy": 128.0, "Provinsi": "Kalimantan Timur", "Kab_Kota": "Berau", "Kecamatan": "Teluk Bayur", "Kel_Desa": "Labanan Makmur", "Kodetxt": "KT129", "percentFC": 0, "Nama_Lemba": "KTH Manunggal Makmur Sejahtera", "No_SK_Izin": "SK.7483/MENLHK-PSKL/PKPS/PSL.0/7/2023", "Luas_Izin": "119,2", "Luas_Pol": 119.305884302, "Keterangan": null, "Skema_PS": "HKM", "Fungsi_Kaw": "HP", "KPH": "KPHP Berau Barat", "Shape_Leng": 0.0, "Shape_Area": 1192127.70429, "kode": 0.0 }, "geometry": { "type": "MultiPolygon", "coordinates": [ [ [ [ 117.255813665485618, 2.015768483941488, 0.000000000000114 ], [ 117.2538582809986, 2.018370290581948, 0.000000000000114 ], [ 117.252857714230359, 2.017677005183753, 0.000000000000114 ], [ 117.246142000181422, 2.022012999783389, 0.000000000000114 ], [ 117.247339761694136, 2.026034660398568, 0.000000000000114 ], [ 117.249584151463381, 2.027130899502966, 0.000000000000114 ], [ 117.260559575661958, 2.019128016303228, 0.000000000000114 ], [ 117.265024714831242, 2.010678824875792, 0.000000000000114 ], [ 117.255813665485618, 2.015768483941488, 0.000000000000114 ] ], [ [ 117.260673676279026, 2.01348996916644, 0.000000000000114 ], [ 117.261588975100494, 2.016434155530022, 0.000000000000114 ], [ 117.25925551722375, 2.014551208032833, 0.000000000000114 ], [ 117.260673676279026, 2.01348996916644, 0.000000000000114 ] ] ] ] } },
{ "type": "Feature", "properties": { "FIDcopy": 129.0, "Provinsi": "Kalimantan Timur", "Kab_Kota": "Kutai Barat", "Kecamatan": "Bentian Besar", "Kel_Desa": "Penarung", "Kodetxt": "KT130", "percentFC": 0, "Nama_Lemba": "LPHD Penarung", "No_SK_Izin": "SK.6221/MENLHK-PSKL/PKPS/PSL.0/6/2023", "Luas_Izin": "1.147", "Luas_Pol": 1147.04359623, "Keterangan": null, "Skema_PS": "HD", "Fungsi_Kaw": "HP", "KPH": "KPHP Damai", "Shape_Leng": 0.0, "Shape_Area": 11467419.937100001, "kode": 0.0 }, "geometry": { "type": "MultiPolygon", "coordinates": [ [ [ [ 115.681218188536249, -0.635459920620922, 0.000000000000114 ], [ 115.687539058872289, -0.693015113316794, 0.000000000000114 ], [ 115.682405048533411, -0.696189682104687, 0.000000000000114 ], [ 115.669992409240592, -0.695891375810269, 0.000000000000114 ], [ 115.670016701877628, -0.691689557275332, 0.000000000000114 ], [ 115.662908533424414, -0.691721047524054, 0.000000000000114 ], [ 115.665914435006016, -0.67999024864075, 0.000000000000114 ], [ 115.671293259594734, -0.673124312958949, 0.000000000000114 ], [ 115.669973373000488, -0.656421660786031, 0.000000000000114 ], [ 115.667799916225476, -0.651246422846958, 0.000000000000114 ], [ 115.668947926309727, -0.639223527779588, 0.000000000000114 ], [ 115.681218188536249, -0.635459920620922, 0.000000000000114 ] ] ] ] } },
{ "type": "Feature", "properties": { "FIDcopy": 130.0, "Provinsi": "Kalimantan Timur", "Kab_Kota": "Mahakam Ulu", "Kecamatan": "Long Hubung", "Kel_Desa": "Mamahak Teboq", "Kodetxt": "KT131", "percentFC": 0, "Nama_Lemba": "LPHK Mamahak Teboq", "No_SK_Izin": "SK.7951/MENLHK-PSKL/PKPS/PSL.0/8/2023", "Luas_Izin": "5.000", "Luas_Pol": 4999.7202327799996, "Keterangan": null, "Skema_PS": "HD", "Fungsi_Kaw": "HL", "KPH": "KPHP Damai", "Shape_Leng": 0.0, "Shape_Area": 50000048.452, "kode": 0.0 }, "geometry": { "type": "MultiPolygon", "coordinates": [ [ [ [ 115.361620490727802, 0.044600527381625, 0.000000000000114 ], [ 115.36358103563424, 0.042342024704631, 0.000000000000114 ], [ 115.366474273879746, 0.041476155765957, 0.000000000000114 ], [ 115.36480538989052, 0.037302470441239, 0.000000000000114 ], [ 115.363201773168754, 0.036818840388304, 0.000000000000114 ], [ 115.352200031611105, 0.043793404215089, 0.000000000000114 ], [ 115.355525636913271, 0.043123745898785, 0.000000000000114 ], [ 115.361620490727802, 0.044600527381625, 0.000000000000114 ] ] ], [ [ [ 115.363389892613654, 0.036132102868949, 0.000000000000114 ], [ 115.364595678201681, 0.036826317170916, 0.000000000000114 ], [ 115.354534918204067, 0.01933552817683, 0.000000000000114 ], [ 115.339213205615451, 0.002983052252672, 0.000000000000114 ], [ 115.321777254447355, -0.008569944675775, 0.000000000000114 ], [ 115.302117214508868, -0.015773832492514, 0.000000000000114 ], [ 115.292330684399218, 0.002111771403919, 0.000000000000114 ], [ 115.290783591962921, 0.025860732753253, 0.000000000000114 ], [ 115.295359988532198, 0.035013527504562, 0.000000000000114 ], [ 115.309089179724666, 0.046912160782189, 0.000000000000114 ], [ 115.325851167327258, 0.059097750757948, 0.000000000000114 ], [ 115.329368232230692, 0.060063841688849, 0.000000000000114 ], [ 115.331432611217082, 0.054638845320277, 0.000000000000114 ], [ 115.335357620414527, 0.049019270531957, 0.000000000000114 ], [ 115.342857939451022, 0.045938452603447, 0.000000000000114 ], [ 115.349510696160792, 0.044710033497297, 0.000000000000114 ], [ 115.363389892613654, 0.036132102868949, 0.000000000000114 ] ] ], [ [ [ 115.371642975376503, 0.063499175756634, 0.000000000000114 ], [ 115.366501372072619, 0.041745230923433, 0.000000000000114 ], [ 115.361687250479036, 0.044865728547939, 0.000000000000114 ], [ 115.354454022228012, 0.043393252242914, 0.000000000000114 ], [ 115.335875999047062, 0.04936284229825, 0.000000000000114 ], [ 115.331405428564722, 0.055555368519529, 0.000000000000114 ], [ 115.330689031412788, 0.060426647588872, 0.000000000000114 ], [ 115.353923524453023, 0.066774503696728, 0.000000000000114 ], [ 115.371642975376503, 0.063499175756634, 0.000000000000114 ] ] ] ] } },
{ "type": "Feature", "properties": { "FIDcopy": 131.0, "Provinsi": "Kalimantan Timur", "Kab_Kota": "Paser", "Kecamatan": "Muara Komam", "Kel_Desa": "Muara Langon", "Kodetxt": "KT132", "percentFC": 0, "Nama_Lemba": "KTH Aji Makmur", "No_SK_Izin": "SK.7383/MENLHK-PSKL/PKPS/PSL.0/7/2023", "Luas_Izin": "271", "Luas_Pol": 271.99567620400001, "Keterangan": null, "Skema_PS": "HKM", "Fungsi_Kaw": "HPT", "KPH": "KPHP Kendilo", "Shape_Leng": 0.0, "Shape_Area": 2719121.7387600001, "kode": 0.0 }, "geometry": { "type": "MultiPolygon", "coordinates": [ [ [ [ 115.727392366958682, -1.728129628091288, 0.000000000000114 ], [ 115.719376297861373, -1.727784175417138, 0.000000000000114 ], [ 115.716675615246302, -1.723544943275558, 0.000000000000114 ], [ 115.728453639443842, -1.714970379693032, 0.000000000000114 ], [ 115.742586538885604, -1.709569316272026, 0.000000000000114 ], [ 115.749830303487343, -1.709529604764273, 0.000000000000114 ], [ 115.747658173705162, -1.716176802174438, 0.000000000000114 ], [ 115.732066522176837, -1.717699159645005, 0.000000000000114 ], [ 115.731824776180332, -1.720041904167741, 0.000000000000114 ], [ 115.729940924120939, -1.720490558087314, 0.000000000000114 ], [ 115.727416670684448, -1.725514497631506, 0.000000000000114 ], [ 115.727392366958682, -1.728129628091288, 0.000000000000114 ] ] ] ] } },
{ "type": "Feature", "properties": { "FIDcopy": 132.0, "Provinsi": "Kalimantan Timur", "Kab_Kota": "Paser", "Kecamatan": "Muara Samu", "Kel_Desa": "Luan", "Kodetxt": "KT133", "percentFC": 0, "Nama_Lemba": "KTH Gunung Sampi Jaya", "No_SK_Izin": "SK.7404/MENLHK-PSKL/PKPS/PSL.0/7/2023", "Luas_Izin": "5", "Luas_Pol": 5.4297141898100003, "Keterangan": null, "Skema_PS": "HKM", "Fungsi_Kaw": "HP", "KPH": "KPHP Kendilo", "Shape_Leng": 0.0, "Shape_Area": 54270.769368499998, "kode": 0.0 }, "geometry": { "type": "MultiPolygon", "coordinates": [ [ [ [ 115.988044311657831, -1.990396213891197, 0.000000000000114 ], [ 115.988994026086246, -1.992506511324263, 0.000000000000114 ], [ 115.985506656565903, -1.992549285140025, 0.000000000000114 ], [ 115.988044311657831, -1.990396213891197, 0.000000000000114 ] ] ] ] } },
{ "type": "Feature", "properties": { "FIDcopy": 133.0, "Provinsi": "Kalimantan Timur", "Kab_Kota": "Kutai Barat", "Kecamatan": "Bongan", "Kel_Desa": "Tanjung Soke", "Kodetxt": "KT134", "percentFC": 0, "Nama_Lemba": "LPHK Tanjung Soke", "No_SK_Izin": "SK.8542/MENLHK-PSKL/PKPS/PSL.0/8/2023", "Luas_Izin": "5.000", "Luas_Pol": 5003.1932686299997, "Keterangan": null, "Skema_PS": "HD", "Fungsi_Kaw": "HL", "KPH": "KPHP Bongan", "Shape_Leng": 0.0, "Shape_Area": 50002754.48619999, "kode": 0.0 }, "geometry": { "type": "MultiPolygon", "coordinates": [ [ [ [ 116.159479437710459, -1.004743169274072, 0.000000000000114 ], [ 116.169674068747369, -1.004826431252784, 0.000000000000114 ], [ 116.172981074855073, -1.010823103871048, 0.000000000000114 ], [ 116.174557685424148, -1.008745430143796, 0.000000000000114 ], [ 116.175511522048694, -1.009253604891769, 0.000000000000114 ], [ 116.173863494900118, -1.014650855922287, 0.000000000000114 ], [ 116.178538358422557, -1.017435427700535, 0.000000000000114 ], [ 116.176486271969509, -1.018043209036671, 0.000000000000114 ], [ 116.176844261021543, -1.019650436806883, 0.000000000000114 ], [ 116.173168925435803, -1.019606600122277, 0.000000000000114 ], [ 116.173148553981648, -1.024379459425561, 0.000000000000114 ], [ 116.175155765911157, -1.024800534557824, 0.000000000000114 ], [ 116.174217904877381, -1.027382243186453, 0.000000000000114 ], [ 116.170497549077297, -1.026196728573074, 0.000000000000114 ], [ 116.170150994845855, -1.029362886081562, 0.000000000000114 ], [ 116.168400058572317, -1.029700696238913, 0.000000000000114 ], [ 116.170293610577659, -1.031228723556123, 0.000000000000114 ], [ 116.167232775186363, -1.033667524140411, 0.000000000000114 ], [ 116.168546696426972, -1.037188890578576, 0.000000000000114 ], [ 116.170601011865585, -1.037864405149737, 0.000000000000114 ], [ 116.169153913311987, -1.041813905149955, 0.000000000000114 ], [ 116.16685121678718, -1.040864863240939, 0.000000000000114 ], [ 116.166975175415374, -1.043457841558785, 0.000000000000114 ], [ 116.168265429915692, -1.042834405819873, 0.000000000000114 ], [ 116.169866702176222, -1.044515781987882, 0.000000000000114 ], [ 116.171606296009372, -1.043166591854293, 0.000000000000114 ], [ 116.17485937039821, -1.046237772554368, 0.000000000000114 ], [ 116.183144520735851, -1.044076211378234, 0.000000000000114 ], [ 116.182468053108565, -1.048499259630598, 0.000000000000114 ], [ 116.184560248865466, -1.04987847701516, 0.000000000000114 ], [ 116.18363842534302, -1.055326287084823, 0.000000000000114 ], [ 116.18471310924771, -1.056431659821828, 0.000000000000114 ], [ 116.181951483605431, -1.059777069233011, 0.000000000000114 ], [ 116.181738956035574, -1.063175810372309, 0.000000000000114 ], [ 116.191876531622782, -1.069659685854632, 0.000000000000114 ], [ 116.190245960720304, -1.075660101364392, 0.000000000000114 ], [ 116.191975307785995, -1.082419877657936, 0.000000000000114 ], [ 116.182115553887229, -1.097225189862194, 0.000000000000114 ], [ 116.169984817362689, -1.098190307833787, 0.000000000000114 ], [ 116.154508590940864, -1.095808029061643, 0.000000000000114 ], [ 116.146379469982534, -1.093078615426525, 0.000000000000114 ], [ 116.140050887649394, -1.088909149258202, 0.000000000000114 ], [ 116.133634566052493, -1.093591691199471, 0.000000000000114 ], [ 116.130778313595926, -1.091247777090258, 0.000000000000114 ], [ 116.135498995502559, -1.069395283759487, 0.000000000000114 ], [ 116.13525135506552, -1.041111135087167, 0.000000000000114 ], [ 116.138833891899097, -1.01784201281012, 0.000000000000114 ], [ 116.147484932680356, -0.996982658408502, 0.000000000000114 ], [ 116.159476712253152, -1.001910618061985, 0.000000000000114 ], [ 116.159479437710459, -1.004743169274072, 0.000000000000114 ] ] ] ] } },
{ "type": "Feature", "properties": { "FIDcopy": 134.0, "Provinsi": "Kalimantan Timur", "Kab_Kota": "Paser", "Kecamatan": "Muara Komam", "Kel_Desa": "Selerong", "Kodetxt": "KT135", "percentFC": 0, "Nama_Lemba": "KTH Bawo Baras", "No_SK_Izin": "SK.7405/MENLHK-PSKL/PKPS/PSL.0/7/2023", "Luas_Izin": "85", "Luas_Pol": 85.255575199199995, "Keterangan": null, "Skema_PS": "HKM", "Fungsi_Kaw": "HPT", "KPH": "KPHP Kendilo", "Shape_Leng": 0.0, "Shape_Area": 852282.26779700001, "kode": 0.0 }, "geometry": { "type": "MultiPolygon", "coordinates": [ [ [ [ 115.749829665176151, -1.709535351582695, 0.000000000000114 ], [ 115.756872216664476, -1.709496767501256, 0.000000000000114 ], [ 115.752424039167636, -1.720376450062343, 0.000000000000114 ], [ 115.746587626201944, -1.7189928013842, 0.000000000000114 ], [ 115.749829665176151, -1.709535351582695, 0.000000000000114 ] ] ] ] } },
{ "type": "Feature", "properties": { "FIDcopy": 135.0, "Provinsi": "Kalimantan Timur", "Kab_Kota": "Kutai Kartanegara", "Kecamatan": "Tabang", "Kel_Desa": "Muara Tuboq", "Kodetxt": "KT136", "percentFC": 0, "Nama_Lemba": "LD Bunga Bakung", "No_SK_Izin": "SK.10060/MENLHK-PSKL/PKPS/PSL.0/9/2023", "Luas_Izin": "4.038", "Luas_Pol": 4039.1813365200001, "Keterangan": null, "Skema_PS": "HD", "Fungsi_Kaw": "HPT", "KPH": "KPHP Sub DAS Belayan", "Shape_Leng": 0.0, "Shape_Area": 40383659.279299997, "kode": 0.0 }, "geometry": { "type": "MultiPolygon", "coordinates": [ [ [ [ 115.563989741160853, 0.847921438312527, 0.000000000000114 ], [ 115.578759925922412, 0.833734285946811, 0.000000000000114 ], [ 115.57530213226589, 0.812678217247678, 0.000000000000114 ], [ 115.577102674038215, 0.803020417319059, 0.000000000000114 ], [ 115.581703196234471, 0.806052026089118, 0.000000000000114 ], [ 115.587575835762237, 0.807495472258985, 0.000000000000114 ], [ 115.568023681657735, 0.782721758268323, 0.000000000000114 ], [ 115.554422369277816, 0.757451805418095, 0.000000000000114 ], [ 115.546705553757107, 0.757769900440641, 0.000000000000114 ], [ 115.54187831183971, 0.760213776172239, 0.000000000000114 ], [ 115.53907378913614, 0.758576019089425, 0.000000000000114 ], [ 115.535999144064718, 0.760277250679558, 0.000000000000114 ], [ 115.538104533912559, 0.76696872116334, 0.000000000000114 ], [ 115.568425638654361, 0.810538725223568, 0.000000000000114 ], [ 115.571589199788392, 0.820882406560833, 0.000000000000114 ], [ 115.562072477337907, 0.836243895270288, 0.000000000000114 ], [ 115.556183892215572, 0.843127103429798, 0.000000000000114 ], [ 115.555274476860234, 0.842730619989023, 0.000000000000114 ], [ 115.563989741160853, 0.847921438312527, 0.000000000000114 ] ] ], [ [ [ 115.648115909297516, 1.050977746078291, 0.000000000000114 ], [ 115.632205523722092, 1.03526623901913, 0.000000000000114 ], [ 115.62365369218503, 1.031686401666025, 0.000000000000114 ], [ 115.618085054797746, 1.031089761871965, 0.000000000000114 ], [ 115.609732101883637, 1.02174241073275, 0.000000000000114 ], [ 115.590838516741613, 1.021742411034594, 0.000000000000114 ], [ 115.583529307284323, 1.026948633724631, 0.000000000000114 ], [ 115.583222092592649, 1.028566668377405, 0.000000000000114 ], [ 115.598030009684564, 1.028523581326585, 0.000000000000114 ], [ 115.611860143009125, 1.043342699290705, 0.000000000000114 ], [ 115.624642048595632, 1.063282634948534, 0.000000000000114 ], [ 115.64521888827997, 1.090692690582538, 0.000000000000114 ], [ 115.645614845191275, 1.111714033577473, 0.000000000000114 ], [ 115.654230389764422, 1.0993058139348, 0.000000000000114 ], [ 115.649013176232117, 1.09268191183819, 0.000000000000114 ], [ 115.664730102877726, 1.084879303359891, 0.000000000000114 ], [ 115.660228172870333, 1.079972627256847, 0.000000000000114 ], [ 115.655275583046276, 1.062313894753625, 0.000000000000114 ], [ 115.648115909297516, 1.050977746078291, 0.000000000000114 ] ] ] ] } },
{ "type": "Feature", "properties": { "FIDcopy": 136.0, "Provinsi": "Kalimantan Timur", "Kab_Kota": "Kutai Kartanegara", "Kecamatan": "Tenggarong Seberang", "Kel_Desa": "Bukit Pariaman", "Kodetxt": "KT137", "percentFC": 0, "Nama_Lemba": "LPHD Bukit Pariaman", "No_SK_Izin": "SK.10452/MENLHK-PSKL/PKPS/PSL.0/9/2023", "Luas_Izin": "577", "Luas_Pol": 578.02772229000004, "Keterangan": null, "Skema_PS": "HD", "Fungsi_Kaw": "HP", "KPH": "KPHP Santan", "Shape_Leng": 0.0, "Shape_Area": 5775696.5699800001, "kode": 0.0 }, "geometry": { "type": "MultiPolygon", "coordinates": [ [ [ [ 117.166666973154051, -0.270368429585329, 0.000000000000114 ], [ 117.166666974424899, -0.283333000859379, 0.000000000000114 ], [ 117.160800192428795, -0.281761081281748, 0.000000000000114 ], [ 117.160726222844858, -0.283333019311838, 0.000000000000114 ], [ 117.158333025058681, -0.283333027152321, 0.000000000000114 ], [ 117.158333015158078, -0.299363633231376, 0.000000000000114 ], [ 117.141661100368765, -0.295234815656352, 0.000000000000114 ], [ 117.141660530609258, -0.291806686864382, 0.000000000000114 ], [ 117.15102393596176, -0.282202798954169, 0.000000000000114 ], [ 117.149919000397546, -0.280717999932886, 0.000000000000114 ], [ 117.150927500302259, -0.280115200087204, 0.000000000000114 ], [ 117.155613901421845, -0.281066995257595, 0.000000000000114 ], [ 117.159279600314846, -0.280923699984731, 0.000000000000114 ], [ 117.162196301097865, -0.276973499885393, 0.000000000000114 ], [ 117.164295501154356, -0.271203798761586, 0.000000000000114 ], [ 117.165406423011092, -0.269828486643709, 0.000000000000114 ], [ 117.166666973154051, -0.270368429585329, 0.000000000000114 ] ] ], [ [ [ 117.162500000667052, -0.258332998576117, 0.000000000000114 ], [ 117.158333000407836, -0.270292998919326, 0.000000000000114 ], [ 117.158332999772995, -0.276624000079229, 0.000000000000114 ], [ 117.160259054201305, -0.27768583925838, 0.000000000000114 ], [ 117.166202001156691, -0.259653998874977, 0.000000000000114 ], [ 117.166666970601128, -0.250039072608718, 0.000000000000114 ], [ 117.166666973274303, -0.268193437976925, 0.000000000000114 ], [ 117.163986201141029, -0.271065699959813, 0.000000000000114 ], [ 117.159999798606734, -0.27992719776807, 0.000000000000114 ], [ 117.156917000138662, -0.280913000283289, 0.000000000000114 ], [ 117.151200757034402, -0.280029773934694, 0.000000000000114 ], [ 117.150383446668272, -0.280157487782438, 0.000000000000114 ], [ 117.149776147275119, -0.280476923418558, 0.000000000000114 ], [ 117.149292902136764, -0.281093851936349, 0.000000000000114 ], [ 117.146575703236806, -0.279353141633243, 0.000000000000114 ], [ 117.145775886261205, -0.277417214231182, 0.000000000000114 ], [ 117.150857150906802, -0.275107790274974, 0.000000000000114 ], [ 117.150669315126962, -0.262979708181289, 0.000000000000114 ], [ 117.154153468141715, -0.263800640767429, 0.000000000000114 ], [ 117.153285674833711, -0.265191443644046, 0.000000000000114 ], [ 117.154789931235513, -0.266349109128928, 0.000000000000114 ], [ 117.153085584406284, -0.269114406114802, 0.000000000000114 ], [ 117.154206895580614, -0.272771024186138, 0.000000000000114 ], [ 117.15634899138152, -0.273208775132283, 0.000000000000114 ], [ 117.1603232335722, -0.258332991126927, 0.000000000000114 ], [ 117.162500000667052, -0.258332998576117, 0.000000000000114 ] ] ], [ [ [ 117.162500000667052, -0.258332998576117, 0.000000000000114 ], [ 117.162499999598182, -0.252161327378149, 0.000000000000114 ], [ 117.16373978982601, -0.24864622021477, 0.000000000000114 ], [ 117.166558966380521, -0.246155616879424, 0.000000000000114 ], [ 117.162500000667052, -0.258332998576117, 0.000000000000114 ] ] ] ] } },
{ "type": "Feature", "properties": { "FIDcopy": 137.0, "Provinsi": "Kalimantan Timur", "Kab_Kota": "Paser", "Kecamatan": "Muara Komam", "Kel_Desa": "Muara Tuboq", "Kodetxt": "KT138", "percentFC": 0, "Nama_Lemba": "LPHD Benawa Sejahtera", "No_SK_Izin": "SK.11574/MENLHK-PSKL/PKPS/PSL.0/10/2023", "Luas_Izin": "4.558", "Luas_Pol": 4559.6389692299999, "Keterangan": null, "Skema_PS": "HD", "Fungsi_Kaw": "HL/HPT", "KPH": "KPHP Kendilo", "Shape_Leng": 0.0, "Shape_Area": 45581866.911799997, "kode": 0.0 }, "geometry": { "type": "MultiPolygon", "coordinates": [ [ [ [ 115.732953940403689, -1.737105359232139, 0.000000000000114 ], [ 115.736829956449156, -1.726646351165199, 0.000000000000114 ], [ 115.739731967047533, -1.725350317074387, 0.000000000000114 ], [ 115.741667972291012, -1.7222693186078, 0.000000000000114 ], [ 115.744327957010142, -1.722028363557468, 0.000000000000114 ], [ 115.746851113443256, -1.718957325199665, 0.000000000000114 ], [ 115.75268751541654, -1.720340968597531, 0.000000000000114 ], [ 115.757135679945407, -1.709461305962759, 0.000000000000114 ], [ 115.763352030062876, -1.70942720113854, 0.000000000000114 ], [ 115.778544077382762, -1.721794909290915, 0.000000000000114 ], [ 115.783330353831118, -1.731628127396263, 0.000000000000114 ], [ 115.781052447816052, -1.732161901267899, 0.000000000000114 ], [ 115.783438528034651, -1.736871432786883, 0.000000000000114 ], [ 115.77584198856087, -1.745753237880449, 0.000000000000114 ], [ 115.773234651233295, -1.755711281176331, 0.000000000000114 ], [ 115.770631493176708, -1.759199106224197, 0.000000000000114 ], [ 115.771025930255973, -1.7680495596751, 0.000000000000114 ], [ 115.769657612893795, -1.773522836224305, 0.000000000000114 ], [ 115.7575028469644, -1.775012709616784, 0.000000000000114 ], [ 115.75265136260191, -1.77880064382379, 0.000000000000114 ], [ 115.743476707898481, -1.794189768277556, 0.000000000000114 ], [ 115.733299426060938, -1.792679314419148, 0.000000000000114 ], [ 115.730809794112091, -1.798739585671424, 0.000000000000114 ], [ 115.728471142937295, -1.800501766005816, 0.000000000000114 ], [ 115.728266158575224, -1.796933210916576, 0.000000000000114 ], [ 115.719471324642271, -1.798544330270892, 0.000000000000114 ], [ 115.708082078132975, -1.78794100871817, 0.000000000000114 ], [ 115.708103133448276, -1.78607745102431, 0.000000000000114 ], [ 115.710870404728283, -1.776610456847343, 0.000000000000114 ], [ 115.714875670198339, -1.77158566695611, 0.000000000000114 ], [ 115.713992195624556, -1.766212979713934, 0.000000000000114 ], [ 115.717270368920836, -1.764026378726984, 0.000000000000114 ], [ 115.720496358576142, -1.756376565399359, 0.000000000000114 ], [ 115.723576868921882, -1.752778780335756, 0.000000000000114 ], [ 115.723518626983989, -1.75167525191849, 0.000000000000114 ], [ 115.721357367800209, -1.751737085012009, 0.000000000000114 ], [ 115.724060440326937, -1.746557026692066, 0.000000000000114 ], [ 115.721736857796969, -1.741344665001881, 0.000000000000114 ], [ 115.722525777324776, -1.739999269041949, 0.000000000000114 ], [ 115.729244947997216, -1.740103375338014, 0.000000000000114 ], [ 115.732953940403689, -1.737105359232139, 0.000000000000114 ] ] ] ] } },
{ "type": "Feature", "properties": { "FIDcopy": 138.0, "Provinsi": "Kalimantan Timur", "Kab_Kota": "Kutai Kartanegara", "Kecamatan": "Tenggarong Seberang", "Kel_Desa": "Bhuana Jaya", "Kodetxt": "KT139", "percentFC": 0, "Nama_Lemba": "LPHD Bhuana Jaya Lestari", "No_SK_Izin": "SK.10453/MENLHK-PSKL/PKPS/PSL.O/9/2023", "Luas_Izin": "333", "Luas_Pol": 334.19060768000003, "Keterangan": null, "Skema_PS": "HD", "Fungsi_Kaw": "HP", "KPH": "KPHP Santan", "Shape_Leng": 0.0, "Shape_Area": 3339261.836, "kode": 0.0 }, "geometry": { "type": "MultiPolygon", "coordinates": [ [ [ [ 117.160162162535542, -0.258789666202406, 0.000000000000114 ], [ 117.158332993252074, -0.263975807456878, 0.000000000000114 ], [ 117.158332997242141, -0.258332980963948, 0.000000000000114 ], [ 117.160162162535542, -0.258789666202406, 0.000000000000114 ] ] ], [ [ [ 117.162073535496603, -0.247605547281607, 0.000000000000114 ], [ 117.154153468141743, -0.263800642576882, 0.000000000000114 ], [ 117.150669315126962, -0.262979708181289, 0.000000000000114 ], [ 117.150485406322545, -0.260413684562388, 0.000000000000114 ], [ 117.156719593498266, -0.250729277966552, 0.000000000000114 ], [ 117.157766557132049, -0.25063409971116, 0.000000000000114 ], [ 117.156481648098335, -0.25477436132978, 0.000000000000114 ], [ 117.153888036353067, -0.257724893222493, 0.000000000000114 ], [ 117.155172944981175, -0.259461898897294, 0.000000000000114 ], [ 117.1587472309471, -0.252363295642349, 0.000000000000114 ], [ 117.159143779212528, -0.242589402664405, 0.000000000000114 ], [ 117.162073535496603, -0.247605547281607, 0.000000000000114 ] ] ], [ [ [ 117.172258904913775, -0.22859722293524, 0.000000000000114 ], [ 117.166558966380563, -0.246155617784149, 0.000000000000114 ], [ 117.16373978982601, -0.24864622021477, 0.000000000000114 ], [ 117.162499998699531, -0.252161330092339, 0.000000000000114 ], [ 117.162499999803018, -0.24166700001629, 0.000000000000114 ], [ 117.166666999805059, -0.241666999853964, 0.000000000000114 ], [ 117.166666999740556, -0.233332999733028, 0.000000000000114 ], [ 117.170090785932786, -0.23333300009906, 0.000000000000114 ], [ 117.17083299958594, -0.228198254493452, 0.000000000000114 ], [ 117.172258904913775, -0.22859722293524, 0.000000000000114 ] ] ], [ [ [ 117.164169426630863, -0.222431093837486, 0.000000000000114 ], [ 117.165648701866004, -0.223918450893948, 0.000000000000114 ], [ 117.164994427940243, -0.226110640081985, 0.000000000000114 ], [ 117.159412334613521, -0.234896722526035, 0.000000000000114 ], [ 117.1574750270251, -0.228992899173512, 0.000000000000114 ], [ 117.159322499175317, -0.223267693839995, 0.000000000000114 ], [ 117.164169426630863, -0.222431093837486, 0.000000000000114 ] ] ], [ [ [ 117.175000014307244, -0.233333006436535, 0.000000000000114 ], [ 117.174104989245592, -0.235425127358654, 0.000000000000114 ], [ 117.178178941183901, -0.222470398062454, 0.000000000000114 ], [ 117.180382801888612, -0.220978303942474, 0.000000000000114 ], [ 117.180718660079975, -0.21648405453773, 0.000000000000114 ], [ 117.183333011600894, -0.212010757983091, 0.000000000000114 ], [ 117.183333029933252, -0.23133358147809, 0.000000000000114 ], [ 117.181073216790836, -0.233332993302296, 0.000000000000114 ], [ 117.175000014307244, -0.233333006436535, 0.000000000000114 ] ] ] ] } },
{ "type": "Feature", "properties": { "FIDcopy": 139.0, "Provinsi": "Kalimantan Timur", "Kab_Kota": "Kutai Kartanegara", "Kecamatan": "Long Bagun", "Kel_Desa": "Long Melaham", "Kodetxt": "KT140", "percentFC": 0, "Nama_Lemba": "LPHK Long Melaham", "No_SK_Izin": "SK.10969/MENLHK-PSKL/PKPS/PSL.0/9/2023", "Luas_Izin": "223", "Luas_Pol": 223.24947223300001, "Keterangan": null, "Skema_PS": "HD", "Fungsi_Kaw": "HPT", "KPH": "KPHP Damai", "Shape_Leng": 0.0, "Shape_Area": 2232871.7705700002, "kode": 0.0 }, "geometry": { "type": "MultiPolygon", "coordinates": [ [ [ [ 115.214935302754085, 0.390660851589799, 0.000000000000114 ], [ 115.214630127133304, 0.391914933617924, 0.000000000000114 ], [ 115.214350664798758, 0.392378759253799, 0.000000000000114 ], [ 115.216115765073482, 0.3913533205093, 0.000000000000114 ], [ 115.214935302754085, 0.390660851589799, 0.000000000000114 ] ] ], [ [ [ 115.213853545312816, 0.393263792519448, 0.000000000000114 ], [ 115.213930641269442, 0.39307587266679, 0.000000000000114 ], [ 115.213815410035082, 0.393267123839158, 0.000000000000114 ], [ 115.213853545312816, 0.393263792519448, 0.000000000000114 ] ] ], [ [ [ 115.205749512663886, 0.391818851420968, 0.000000000000114 ], [ 115.207287687114331, 0.389395856968052, 0.000000000000114 ], [ 115.197517395521814, 0.389274894994238, 0.000000000000114 ], [ 115.198147637157319, 0.39146698063665, 0.000000000000114 ], [ 115.200530346451103, 0.391597600318392, 0.000000000000114 ], [ 115.201675452603965, 0.393475350504583, 0.000000000000114 ], [ 115.205749512663886, 0.391818851420968, 0.000000000000114 ] ] ], [ [ [ 115.221854170660762, 0.394173200624106, 0.000000000000114 ], [ 115.218650420616569, 0.391666743947706, 0.000000000000114 ], [ 115.217056273896105, 0.391314449311649, 0.000000000000114 ], [ 115.217085123802903, 0.392827373410639, 0.000000000000114 ], [ 115.221854170660762, 0.394173200624106, 0.000000000000114 ] ] ], [ [ [ 115.172059810513275, 0.405344772057566, 0.000000000000114 ], [ 115.179254854678788, 0.401949611121169, 0.000000000000114 ], [ 115.176658630775322, 0.400003910946139, 0.000000000000114 ], [ 115.175864773470664, 0.39509618998632, 0.000000000000114 ], [ 115.173209186862394, 0.396383424843021, 0.000000000000114 ], [ 115.172059810513275, 0.405344772057566, 0.000000000000114 ] ] ], [ [ [ 115.306774333159311, 0.394086619814849, 0.000000000000114 ], [ 115.306763222059431, 0.392375055594288, 0.000000000000114 ], [ 115.304153442427022, 0.393037466522223, 0.000000000000114 ], [ 115.29584503240055, 0.397763788185771, 0.000000000000114 ], [ 115.288667877916851, 0.405963756339914, 0.000000000000114 ], [ 115.292659775876373, 0.405107258343297, 0.000000000000114 ], [ 115.306774333159311, 0.394086619814849, 0.000000000000114 ] ] ], [ [ [ 115.156776922869014, 0.40719387856564, 0.000000000000114 ], [ 115.163071521001797, 0.40733418490146, 0.000000000000114 ], [ 115.1649625410315, 0.4086938014542, 0.000000000000114 ], [ 115.168457456261095, 0.407044632852048, 0.000000000000114 ], [ 115.165809631239327, 0.406215607737621, 0.000000000000114 ], [ 115.163111069195708, 0.401232691711299, 0.000000000000114 ], [ 115.154486575168036, 0.405850555952426, 0.000000000000114 ], [ 115.159224181198027, 0.411401583423099, 0.000000000000114 ], [ 115.160429563447551, 0.410832798011466, 0.000000000000114 ], [ 115.156776922869014, 0.40719387856564, 0.000000000000114 ] ] ] ] } },
{ "type": "Feature", "properties": { "FIDcopy": 140.0, "Provinsi": "Kalimantan Utara", "Kab_Kota": "Bulungan", "Kecamatan": "Tanjung Palas Barat", "Kel_Desa": "Long Sam", "Kodetxt": "KU 1", "percentFC": 0, "Nama_Lemba": "LPHD LONG SAM", "No_SK_Izin": "SK.6706/MENLHK-PSKL/PKPS/PSL.0/12/2107", "Luas_Izin": null, "Luas_Pol": 320.47666808899999, "Keterangan": "-", "Skema_PS": "HD", "Fungsi_Kaw": null, "KPH": null, "Shape_Leng": 0.0, "Shape_Area": 0.0, "kode": 0.0 }, "geometry": { "type": "MultiPolygon", "coordinates": [ [ [ [ 117.116419010286123, 2.681406336996868, -0.000035249997495 ], [ 117.107122000226539, 2.675275766449118, -0.000035249997495 ], [ 117.106997737824443, 2.677086464811695, -0.000035249997495 ], [ 117.110385416405279, 2.684278673836756, -0.000035249997495 ], [ 117.114685452666251, 2.684278276078368, -0.000035249997495 ], [ 117.116419010286123, 2.681406336996868, -0.000035249997495 ] ] ], [ [ [ 117.108761483134501, 2.69787134523698, -0.000035249997495 ], [ 117.110123042828789, 2.695858166414334, -0.000035249997495 ], [ 117.115308890808777, 2.688190462730461, -0.000035249997495 ], [ 117.106104121443764, 2.690107966401686, -0.000035249997495 ], [ 117.105685466705026, 2.695852065879736, -0.000035249997495 ], [ 117.108761483134501, 2.69787134523698, -0.000035249997495 ] ] ], [ [ [ 117.162743288261069, 2.701620995609012, -0.000035249997495 ], [ 117.146308898978305, 2.693932294389562, -0.000035249997495 ], [ 117.130406557909865, 2.694763477796, -0.000035249997495 ], [ 117.129330082973439, 2.700661320129756, -0.000035249997495 ], [ 117.162743288261069, 2.701620995609012, -0.000035249997495 ] ] ] ] } },
{ "type": "Feature", "properties": { "FIDcopy": 142.0, "Provinsi": "Kalimantan Utara", "Kab_Kota": "Bulungan", "Kecamatan": "Tanjung Palas Timur", "Kel_Desa": "Sajau", "Kodetxt": "KU 3", "percentFC": 0, "Nama_Lemba": "LPHD SAJAU", "No_SK_Izin": "SK.7613/MENLHK-PSKL/PKPS/PSL.0/10/2018", "Luas_Izin": null, "Luas_Pol": 2361.43045106, "Keterangan": "-", "Skema_PS": "HD", "Fungsi_Kaw": null, "KPH": null, "Shape_Leng": 0.0, "Shape_Area": 0.0, "kode": 0.0 }, "geometry": { "type": "MultiPolygon", "coordinates": [ [ [ [ 117.589383098091332, 2.604233555741683, -0.000035249997495 ], [ 117.589503662435405, 2.591061824411369, -0.000035249997495 ], [ 117.512552932588591, 2.590998839933277, -0.000035249997495 ], [ 117.512609849777647, 2.567107018818437, -0.000035249997495 ], [ 117.491984436418718, 2.567508754915359, -0.000035249997495 ], [ 117.487057700001316, 2.60539677104237, -0.000035249997495 ], [ 117.589383098091332, 2.604233555741683, -0.000035249997495 ] ] ] ] } },
{ "type": "Feature", "properties": { "FIDcopy": 144.0, "Provinsi": "Kalimantan Utara", "Kab_Kota": "Bulungan", "Kecamatan": "Peso", "Kel_Desa": "Long Bang Hulu", "Kodetxt": "KU 5", "percentFC": 0, "Nama_Lemba": "LPHD LONG BANG HULU", "No_SK_Izin": "SK.5182/MENLHK-PSKL/PKPS/PSL.08/2018", "Luas_Izin": null, "Luas_Pol": 1518.38738227, "Keterangan": "-", "Skema_PS": "HD", "Fungsi_Kaw": null, "KPH": null, "Shape_Leng": 0.0, "Shape_Area": 0.0, "kode": 0.0 }, "geometry": { "type": "MultiPolygon", "coordinates": [ [ [ [ 116.954019601382853, 2.798306537131226, -0.000035249997495 ], [ 116.954560653129846, 2.792875068048374, -0.000035249997495 ], [ 116.957304367877938, 2.792444280898158, -0.000035249997495 ], [ 116.957265326913131, 2.788148361892627, -0.000035249997495 ], [ 116.964811093960222, 2.785900481595023, -0.000035249997495 ], [ 116.977940968234634, 2.792972914955396, -0.000035249997495 ], [ 116.97792340779958, 2.739814331715968, -0.000035249997495 ], [ 116.973567316113488, 2.739814235841103, -0.000035249997495 ], [ 116.973558162554866, 2.731313881731556, -0.000035249997495 ], [ 116.961286000397109, 2.731272001247641, -0.000035249997495 ], [ 116.960941998615525, 2.779666999402066, -0.000035249997495 ], [ 116.951667000775927, 2.77602199884222, -0.000035249997495 ], [ 116.944408100175849, 2.787718734871177, -0.000035249997495 ], [ 116.943879274003919, 2.794351686098717, -0.000035249997495 ], [ 116.945545577418017, 2.795866681737783, -0.000035249997495 ], [ 116.94400625095426, 2.796444656701262, -0.000035249997495 ], [ 116.944290466310406, 2.801121229271974, -0.000035249997495 ], [ 116.947427161244022, 2.806357813065016, -0.000035249997495 ], [ 116.954019601382853, 2.798306537131226, -0.000035249997495 ] ] ] ] } },
{ "type": "Feature", "properties": { "FIDcopy": 145.0, "Provinsi": "Kalimantan Utara", "Kab_Kota": "Bulungan", "Kecamatan": "Tanjung Palas Timur", "Kel_Desa": "Binai", "Kodetxt": "KU 6", "percentFC": 0, "Nama_Lemba": "LPHD BINAI", "No_SK_Izin": "SK.5181/MENLHK-PSKL/PKPS/PSL.0/8/2018", "Luas_Izin": null, "Luas_Pol": 624.48578344199996, "Keterangan": "-", "Skema_PS": "HD", "Fungsi_Kaw": null, "KPH": null, "Shape_Leng": 0.0, "Shape_Area": 0.0, "kode": 0.0 }, "geometry": { "type": "MultiPolygon", "coordinates": [ [ [ [ 117.65129030038382, 2.513158694276761, -0.000035249997495 ], [ 117.645500247403007, 2.511055241987779, -0.000035249997495 ], [ 117.64289898400196, 2.508471474807764, -0.000035249997495 ], [ 117.640656197167658, 2.508945311149001, -0.000035249997495 ], [ 117.638908656668235, 2.507137976067038, -0.000035249997495 ], [ 117.63890490790817, 2.504631756125967, -0.000035249997495 ], [ 117.635702689568035, 2.501904646423591, -0.000035249997495 ], [ 117.633734388930179, 2.495910189716692, -0.000035249997495 ], [ 117.627418518414871, 2.504083395069715, -0.000035249997495 ], [ 117.627607641887352, 2.525186074296368, -0.000035249997495 ], [ 117.658168066200389, 2.525186392916972, -0.000035249997495 ], [ 117.656559340145506, 2.520342718827178, -0.000035249997495 ], [ 117.65129030038382, 2.513158694276761, -0.000035249997495 ] ] ] ] } },
{ "type": "Feature", "properties": { "FIDcopy": 146.0, "Provinsi": "Kalimantan Utara", "Kab_Kota": "Bulungan", "Kecamatan": "Tanjung Palas", "Kel_Desa": "Antutan", "Kodetxt": "KU 7", "percentFC": 0, "Nama_Lemba": "LPHD ANTUTAN", "No_SK_Izin": "SK.6177/MENLHK-PSKL/PKPS/PSL.0/9/2018", "Luas_Izin": null, "Luas_Pol": 447.63984925300002, "Keterangan": "-", "Skema_PS": "HD", "Fungsi_Kaw": null, "KPH": null, "Shape_Leng": 0.0, "Shape_Area": 0.0, "kode": 0.0 }, "geometry": { "type": "MultiPolygon", "coordinates": [ [ [ [ 117.370774096630882, 2.684254294798176, -0.000035249997495 ], [ 117.382720304003797, 2.674710099203015, -0.000035249997495 ], [ 117.344646509816883, 2.681910746106539, -0.000035249997495 ], [ 117.360300996218186, 2.637683686037422, -0.000035249997495 ], [ 117.359866216417004, 2.637040479896489, -0.000035249997495 ], [ 117.3394591112082, 2.694358666166722, -0.000035249997495 ], [ 117.362396240429618, 2.688261271241815, -0.000035249997495 ], [ 117.370774096630882, 2.684254294798176, -0.000035249997495 ] ] ] ] } },
{ "type": "Feature", "properties": { "FIDcopy": 147.0, "Provinsi": "Kalimantan Utara", "Kab_Kota": "Bulungan", "Kecamatan": "Sekatak", "Kel_Desa": "Liagu", "Kodetxt": "KU 8", "percentFC": 0, "Nama_Lemba": "LPHD LIAGU", "No_SK_Izin": "SK.6513/MNLHK-PSKL/PKPS/PSL.0/10/2018", "Luas_Izin": null, "Luas_Pol": 5050.8127487199999, "Keterangan": "tidak sesuai garis pantai", "Skema_PS": "HD", "Fungsi_Kaw": null, "KPH": null, "Shape_Leng": 0.0, "Shape_Area": 0.0, "kode": 0.0 }, "geometry": { "type": "MultiPolygon", "coordinates": [ [ [ [ 117.363166810199075, 3.227702617234293, -0.000035249997495 ], [ 117.371658325118844, 3.22810387575326, -0.000035249997495 ], [ 117.371246897834681, 3.226807889279899, -0.000035249997495 ], [ 117.361706793994742, 3.226274602299358, -0.000035249997495 ], [ 117.352382511055609, 3.223443380170964, -0.000035249997495 ], [ 117.349731281340098, 3.224521891223797, -0.000035249997495 ], [ 117.35014244916124, 3.226652535587352, -0.000035249997495 ], [ 117.352661133729725, 3.225055456341422, -0.000035249997495 ], [ 117.360931396192811, 3.229051350557135, -0.000035249997495 ], [ 117.363166810199075, 3.227702617234293, -0.000035249997495 ] ] ], [ [ [ 117.369499207428561, 3.23983883905608, -0.000035249997495 ], [ 117.366943360308014, 3.233588218548137, -0.000035249997495 ], [ 117.364234925103773, 3.233905553749879, -0.000035249997495 ], [ 117.361839294040266, 3.235516787039316, -0.000035249997495 ], [ 117.361785888781924, 3.238980531363299, -0.000035249997495 ], [ 117.358970641578111, 3.238846778765296, -0.000035249997495 ], [ 117.355529784675753, 3.241318940435129, -0.000035249997495 ], [ 117.352256639652211, 3.245260310918877, -0.000035249997495 ], [ 117.352530322969173, 3.246952402404434, -0.000035249997495 ], [ 117.357391104629045, 3.252383509790411, -0.000035249997495 ], [ 117.36352548122332, 3.251413299097293, -0.000035249997495 ], [ 117.368003845197663, 3.24492788292532, -0.000035249997495 ], [ 117.369499207428561, 3.23983883905608, -0.000035249997495 ] ] ], [ [ [ 117.370780945009244, 3.253943205148996, -0.000035249997495 ], [ 117.371637221027058, 3.252387138632174, -0.000035249997495 ], [ 117.368808055416892, 3.249324390215712, -0.000035249997495 ], [ 117.371749877727723, 3.245692492387387, -0.000035249997495 ], [ 117.37680053657563, 3.243445872727196, -0.000035249997495 ], [ 117.376800536827474, 3.247064828736703, -0.000035249997495 ], [ 117.378173827579616, 3.247751951044328, -0.000035249997495 ], [ 117.382629394556702, 3.243959426157749, -0.000035249997495 ], [ 117.383491516602604, 3.242068291181156, -0.000035249997495 ], [ 117.387243099763253, 3.243424973043697, -0.000035249997495 ], [ 117.385313271959376, 3.239327847877275, -0.000035249997495 ], [ 117.384094238332935, 3.240409851061291, -0.000035249997495 ], [ 117.379264832615718, 3.239827632137966, -0.000035249997495 ], [ 117.381317139726235, 3.235783338983788, -0.000035249997495 ], [ 117.382995699200208, 3.235639402133705, -0.000035249997495 ], [ 117.381248473589935, 3.233803034116744, -0.000035249997495 ], [ 117.380905151867225, 3.233618974762105, -0.000035249997495 ], [ 117.379539490148218, 3.236903667284371, -0.000035249997495 ], [ 117.373963707955639, 3.240870355301483, -0.000035249997495 ], [ 117.378444750717861, 3.242189705444613, -0.000035249997495 ], [ 117.379852295128401, 3.246114253585083, -0.000035249997495 ], [ 117.378484305236213, 3.245547177367139, -0.000035249997495 ], [ 117.378031499869536, 3.242726372594753, -0.000035249997495 ], [ 117.371150568355674, 3.241395930115653, -0.000035249997495 ], [ 117.365713553446284, 3.250157688170587, -0.000035249997495 ], [ 117.370780945009244, 3.253943205148996, -0.000035249997495 ] ] ], [ [ [ 117.443374633979715, 3.274422883869339, -0.000035249997495 ], [ 117.453842164419186, 3.276979685256107, -0.000035249997495 ], [ 117.442779541914831, 3.271239757783636, -0.000035249997495 ], [ 117.434546387323579, 3.263595305959856, -0.000035249997495 ], [ 117.432483640569743, 3.263122468965559, -0.000035249997495 ], [ 117.443374633979715, 3.274422883869339, -0.000035249997495 ] ] ], [ [ [ 117.426772360015903, 3.277258493283857, -0.000035249997495 ], [ 117.425079346819089, 3.27321100210302, -0.000035249997495 ], [ 117.4214780945901, 3.274127274307157, -0.000035249997495 ], [ 117.421899280356328, 3.272414707036769, -0.000035249997495 ], [ 117.420707702605725, 3.270802258615414, -0.000035249997495 ], [ 117.421165465939964, 3.276053666833431, -0.000035249997495 ], [ 117.419715880728631, 3.27670979530305, -0.000035249997495 ], [ 117.417869568852296, 3.275654316032949, -0.000035249997495 ], [ 117.418083191306835, 3.271283387705269, -0.000035249997495 ], [ 117.416666039127492, 3.271601756033344, -0.000035249997495 ], [ 117.416121629824559, 3.273902532727412, -0.000035249997495 ], [ 117.413946801944533, 3.273426640866379, -0.000035249997495 ], [ 117.413627625203148, 3.27190446937115, -0.000035249997495 ], [ 117.407890320353971, 3.275312662358198, -0.000035249997495 ], [ 117.408248901309932, 3.273037434068034, -0.000035249997495 ], [ 117.405715943187317, 3.274593829676088, -0.000035249997495 ], [ 117.403106689335246, 3.274088383305722, -0.000035249997495 ], [ 117.401954651323109, 3.266773700557843, -0.000035249997495 ], [ 117.399894714946669, 3.266847371870937, -0.000035249997495 ], [ 117.396210267850464, 3.270451965719206, -0.000035249997495 ], [ 117.397483268327008, 3.272029126192115, -0.000035249997495 ], [ 117.401977538888261, 3.271378994309691, -0.000035249997495 ], [ 117.401356737230515, 3.275035073897822, -0.000035249997495 ], [ 117.411857615282699, 3.277485582548741, -0.000035249997495 ], [ 117.426772360015903, 3.277258493283857, -0.000035249997495 ] ] ], [ [ [ 117.46023559642434, 3.274163008297088, -0.000035249997495 ], [ 117.468521119346093, 3.275679110885547, -0.000035249997495 ], [ 117.471061708339619, 3.278014660075393, -0.000035249997495 ], [ 117.474640089797816, 3.276900274946986, -0.000035249997495 ], [ 117.474129532845538, 3.275632430012369, -0.000035249997495 ], [ 117.458226354922147, 3.272755939804627, -0.000035249997495 ], [ 117.45710941586654, 3.276000591699558, -0.000035249997495 ], [ 117.461417304392398, 3.278906523791861, -0.000035249997495 ], [ 117.458602905591817, 3.276434660253424, -0.000035249997495 ], [ 117.46023559642434, 3.274163008297088, -0.000035249997495 ] ] ], [ [ [ 117.364727841771085, 3.280417581710444, -0.000035249997495 ], [ 117.367575387442486, 3.278094623616268, -0.000035249997495 ], [ 117.364935069083145, 3.274100547266462, -0.000035249997495 ], [ 117.361940612436229, 3.27499573557843, -0.000035249997495 ], [ 117.363266133273015, 3.279567149736388, -0.000035249997495 ], [ 117.364727841771085, 3.280417581710444, -0.000035249997495 ] ] ], [ [ [ 117.391833117363632, 3.276671882566542, -0.000035249997495 ], [ 117.390695482372749, 3.274829143327964, -0.000035249997495 ], [ 117.391933227876066, 3.273124387235698, -0.000035249997495 ], [ 117.38875564317371, 3.271581253242981, -0.000035249997495 ], [ 117.392084376745956, 3.268871099585213, -0.000035249997495 ], [ 117.39284142105754, 3.269780430639628, -0.000035249997495 ], [ 117.393316014229839, 3.267743762915524, -0.000035249997495 ], [ 117.387591096887348, 3.271039107027949, -0.000035249997495 ], [ 117.388725281839712, 3.273695945893067, -0.000035249997495 ], [ 117.386703491247786, 3.276637076830073, -0.000035249997495 ], [ 117.382560729597031, 3.275317907308735, -0.000035249997495 ], [ 117.381148858113846, 3.273219858389653, -0.000035249997495 ], [ 117.379862740344066, 3.275469226586597, -0.000035249997495 ], [ 117.384028432406083, 3.280785364154065, -0.000035249997495 ], [ 117.391833117363632, 3.276671882566542, -0.000035249997495 ] ] ], [ [ [ 117.434326172412383, 3.283565760378382, -0.000035249997495 ], [ 117.434544528942808, 3.284660748560142, -0.000035249997495 ], [ 117.434701642930847, 3.289105527792943, -0.000035249997495 ], [ 117.437118530089521, 3.286168336981401, -0.000035249997495 ], [ 117.434326172412383, 3.283565760378382, -0.000035249997495 ] ] ], [ [ [ 117.425140382256686, 3.291359901235842, -0.000035249997495 ], [ 117.422714233866301, 3.288411139691636, -0.000035249997495 ], [ 117.423828124784421, 3.282312631746887, -0.000035249997495 ], [ 117.422408592782062, 3.279575144962673, -0.000035249997495 ], [ 117.421096357724167, 3.27969960043137, -0.000035249997495 ], [ 117.421043396782792, 3.284797666766338, -0.000035249997495 ], [ 117.419067382580678, 3.286475182075088, -0.000035249997495 ], [ 117.420761109394704, 3.286370992581232, -0.000035249997495 ], [ 117.41963195863606, 3.290199041388782, -0.000035249997495 ], [ 117.421127320223775, 3.290043116172011, -0.000035249997495 ], [ 117.422050477327275, 3.291749715745045, -0.000035249997495 ], [ 117.425140382256686, 3.291359901235842, -0.000035249997495 ] ] ], [ [ [ 117.339004863680216, 3.296892924591188, -0.000035249997495 ], [ 117.334297182752536, 3.295850991713174, -0.000035249997495 ], [ 117.332364562001175, 3.29305002924427, -0.000035249997495 ], [ 117.342440850421042, 3.293049999665836, -0.000035249997495 ], [ 117.337908036409061, 3.291367236762277, -0.000035249997495 ], [ 117.338896410248495, 3.289586482242634, -0.000035249997495 ], [ 117.34327885702703, 3.290816884718324, -0.000035249997495 ], [ 117.34369201380602, 3.293049999590224, -0.000035249997495 ], [ 117.35418100083875, 3.293050000004104, -0.000035249997495 ], [ 117.35473060834498, 3.291360855350679, -0.000035249997495 ], [ 117.358116713691871, 3.294519641284743, -0.000035249997495 ], [ 117.358306885185485, 3.292109727750658, -0.000035249997495 ], [ 117.361488342334965, 3.291429995723373, -0.000035249997495 ], [ 117.360008240982211, 3.285106658389249, -0.000035249997495 ], [ 117.364771112902659, 3.284739447617192, -0.000035249997495 ], [ 117.36611175510275, 3.282799005239183, -0.000035249997495 ], [ 117.361846807049645, 3.280040273756469, -0.000035249997495 ], [ 117.35711669861962, 3.281090496553395, -0.000035249997495 ], [ 117.352600597713703, 3.277666980866241, -0.000035249997495 ], [ 117.348555354890905, 3.278976638244134, -0.000035249997495 ], [ 117.346874910416332, 3.281064687563692, -0.000035249997495 ], [ 117.348734090828074, 3.2782712815668, -0.000035249997495 ], [ 117.351826136050008, 3.277829620006693, -0.000035249997495 ], [ 117.352506073255157, 3.275142698267624, -0.000035249997495 ], [ 117.347879295086358, 3.27314979822485, -0.000035249997495 ], [ 117.347121941965923, 3.277106278764884, -0.000035249997495 ], [ 117.345127859680971, 3.278234548883566, -0.000035249997495 ], [ 117.344254336434702, 3.275478548771032, -0.000035249997495 ], [ 117.345760666184006, 3.272098060403178, -0.000035249997495 ], [ 117.341040954836274, 3.268870502337449, -0.000035249997495 ], [ 117.338639222656042, 3.270032002884966, -0.000035249997495 ], [ 117.340110122826616, 3.276771662333426, -0.000035249997495 ], [ 117.334922791933764, 3.279723166210658, -0.000035249997495 ], [ 117.332481383897985, 3.277643204169649, -0.000035249997495 ], [ 117.336662293443325, 3.276863097221183, -0.000035249997495 ], [ 117.336059570678898, 3.274963379095905, -0.000035249997495 ], [ 117.337295533197945, 3.273153781763853, -0.000035249997495 ], [ 117.335395813708715, 3.269535302974817, -0.000035249997495 ], [ 117.332649231564218, 3.271535635110038, -0.000035249997495 ], [ 117.329598366576533, 3.269581701424719, -0.000035249997495 ], [ 117.331064159877769, 3.266834749087525, -0.000035249997495 ], [ 117.33079348692614, 3.25989513508879, -0.000035249997495 ], [ 117.332489612240821, 3.259883557592421, -0.000035249997495 ], [ 117.333421523086358, 3.263430657368782, -0.000035249997495 ], [ 117.339416722827139, 3.260830465355765, -0.000035249997495 ], [ 117.34156030044781, 3.261417783808102, -0.000035249997495 ], [ 117.341415530936558, 3.267515413930584, -0.000035249997495 ], [ 117.34652979940924, 3.268714004106041, -0.000035249997495 ], [ 117.343284606638676, 3.267098902823362, -0.000035249997495 ], [ 117.343635559410686, 3.265542506861246, -0.000035249997495 ], [ 117.345901488590627, 3.262791394764877, -0.000035249997495 ], [ 117.350189209873065, 3.262075424343555, -0.000035249997495 ], [ 117.354820250957033, 3.253143787105355, -0.000035249997495 ], [ 117.359748839815765, 3.255114317288982, -0.000035249997495 ], [ 117.358161925572688, 3.261230946199917, -0.000035249997495 ], [ 117.354354857664703, 3.264344691701977, -0.000035249997495 ], [ 117.350898742974891, 3.263748646034587, -0.000035249997495 ], [ 117.348822062836646, 3.267749942618531, -0.000035249997495 ], [ 117.352022786574892, 3.268412177564984, -0.000035249997495 ], [ 117.358909607294521, 3.261612892376678, -0.000035249997495 ], [ 117.359992980971356, 3.254650115911582, -0.000035249997495 ], [ 117.355308532736089, 3.252727508398495, -0.000035249997495 ], [ 117.351616548184936, 3.248661050828057, -0.000035249997495 ], [ 117.349761677036739, 3.256204598644445, -0.000035249997495 ], [ 117.348616107600634, 3.256949681702432, -0.000035249997495 ], [ 117.348929568984133, 3.255505684182567, -0.000035249997495 ], [ 117.346679686707958, 3.255707026180508, -0.000035249997495 ], [ 117.343544007040222, 3.262276649320515, -0.000035249997495 ], [ 117.340606688912956, 3.260169743990436, -0.000035249997495 ], [ 117.33936309871757, 3.25367379260833, -0.000035249997495 ], [ 117.335968019151579, 3.25045395036474, -0.000035249997495 ], [ 117.33191680921982, 3.250853538327104, -0.000035249997495 ], [ 117.330040122944638, 3.249011860353526, -0.000035249997495 ], [ 117.323238536851861, 3.256796743900333, -0.000035249997495 ], [ 117.324854711229449, 3.276387106613981, -0.000035249997495 ], [ 117.331152075449253, 3.285155727121818, -0.000035249997495 ], [ 117.321568552979329, 3.289328547583982, -0.000035249997495 ], [ 117.32157030762788, 3.294800180000024, -0.000035249997495 ], [ 117.326477051061147, 3.29318165771873, -0.000035249997495 ], [ 117.335847998589486, 3.297941533037844, -0.000035249997495 ], [ 117.33820665372923, 3.298283498099062, -0.000035249997495 ], [ 117.339004863680216, 3.296892924591188, -0.000035249997495 ] ] ], [ [ [ 117.443298340272364, 3.29739522897522, -0.000035249997495 ], [ 117.448707582214553, 3.297836064915705, -0.000035249997495 ], [ 117.448837280336718, 3.29632520676696, -0.000035249997495 ], [ 117.444969176727909, 3.29348611820204, -0.000035249997495 ], [ 117.447296142781383, 3.291548966849691, -0.000035249997495 ], [ 117.446685791596238, 3.288807868784101, -0.000035249997495 ], [ 117.441528321342872, 3.287181615674552, -0.000035249997495 ], [ 117.437202162005988, 3.291791322930321, -0.000035249997495 ], [ 117.439591374703369, 3.293805160435656, -0.000035249997495 ], [ 117.439867772056147, 3.297784428639984, -0.000035249997495 ], [ 117.441787720241564, 3.298517704281175, -0.000035249997495 ], [ 117.443298340272364, 3.29739522897522, -0.000035249997495 ] ] ], [ [ [ 117.522671317678302, 3.286822634930078, -0.000035249997495 ], [ 117.521561105932989, 3.287643567257401, -0.000035249997495 ], [ 117.521652221658698, 3.296352862760802, -0.000035249997495 ], [ 117.519032113189027, 3.303139633375401, -0.000035249997495 ], [ 117.523789266371054, 3.296382729769741, -0.000035249997495 ], [ 117.522671317678302, 3.286822634930078, -0.000035249997495 ] ] ], [ [ [ 117.403549194243865, 3.299999713600017, -0.000035249997495 ], [ 117.408021790357552, 3.296362629099729, -0.000035249997495 ], [ 117.408310229189155, 3.298242733198635, -0.000035249997495 ], [ 117.409538269446855, 3.298242093397725, -0.000035249997495 ], [ 117.410659789804896, 3.296486379148583, -0.000035249997495 ], [ 117.412406920845058, 3.297869919607234, -0.000035249997495 ], [ 117.41265425139261, 3.300498605013829, -0.000035249997495 ], [ 117.413915594157388, 3.299229485252875, -0.000035249997495 ], [ 117.412775953813238, 3.297438627264225, -0.000035249997495 ], [ 117.414157115748253, 3.298408678829567, -0.000035249997495 ], [ 117.414535521783066, 3.29560899833929, -0.000035249997495 ], [ 117.40940857007952, 3.293476343627771, -0.000035249997495 ], [ 117.411659240953043, 3.287954331303257, -0.000035249997495 ], [ 117.409782410551244, 3.28782844555896, -0.000035249997495 ], [ 117.409782411118243, 3.285820008023594, -0.000035249997495 ], [ 117.398925782183639, 3.29172325182253, -0.000035249997495 ], [ 117.399925231662507, 3.29322481197016, -0.000035249997495 ], [ 117.402168274735416, 3.291975261030124, -0.000035249997495 ], [ 117.405288696341117, 3.29385590475236, -0.000035249997495 ], [ 117.403915405651418, 3.295358418989012, -0.000035249997495 ], [ 117.400856018237121, 3.294952393652336, -0.000035249997495 ], [ 117.403671266098087, 3.303889989755371, -0.000035249997495 ], [ 117.4046707159455, 3.303645373336353, -0.000035249997495 ], [ 117.403549194243865, 3.299999713600017, -0.000035249997495 ] ] ], [ [ [ 117.387016296245392, 3.306611298580393, -0.000035249997495 ], [ 117.384201050149358, 3.305896997081956, -0.000035249997495 ], [ 117.384078979312875, 3.303354979071909, -0.000035249997495 ], [ 117.381179810225575, 3.303473709807743, -0.000035249997495 ], [ 117.378402709647929, 3.300806046051255, -0.000035249997495 ], [ 117.378280640968171, 3.298987387858479, -0.000035249997495 ], [ 117.380699159437739, 3.300805092424232, -0.000035249997495 ], [ 117.381423949569495, 3.298497677317802, -0.000035249997495 ], [ 117.382270813123128, 3.301772356319795, -0.000035249997495 ], [ 117.388137817106823, 3.300780057653953, -0.000035249997495 ], [ 117.384101867780814, 3.295245886031307, -0.000035249997495 ], [ 117.383598328407615, 3.297157526343645, -0.000035249997495 ], [ 117.37760162502498, 3.298571347706204, -0.000035249997495 ], [ 117.3780288698444, 3.295549393447628, -0.000035249997495 ], [ 117.383425376691093, 3.293771548360005, -0.000035249997495 ], [ 117.381812247290839, 3.289490472928162, -0.000035249997495 ], [ 117.377410888550941, 3.289940356699693, -0.000035249997495 ], [ 117.376640826294619, 3.291162612757754, -0.000035249997495 ], [ 117.37380981356479, 3.290315151272881, -0.000035249997495 ], [ 117.374824524206829, 3.286458015817878, -0.000035249997495 ], [ 117.377883911434154, 3.283036946955936, -0.000035249997495 ], [ 117.374963321333993, 3.280067688341019, -0.000035249997495 ], [ 117.372112344356651, 3.28128598857624, -0.000035249997495 ], [ 117.368522644333368, 3.286523819395431, -0.000035249997495 ], [ 117.373115540856631, 3.285771130718845, -0.000035249997495 ], [ 117.373855592059016, 3.28770685201645, -0.000035249997495 ], [ 117.366548679885568, 3.289854831748749, -0.000035249997495 ], [ 117.368728431730617, 3.294049113694419, -0.000035249997495 ], [ 117.375152746991986, 3.299031502681455, -0.000035249997495 ], [ 117.38038839382898, 3.309573418557672, -0.000035249997495 ], [ 117.384300232109197, 3.309412241335953, -0.000035249997495 ], [ 117.387016296245392, 3.306611298580393, -0.000035249997495 ] ] ], [ [ [ 117.326931540002491, 3.312941962428295, -0.000035249997495 ], [ 117.330462852321048, 3.30624715941252, -0.000035249997495 ], [ 117.33891823942902, 3.307788116605353, -0.000035249997495 ], [ 117.340394112833849, 3.311854097376713, -0.000035249997495 ], [ 117.345918786628488, 3.309306554804867, -0.000035249997495 ], [ 117.345812352210743, 3.308057790750514, -0.000035249997495 ], [ 117.337737737362303, 3.307109162719773, -0.000035249997495 ], [ 117.339996340329876, 3.303335905047445, -0.000035249997495 ], [ 117.344299317585467, 3.299242019557512, -0.000035249997495 ], [ 117.344265465840095, 3.29859528471573, -0.000035249997495 ], [ 117.341068745110178, 3.300865184427864, -0.000035249997495 ], [ 117.336689154814223, 3.300845468585475, -0.000035249997495 ], [ 117.336710220912195, 3.299460431131804, -0.000035249997495 ], [ 117.333821034112191, 3.299004824947279, -0.000035249997495 ], [ 117.326931540002491, 3.312941962428295, -0.000035249997495 ] ] ], [ [ [ 117.393188477005026, 3.30977511330908, -0.000035249997495 ], [ 117.39470672589681, 3.309059856808523, -0.000035249997495 ], [ 117.397438048928279, 3.310985804390654, -0.000035249997495 ], [ 117.397933961133035, 3.305357218338482, -0.000035249997495 ], [ 117.396118164563603, 3.302997111961868, -0.000035249997495 ], [ 117.393089295101433, 3.303469179592593, -0.000035249997495 ], [ 117.391357422843186, 3.300564050860423, -0.000035249997495 ], [ 117.396064758043948, 3.301387548188492, -0.000035249997495 ], [ 117.396812439567384, 3.29709482188165, -0.000035249997495 ], [ 117.392291063109809, 3.29422692197098, -0.000035249997495 ], [ 117.394601300257037, 3.291202626892629, -0.000035249997495 ], [ 117.388854980060117, 3.289639711364824, -0.000035249997495 ], [ 117.39093780520237, 3.282985448658343, -0.000035249997495 ], [ 117.400360107904973, 3.280089616938222, -0.000035249997495 ], [ 117.400161743382469, 3.286900758976678, -0.000035249997495 ], [ 117.402488708442078, 3.286691426860178, -0.000035249997495 ], [ 117.407341003119555, 3.284246682770055, -0.000035249997495 ], [ 117.407646179206196, 3.281604766693909, -0.000035249997495 ], [ 117.410881041913655, 3.283847330790765, -0.000035249997495 ], [ 117.413274635556618, 3.279219877561049, -0.000035249997495 ], [ 117.397397654218935, 3.276157987567039, -0.000035249997495 ], [ 117.388191965216564, 3.27929928840279, -0.000035249997495 ], [ 117.384788538002837, 3.282445003397395, -0.000035249997495 ], [ 117.383522056690651, 3.286552746881116, -0.000035249997495 ], [ 117.388481140636188, 3.289371490440404, -0.000035249997495 ], [ 117.387768553152071, 3.291760878604476, -0.000035249997495 ], [ 117.386037842784319, 3.290989366331202, -0.000035249997495 ], [ 117.39025088480949, 3.302011113847829, -0.000035249997495 ], [ 117.388796244289978, 3.307691549112623, -0.000035249997495 ], [ 117.382553447787544, 3.312846075908257, -0.000035249997495 ], [ 117.384903001990367, 3.318216038818999, -0.000035249997495 ], [ 117.386276246368396, 3.318612337434111, -0.000035249997495 ], [ 117.391876226787147, 3.314320180388107, -0.000035249997495 ], [ 117.393188477005026, 3.30977511330908, -0.000035249997495 ] ] ], [ [ [ 117.377616882975985, 3.343157053011059, -0.000035249997495 ], [ 117.381509783677487, 3.338197707137681, -0.000035249997495 ], [ 117.379030179666941, 3.328127003835433, -0.000035249997495 ], [ 117.377025588617812, 3.329960677621191, -0.000035249997495 ], [ 117.371350704829979, 3.32828882899691, -0.000035249997495 ], [ 117.370825713956805, 3.322076539083931, -0.000035249997495 ], [ 117.376724808691009, 3.318436660060643, -0.000035249997495 ], [ 117.373882657047233, 3.311317225731086, -0.000035249997495 ], [ 117.373107909919185, 3.312988042926463, -0.000035249997495 ], [ 117.373423192633368, 3.310207256434563, -0.000035249997495 ], [ 117.371329761325782, 3.30514996011308, -0.000035249997495 ], [ 117.366916781716441, 3.305863626203246, -0.000035249997495 ], [ 117.364661486604476, 3.309650989749085, -0.000035249997495 ], [ 117.363425148094038, 3.308683196011384, -0.000035249997495 ], [ 117.362725543685997, 3.306411597849174, -0.000035249997495 ], [ 117.360174483102753, 3.3079675048453, -0.000035249997495 ], [ 117.35932669302926, 3.310395793568226, -0.000035249997495 ], [ 117.359704400090877, 3.308044270216031, -0.000035249997495 ], [ 117.362505921988031, 3.306040305126595, -0.000035249997495 ], [ 117.364506161280104, 3.309320074329245, -0.000035249997495 ], [ 117.366498567716178, 3.305591986623609, -0.000035249997495 ], [ 117.371088442562254, 3.30449498841957, -0.000035249997495 ], [ 117.369189340399217, 3.299983319569435, -0.000035249997495 ], [ 117.364615025401008, 3.300342120682988, -0.000035249997495 ], [ 117.36964994442512, 3.296301481826747, -0.000035249997495 ], [ 117.365259044419759, 3.29649898574797, -0.000035249997495 ], [ 117.360160828576014, 3.299355983962044, -0.000035249997495 ], [ 117.357124329807931, 3.304197549892299, -0.000035249997495 ], [ 117.352180481145638, 3.305456876006521, -0.000035249997495 ], [ 117.34703257221156, 3.304480615582667, -0.000035249997495 ], [ 117.343500264921758, 3.307128298153346, -0.000035249997495 ], [ 117.346345969369594, 3.307596896809563, -0.000035249997495 ], [ 117.346806643550991, 3.308982930872428, -0.000035249997495 ], [ 117.341575993629789, 3.312027216606531, -0.000035249997495 ], [ 117.345360450566417, 3.312340831783092, -0.000035249997495 ], [ 117.347167262580541, 3.309917852588586, -0.000035249997495 ], [ 117.350871976230181, 3.310905762641259, -0.000035249997495 ], [ 117.361631133889006, 3.317893668562225, -0.000035249997495 ], [ 117.368175362586854, 3.325990767028934, -0.000035249997495 ], [ 117.37971095603416, 3.334864299697218, -0.000035249997495 ], [ 117.376155732373434, 3.338358240967032, -0.000035249997495 ], [ 117.377616882975985, 3.343157053011059, -0.000035249997495 ] ] ], [ [ [ 117.375432294379962, 3.350527991152395, -0.000035249997495 ], [ 117.379315574294282, 3.34790106610502, -0.000035249997495 ], [ 117.380897521680012, 3.348529814585712, -0.000035249997495 ], [ 117.380030179127971, 3.346804715284486, -0.000035249997495 ], [ 117.37550254427471, 3.349737834796101, -0.000035249997495 ], [ 117.377312415270708, 3.343484615282796, -0.000035249997495 ], [ 117.375941639668127, 3.338568641653339, -0.000035249997495 ], [ 117.373277644400517, 3.34118669068661, -0.000035249997495 ], [ 117.372417508813427, 3.34437869733003, -0.000035249997495 ], [ 117.37304045810032, 3.348200698179639, -0.000035249997495 ], [ 117.375432294379962, 3.350527991152395, -0.000035249997495 ] ] ], [ [ [ 117.323181152059689, 3.355670928006703, -0.000035249997495 ], [ 117.326507568175387, 3.355157136877479, -0.000035249997495 ], [ 117.326393128090828, 3.351200103885622, -0.000035249997495 ], [ 117.324295044208426, 3.353299378153218, -0.000035249997495 ], [ 117.320396423443526, 3.352297306353267, -0.000035249997495 ], [ 117.319602965625137, 3.350497005929643, -0.000035249997495 ], [ 117.312217711723676, 3.350698471312477, -0.000035249997495 ], [ 117.313415526893053, 3.353204249579806, -0.000035249997495 ], [ 117.316207885860507, 3.353809594397025, -0.000035249997495 ], [ 117.314506532019706, 3.355044126681611, -0.000035249997495 ], [ 117.319154802598746, 3.353876554861322, -0.000035249997495 ], [ 117.319133923746193, 3.3552317590572, -0.000035249997495 ], [ 117.320205688017126, 3.354034424348633, -0.000035249997495 ], [ 117.323181152059689, 3.355670928006703, -0.000035249997495 ] ] ], [ [ [ 117.33392700114959, 3.372741999551664, -0.000035249997495 ], [ 117.351817459137706, 3.368068804878797, -0.000035249997495 ], [ 117.353115706675979, 3.352258755788523, -0.000035249997495 ], [ 117.351587149834145, 3.355700538713672, -0.000035249997495 ], [ 117.345991534086892, 3.347952760417811, -0.000035249997495 ], [ 117.344105907596472, 3.3479527592511, -0.000035249997495 ], [ 117.337783517420391, 3.342517720857588, -0.000035249997495 ], [ 117.332681235237914, 3.331203968082272, -0.000035249997495 ], [ 117.316487039046535, 3.319668375741899, -0.000035249997495 ], [ 117.323750472403944, 3.316874753963496, -0.000035249997495 ], [ 117.32463836671775, 3.304872989634103, -0.000035249997495 ], [ 117.322914124407674, 3.300735474030356, -0.000035249997495 ], [ 117.317329407580885, 3.299202919007282, -0.000035249997495 ], [ 117.316106668044625, 3.299947239015894, -0.000035249997495 ], [ 117.316266726238894, 3.309014694221567, -0.000035249997495 ], [ 117.314750384891198, 3.31389436407169, -0.000035249997495 ], [ 117.308143999973424, 3.325376666573936, -0.000035249997495 ], [ 117.308144001449818, 3.331671240858874, -0.000035249997495 ], [ 117.309623717589204, 3.328510045570466, -0.000035249997495 ], [ 117.311363221410474, 3.327865123765247, -0.000035249997495 ], [ 117.309185391200202, 3.332791366843629, -0.000035249997495 ], [ 117.314284497785565, 3.333479106552943, -0.000035249997495 ], [ 117.316249918582017, 3.336039256719106, -0.000035249997495 ], [ 117.323993859430445, 3.336173152966842, -0.000035249997495 ], [ 117.327766417782343, 3.344025372596773, -0.000035249997495 ], [ 117.327407837145657, 3.350974081809989, -0.000035249997495 ], [ 117.329883534915069, 3.368686000806112, -0.000035249997495 ], [ 117.333925002402268, 3.368686000623891, -0.000035249997495 ], [ 117.33392700114959, 3.372741999551664, -0.000035249997495 ] ] ] ] } },
{ "type": "Feature", "properties": { "FIDcopy": 148.0, "Provinsi": "Kalimantan Utara", "Kab_Kota": "Bulungan", "Kecamatan": "Tanjung Palas Tengah", "Kel_Desa": "Salimbatu", "Kodetxt": "KU 9", "percentFC": 0, "Nama_Lemba": "LPHD SALIMBATU", "No_SK_Izin": "SK.6564/MENLHK-PSKL/PKPS/PSL.0/10/2018", "Luas_Izin": null, "Luas_Pol": 4706.2998417899998, "Keterangan": "tidak sesuai garis pantai", "Skema_PS": "HD", "Fungsi_Kaw": null, "KPH": null, "Shape_Leng": 0.0, "Shape_Area": 0.0, "kode": 0.0 }, "geometry": { "type": "MultiPolygon", "coordinates": [ [ [ [ 117.463803632065577, 3.008010766800809, -0.000035249997495 ], [ 117.467117309719583, 3.008063324115406, -0.000035249997495 ], [ 117.467637711268807, 3.004532534294994, -0.000035249997495 ], [ 117.461764945219585, 3.005666880225143, -0.000035249997495 ], [ 117.463803632065577, 3.008010766800809, -0.000035249997495 ] ] ], [ [ [ 117.584159850735475, 3.008352518249864, -0.000035249997495 ], [ 117.591214976261625, 3.006824616135556, -0.000035249997495 ], [ 117.5902328499443, 3.005089282695193, -0.000035249997495 ], [ 117.588577271964866, 3.006038426295305, -0.000035249997495 ], [ 117.587371827431141, 3.003608942391549, -0.000035249997495 ], [ 117.589698793013412, 2.99963641158759, -0.000035249997495 ], [ 117.593891083772206, 3.002060168793955, -0.000035249997495 ], [ 117.590848376752916, 2.998199081592843, -0.000035249997495 ], [ 117.588707981376572, 2.998192415789519, -0.000035249997495 ], [ 117.587364198375141, 3.000230310743437, -0.000035249997495 ], [ 117.587425249940281, 2.998188419264443, -0.000035249997495 ], [ 117.574397557441841, 2.99814773829006, -0.000035249997495 ], [ 117.576103211055752, 3.000189780596191, -0.000035249997495 ], [ 117.570983886656933, 3.000012874722549, -0.000035249997495 ], [ 117.572715759650308, 3.000610350672003, -0.000035249997495 ], [ 117.574321885441307, 3.00493539956156, -0.000035249997495 ], [ 117.57874906466165, 3.007177791338643, -0.000035249997495 ], [ 117.579490662070739, 3.005944252071187, -0.000035249997495 ], [ 117.576667785947109, 3.004990815698429, -0.000035249997495 ], [ 117.575950624417089, 3.001021623564557, -0.000035249997495 ], [ 117.577583312686997, 2.998753786113015, -0.000035249997495 ], [ 117.580200196442732, 2.999759911779225, -0.000035249997495 ], [ 117.581100465198659, 3.001671075804974, -0.000035249997495 ], [ 117.582550049398364, 3.001374005807611, -0.000035249997495 ], [ 117.583724977194009, 3.004504203579068, -0.000035249997495 ], [ 117.580986023410702, 3.00380492105451, -0.000035249997495 ], [ 117.581253052554914, 3.002174852762056, -0.000035249997495 ], [ 117.57839202921916, 3.004843712023888, -0.000035249997495 ], [ 117.581901550200058, 3.005049228845598, -0.000035249997495 ], [ 117.584159851008081, 3.006218672153421, -0.000035249997495 ], [ 117.584159850735475, 3.008352518249864, -0.000035249997495 ] ] ], [ [ [ 117.447574504903557, 3.00777878911901, -0.000035249997495 ], [ 117.454502194995754, 3.005789198006883, -0.000035249997495 ], [ 117.456943088044795, 3.00685334008397, -0.000035249997495 ], [ 117.455546621593712, 3.009650752157729, -0.000035249997495 ], [ 117.45793041995492, 3.009604999229587, -0.000035249997495 ], [ 117.457847596828728, 3.005958557154929, -0.000035249997495 ], [ 117.450512690608605, 3.001350840269851, -0.000035249997495 ], [ 117.451083505266453, 2.999871337963283, -0.000035249997495 ], [ 117.454727173876435, 2.998951197172851, -0.000035249997495 ], [ 117.457565308966593, 3.004875182688438, -0.000035249997495 ], [ 117.459213258696593, 3.006095170746855, -0.000035249997495 ], [ 117.461228417954771, 3.005565981428332, -0.000035249997495 ], [ 117.458381584236051, 3.004099605365742, -0.000035249997495 ], [ 117.456344727257033, 2.997992005576482, -0.000035249997495 ], [ 117.446212496005401, 3.000841280750402, -0.000035249997495 ], [ 117.446357727077853, 3.004764080134486, -0.000035249997495 ], [ 117.440590357785197, 3.007606058175373, -0.000035249997495 ], [ 117.440246582363329, 3.008600235098484, -0.000035249997495 ], [ 117.440170322953733, 3.008912184165274, -0.000035249997495 ], [ 117.444114685758208, 3.00700712210839, -0.000035249997495 ], [ 117.444647158687346, 3.010748098721295, -0.000035249997495 ], [ 117.447574504903557, 3.00777878911901, -0.000035249997495 ] ] ], [ [ [ 117.440920483884696, 3.006220984670561, -0.000035249997495 ], [ 117.444572190006141, 3.00487431589896, -0.000035249997495 ], [ 117.444862496626499, 3.003725253769916, -0.000035249997495 ], [ 117.44403198810204, 3.001459556216102, -0.000035249997495 ], [ 117.438223330330032, 2.998178167244134, -0.000035249997495 ], [ 117.4352645889158, 2.998199562861239, -0.000035249997495 ], [ 117.437805176088574, 3.002080441094993, -0.000035249997495 ], [ 117.444442749326143, 3.003141401596098, -0.000035249997495 ], [ 117.443931579701555, 3.004877089966607, -0.000035249997495 ], [ 117.440986634863066, 3.006097793848685, -0.000035249997495 ], [ 117.440063476689133, 3.005095481727715, -0.000035249997495 ], [ 117.437345562989307, 3.010665215780533, -0.000035249997495 ], [ 117.437733233270876, 3.010956297623576, -0.000035249997495 ], [ 117.440920483884696, 3.006220984670561, -0.000035249997495 ] ] ], [ [ [ 117.46736144975884, 3.010055541338932, -0.000035249997495 ], [ 117.469490052011452, 3.010542155176858, -0.000035249997495 ], [ 117.469459533963274, 3.009697913057655, -0.000035249997495 ], [ 117.46736144975884, 3.010055541338932, -0.000035249997495 ] ] ], [ [ [ 117.423537589650962, 3.009123311404731, -0.000035249997495 ], [ 117.422568122207934, 3.005081793753925, -0.000035249997495 ], [ 117.420341491343365, 3.003177404755427, -0.000035249997495 ], [ 117.418769836583905, 3.003500222563775, -0.000035249997495 ], [ 117.418777466645921, 3.006444453592449, -0.000035249997495 ], [ 117.414123535067958, 3.003769635652669, -0.000035249997495 ], [ 117.418411255849904, 3.009273528679511, -0.000035249997495 ], [ 117.420272827265279, 3.008937596876842, -0.000035249997495 ], [ 117.420130507104233, 3.01258294124584, -0.000035249997495 ], [ 117.423537589650962, 3.009123311404731, -0.000035249997495 ] ] ], [ [ [ 117.490357929389276, 3.016273430356907, -0.000035249997495 ], [ 117.492485045759679, 3.014054059214114, -0.000035249997495 ], [ 117.495727538887351, 3.014523983189453, -0.000035249997495 ], [ 117.496864318892221, 3.013381720133794, -0.000035249997495 ], [ 117.494659424897264, 3.012845514895921, -0.000035249997495 ], [ 117.494857787692013, 3.011670112774858, -0.000035249997495 ], [ 117.49732971231343, 3.013045788331478, -0.000035249997495 ], [ 117.504279453689406, 3.011405356778312, -0.000035249997495 ], [ 117.500282288182319, 3.010250808095068, -0.000035249997495 ], [ 117.49920654332908, 3.005344390718964, -0.000035249997495 ], [ 117.496856690205718, 3.005136013094145, -0.000035249997495 ], [ 117.496658325410493, 3.001197578059485, -0.000035249997495 ], [ 117.500470719438212, 3.002038197199585, -0.000035249997495 ], [ 117.493101416767658, 2.995158235108052, -0.000035249997495 ], [ 117.492187500321194, 2.996728181610656, -0.000035249997495 ], [ 117.495887756407029, 3.000370264372357, -0.000035249997495 ], [ 117.496536254446951, 3.003598212807842, -0.000035249997495 ], [ 117.490357929389276, 3.016273430356907, -0.000035249997495 ] ], [ [ 117.496292114313448, 3.00630307223415, -0.000035249997495 ], [ 117.497955321690156, 3.006840944107692, -0.000035249997495 ], [ 117.496086121871841, 3.00732040439095, -0.000035249997495 ], [ 117.495155333579191, 3.009621619360851, -0.000035249997495 ], [ 117.496292114313448, 3.00630307223415, -0.000035249997495 ] ] ], [ [ [ 117.488656628049455, 3.01583725475272, -0.000035249997495 ], [ 117.494783520829955, 3.004017529426791, -0.000035249997495 ], [ 117.493302958789272, 2.999984142644799, -0.000035249997495 ], [ 117.48982105463422, 3.000083587430943, -0.000035249997495 ], [ 117.492186203698438, 3.001985387611521, -0.000035249997495 ], [ 117.491615133629452, 3.007624709977199, -0.000035249997495 ], [ 117.488145192950711, 3.015476032154779, -0.000035249997495 ], [ 117.485840022239131, 3.014519619661819, -0.000035249997495 ], [ 117.484046278894937, 3.016011369272001, -0.000035249997495 ], [ 117.485870227655425, 3.017585402187973, -0.000035249997495 ], [ 117.488656628049455, 3.01583725475272, -0.000035249997495 ] ] ], [ [ [ 117.467796325694152, 3.010987998165873, -0.000035249997495 ], [ 117.471327452730051, 3.013024499693635, -0.000035249997495 ], [ 117.472326826196593, 3.018521054651795, -0.000035249997495 ], [ 117.469703556745813, 3.019087232364899, -0.000035249997495 ], [ 117.469721427744801, 3.020505727184833, -0.000035249997495 ], [ 117.472167969156729, 3.02061438544191, -0.000035249997495 ], [ 117.473403932384741, 3.018838166673559, -0.000035249997495 ], [ 117.47200775132309, 3.013369559109158, -0.000035249997495 ], [ 117.470672606912387, 3.011403560037313, -0.000035249997495 ], [ 117.467796325694152, 3.010987998165873, -0.000035249997495 ] ] ], [ [ [ 117.424461569635156, 3.023563402926229, -0.000035249997495 ], [ 117.428771974345395, 3.022728681833518, -0.000035249997495 ], [ 117.428947449275597, 3.019946097387442, -0.000035249997495 ], [ 117.43231964216713, 3.014869212882931, -0.000035249997495 ], [ 117.432743072679031, 3.016926765639082, -0.000035249997495 ], [ 117.435844421069262, 3.018314599104825, -0.000035249997495 ], [ 117.437416077092806, 3.014036894005999, -0.000035249997495 ], [ 117.438179015668027, 3.018656254158434, -0.000035249997495 ], [ 117.436584472760401, 3.020835161435573, -0.000035249997495 ], [ 117.437515258786888, 3.02142709808927, -0.000035249997495 ], [ 117.439521789219185, 3.018083334294648, -0.000035249997495 ], [ 117.438644409265862, 3.013400793152032, -0.000035249997495 ], [ 117.437139257770355, 3.011712557312788, -0.000035249997495 ], [ 117.436004640028798, 3.012242078108006, -0.000035249997495 ], [ 117.435192324692309, 3.017160610058817, -0.000035249997495 ], [ 117.433126312761843, 3.013007212329068, -0.000035249997495 ], [ 117.429299274225002, 3.016907972901905, -0.000035249997495 ], [ 117.428695678912192, 3.015261200709836, -0.000035249997495 ], [ 117.425216675923124, 3.01448702822757, -0.000035249997495 ], [ 117.424110413334972, 3.01577401188715, -0.000035249997495 ], [ 117.424223944828867, 3.016107954090204, -0.000035249997495 ], [ 117.426232465122268, 3.015591356175929, -0.000035249997495 ], [ 117.428070067803702, 3.017627478208692, -0.000035249997495 ], [ 117.425064088170444, 3.018316983943587, -0.000035249997495 ], [ 117.424293518589693, 3.016940831698672, -0.000035249997495 ], [ 117.422241212297422, 3.017779588917751, -0.000035249997495 ], [ 117.420005799630061, 3.013711213867097, -0.000035249997495 ], [ 117.416170744987951, 3.01705982677189, -0.000035249997495 ], [ 117.417907715134277, 3.018164634975172, -0.000035249997495 ], [ 117.417671203443092, 3.020700454285558, -0.000035249997495 ], [ 117.421623229845991, 3.020759821257094, -0.000035249997495 ], [ 117.424461569635156, 3.023563402926229, -0.000035249997495 ] ] ], [ [ [ 117.459931300745296, 3.024489277419813, -0.000035249997495 ], [ 117.461784364242519, 3.023677349162154, -0.000035249997495 ], [ 117.463708122721243, 3.02007924122141, -0.000035249997495 ], [ 117.461912609891584, 3.020811730047066, -0.000035249997495 ], [ 117.459931300745296, 3.024489277419813, -0.000035249997495 ] ] ], [ [ [ 117.534217833551253, 3.025951862406852, -0.000035249997495 ], [ 117.533157074152854, 3.025561274870348, -0.000035249997495 ], [ 117.533118715247852, 3.025858552862736, -0.000035249997495 ], [ 117.534217833551253, 3.025951862406852, -0.000035249997495 ] ] ], [ [ [ 117.485089906227245, 3.023645028450773, -0.000035249997495 ], [ 117.481868949795327, 3.018633799943663, -0.000035249997495 ], [ 117.485407051209506, 3.028537239334289, -0.000035249997495 ], [ 117.485089906227245, 3.023645028450773, -0.000035249997495 ] ] ], [ [ [ 117.400771988794773, 3.028729765687763, -0.000035249997495 ], [ 117.406202043168491, 3.019032369919869, -0.000035249997495 ], [ 117.404097548026002, 3.019041441152783, -0.000035249997495 ], [ 117.40389311012396, 3.016522733348669, -0.000035249997495 ], [ 117.401622908047727, 3.019326976015321, -0.000035249997495 ], [ 117.398320216639945, 3.017509067675626, -0.000035249997495 ], [ 117.400195231897968, 3.014891660611839, -0.000035249997495 ], [ 117.406573299913134, 3.013388622669825, -0.000035249997495 ], [ 117.404235839752261, 3.010446547876806, -0.000035249997495 ], [ 117.404441834320565, 3.007137774776593, -0.000035249997495 ], [ 117.40686798110967, 3.007509232050358, -0.000035249997495 ], [ 117.41053009019565, 3.001841544904426, -0.000035249997495 ], [ 117.414314270179688, 3.002667188983211, -0.000035249997495 ], [ 117.413368225075757, 3.001096009732843, -0.000035249997495 ], [ 117.408287048903645, 3.000779151355727, -0.000035249997495 ], [ 117.408912658905152, 3.000081300695498, -0.000035249997495 ], [ 117.418121339267429, 3.001136302816617, -0.000035249997495 ], [ 117.426864624960814, 3.004506825878559, -0.000035249997495 ], [ 117.427742004214537, 3.001072883911886, -0.000035249997495 ], [ 117.430679320774374, 3.000879765116926, -0.000035249997495 ], [ 117.43182660326346, 2.998224415446583, -0.000035249997495 ], [ 117.378834108019831, 2.998606098783212, -0.000035249997495 ], [ 117.378890991432641, 3.00405979162973, -0.000035249997495 ], [ 117.397819339954907, 3.018345087001795, -0.000035249997495 ], [ 117.400771988794773, 3.028729765687763, -0.000035249997495 ] ] ], [ [ [ 117.613384832728457, 3.027916119199369, -0.000035249997495 ], [ 117.613456725800461, 3.025705812890687, -0.000035249997495 ], [ 117.611785889714668, 3.026245117156015, -0.000035249997495 ], [ 117.610816955583616, 3.025004147738446, -0.000035249997495 ], [ 117.61233520526207, 3.022370337551146, -0.000035249997495 ], [ 117.60885620055987, 3.020188092992248, -0.000035249997495 ], [ 117.607719420982292, 3.021625041561555, -0.000035249997495 ], [ 117.609451293708148, 3.02237200728863, -0.000035249997495 ], [ 117.611190796152584, 3.026873827273515, -0.000035249997495 ], [ 117.610516974191199, 3.029302703260135, -0.000035249997495 ], [ 117.613384832728457, 3.027916119199369, -0.000035249997495 ] ] ], [ [ [ 117.462079321949275, 3.029924838129765, -0.000035249997495 ], [ 117.467712401831747, 3.029161215069568, -0.000035249997495 ], [ 117.466865539764044, 3.027021884963136, -0.000035249997495 ], [ 117.467926025256006, 3.026609896795817, -0.000035249997495 ], [ 117.465850830098432, 3.023181915362568, -0.000035249997495 ], [ 117.464622498158477, 3.023840903807408, -0.000035249997495 ], [ 117.464950563116261, 3.027406693332021, -0.000035249997495 ], [ 117.462079321949275, 3.029924838129765, -0.000035249997495 ] ] ], [ [ [ 117.439018249359776, 3.031134605061765, -0.000035249997495 ], [ 117.443847655827241, 3.028855800191439, -0.000035249997495 ], [ 117.446662905156117, 3.029403209725275, -0.000035249997495 ], [ 117.44766998419928, 3.031158447097551, -0.000035249997495 ], [ 117.451083924167904, 3.027992569751548, -0.000035249997495 ], [ 117.448772748554532, 3.027094878672766, -0.000035249997495 ], [ 117.445075991054438, 3.02902340865448, -0.000035249997495 ], [ 117.442558290326332, 3.027951241187881, -0.000035249997495 ], [ 117.443359375185125, 3.023863553854915, -0.000035249997495 ], [ 117.439903259898202, 3.026211739313018, -0.000035249997495 ], [ 117.440795898771228, 3.029350757744293, -0.000035249997495 ], [ 117.439018249359776, 3.031134605061765, -0.000035249997495 ] ] ], [ [ [ 117.431583977036453, 3.029053088557342, -0.000035249997495 ], [ 117.430097034578679, 3.026958275142294, -0.000035249997495 ], [ 117.429889719950452, 3.02564949395838, -0.000035249997495 ], [ 117.427485000880893, 3.025256803067526, -0.000035249997495 ], [ 117.423338821555589, 3.028855598608299, -0.000035249997495 ], [ 117.428381955404902, 3.028986905803668, -0.000035249997495 ], [ 117.431111690440403, 3.031399635576207, -0.000035249997495 ], [ 117.431583977036453, 3.029053088557342, -0.000035249997495 ] ] ], [ [ [ 117.433419491681292, 3.031941530603992, -0.000035249997495 ], [ 117.432760285365234, 3.028614110582443, -0.000035249997495 ], [ 117.436308309737711, 3.027444195116742, -0.000035249997495 ], [ 117.436626417410409, 3.025482940597834, -0.000035249997495 ], [ 117.43056966591223, 3.025219043837317, -0.000035249997495 ], [ 117.432187584872011, 3.029217264338456, -0.000035249997495 ], [ 117.431615775616876, 3.031676296727572, -0.000035249997495 ], [ 117.430271956387955, 3.031656211947196, -0.000035249997495 ], [ 117.42843664389197, 3.029519968074519, -0.000035249997495 ], [ 117.427239003719407, 3.029288677581577, -0.000035249997495 ], [ 117.426261485170102, 3.029572197862622, -0.000035249997495 ], [ 117.430770873558842, 3.032472371745708, -0.000035249997495 ], [ 117.433419491681292, 3.031941530603992, -0.000035249997495 ] ] ], [ [ [ 117.535331725863927, 3.027617929811032, -0.000035249997495 ], [ 117.535446168329102, 3.026004314400584, -0.000035249997495 ], [ 117.538360596037748, 3.026688336812605, -0.000035249997495 ], [ 117.540184021252571, 3.024999856768283, -0.000035249997495 ], [ 117.535156250151161, 3.023741960353481, -0.000035249997495 ], [ 117.534835815552483, 3.026210308272575, -0.000035249997495 ], [ 117.533073425588597, 3.026209541635077, -0.000035249997495 ], [ 117.532057763143413, 3.027926460126348, -0.000035249997495 ], [ 117.532643110579698, 3.02965394842389, -0.000035249997495 ], [ 117.530995008816021, 3.032947960188566, -0.000035249997495 ], [ 117.53321631189236, 3.032440153605241, -0.000035249997495 ], [ 117.532997131009651, 3.028662443219253, -0.000035249997495 ], [ 117.535331725863927, 3.027617929811032, -0.000035249997495 ] ] ], [ [ [ 117.620357793611959, 3.034915295436281, -0.000035249997495 ], [ 117.621156500153347, 3.030727030964725, -0.000035249997495 ], [ 117.618270874979871, 3.026133299182925, -0.000035249997495 ], [ 117.619378827008873, 3.01999642688216, -0.000035249997495 ], [ 117.617439956850504, 3.016970058709165, -0.000035249997495 ], [ 117.617405755252307, 3.030436192131031, -0.000035249997495 ], [ 117.618622354570846, 3.030351720163408, -0.000035249997495 ], [ 117.618985229071967, 3.032065304820792, -0.000035249997495 ], [ 117.617001594777321, 3.032471320233234, -0.000035249997495 ], [ 117.617162468972268, 3.033422227775956, -0.000035249997495 ], [ 117.619246731797148, 3.032800088359613, -0.000035249997495 ], [ 117.620357793611959, 3.034915295436281, -0.000035249997495 ] ] ], [ [ [ 117.608337401970232, 3.03493714322846, -0.000035249997495 ], [ 117.606376647930986, 3.029382942733258, -0.000035249997495 ], [ 117.60914611798249, 3.034393071620906, -0.000035249997495 ], [ 117.608268738366917, 3.029562950175057, -0.000035249997495 ], [ 117.606201172365843, 3.028175353684883, -0.000035249997495 ], [ 117.604995727809253, 3.02911186212184, -0.000035249997495 ], [ 117.605056763967056, 3.027723074017885, -0.000035249997495 ], [ 117.607757568370417, 3.02699685140439, -0.000035249997495 ], [ 117.608718871838647, 3.024731874183436, -0.000035249997495 ], [ 117.607398988036877, 3.024551630148675, -0.000035249997495 ], [ 117.606529236212722, 3.027088165363794, -0.000035249997495 ], [ 117.605026245335409, 3.026122807950267, -0.000035249997495 ], [ 117.604156494605135, 3.029836892090322, -0.000035249997495 ], [ 117.602684021013943, 3.029143333045117, -0.000035249997495 ], [ 117.60264249704818, 3.026084912682458, -0.000035249997495 ], [ 117.600765379159611, 3.027535341261178, -0.000035249997495 ], [ 117.598545818392424, 3.026499799352776, -0.000035249997495 ], [ 117.600491265228541, 3.022281491431723, -0.000035249997495 ], [ 117.602044577340621, 3.023400788860251, -0.000035249997495 ], [ 117.601766656374295, 3.025121615010294, -0.000035249997495 ], [ 117.606244351736393, 3.02555383184796, -0.000035249997495 ], [ 117.600093228215229, 3.01721379070209, -0.000035249997495 ], [ 117.607528298610532, 3.017531403973706, -0.000035249997495 ], [ 117.609626770054362, 3.019948243865629, -0.000035249997495 ], [ 117.611289065844574, 3.019459529591471, -0.000035249997495 ], [ 117.609859520941512, 3.017653191448562, -0.000035249997495 ], [ 117.611557207303449, 3.016436111969516, -0.000035249997495 ], [ 117.592614093700277, 3.016503918053976, -0.000035249997495 ], [ 117.592101357253853, 3.023625943249563, -0.000035249997495 ], [ 117.596242556140197, 3.021222194854259, -0.000035249997495 ], [ 117.59815967635754, 3.02211872741995, -0.000035249997495 ], [ 117.596656075408987, 3.028159801824484, -0.000035249997495 ], [ 117.598849981771224, 3.029534642094191, -0.000035249997495 ], [ 117.597442023201481, 3.034526028787154, -0.000035249997495 ], [ 117.601729143789697, 3.03377675985869, -0.000035249997495 ], [ 117.602310180441506, 3.031090974833383, -0.000035249997495 ], [ 117.602988702185883, 3.032726419377152, -0.000035249997495 ], [ 117.604637145859826, 3.031376599703185, -0.000035249997495 ], [ 117.602653503104108, 3.029928445764149, -0.000035249997495 ], [ 117.605239867658923, 3.030621290226884, -0.000035249997495 ], [ 117.603950500122409, 3.032494067984276, -0.000035249997495 ], [ 117.604789734150771, 3.034818410640991, -0.000035249997495 ], [ 117.606834412006364, 3.034303904348783, -0.000035249997495 ], [ 117.606590271053506, 3.031315087442096, -0.000035249997495 ], [ 117.607223511125241, 3.034696101712239, -0.000035249997495 ], [ 117.608337401970232, 3.03493714322846, -0.000035249997495 ] ] ], [ [ [ 117.503311156840567, 3.034892795742362, -0.000035249997495 ], [ 117.50323486358154, 3.030194282301538, -0.000035249997495 ], [ 117.4993286133071, 3.026657581372701, -0.000035249997495 ], [ 117.497675386780543, 3.029071313723515, -0.000035249997495 ], [ 117.502376367805482, 3.030592645718518, -0.000035249997495 ], [ 117.50280467143503, 3.035922637622868, -0.000035249997495 ], [ 117.505320708056516, 3.038574902374596, -0.000035249997495 ], [ 117.506122605872079, 3.037241742864804, -0.000035249997495 ], [ 117.503311156840567, 3.034892795742362, -0.000035249997495 ] ] ], [ [ [ 117.403831264215739, 3.039801955138854, -0.000035249997495 ], [ 117.409093989671987, 3.03497957791774, -0.000035249997495 ], [ 117.405380248907747, 3.037394761856854, -0.000035249997495 ], [ 117.406723021591276, 3.035090446042869, -0.000035249997495 ], [ 117.405677795330604, 3.032278298859286, -0.000035249997495 ], [ 117.404159546389053, 3.031770229310979, -0.000035249997495 ], [ 117.402969360251205, 3.034403562876996, -0.000035249997495 ], [ 117.404518128004, 3.030812501864231, -0.000035249997495 ], [ 117.407936096283279, 3.030721425763331, -0.000035249997495 ], [ 117.410202026329586, 3.032515764021887, -0.000035249997495 ], [ 117.411422728994197, 3.03134846694851, -0.000035249997495 ], [ 117.410591125328807, 3.029403925222109, -0.000035249997495 ], [ 117.411689759364876, 3.03185701280363, -0.000035249997495 ], [ 117.410479255700864, 3.033701111199483, -0.000035249997495 ], [ 117.418306374572268, 3.029908200761346, -0.000035249997495 ], [ 117.417425961619145, 3.025260500313153, -0.000035249997495 ], [ 117.41259802104193, 3.019477824985566, -0.000035249997495 ], [ 117.40835205513433, 3.018717049407782, -0.000035249997495 ], [ 117.406707269731854, 3.020127775195381, -0.000035249997495 ], [ 117.411895751622865, 3.023000479293175, -0.000035249997495 ], [ 117.41023254429183, 3.025664090279492, -0.000035249997495 ], [ 117.413505555416663, 3.027817011015943, -0.000035249997495 ], [ 117.416778564351119, 3.027277229745467, -0.000035249997495 ], [ 117.417373657377979, 3.029221771997137, -0.000035249997495 ], [ 117.411956787302117, 3.029493331653702, -0.000035249997495 ], [ 117.412315368816763, 3.027667997549015, -0.000035249997495 ], [ 117.409515380554737, 3.026591778308655, -0.000035249997495 ], [ 117.407997132016192, 3.028567314374675, -0.000035249997495 ], [ 117.404991150024287, 3.02611494122386, -0.000035249997495 ], [ 117.406570435334814, 3.028567790627972, -0.000035249997495 ], [ 117.406036377024861, 3.029286145643342, -0.000035249997495 ], [ 117.405525208410268, 3.027700422680343, -0.000035249997495 ], [ 117.40327775212063, 3.02725057606485, -0.000035249997495 ], [ 117.397193938631915, 3.038474537618512, -0.000035249997495 ], [ 117.403831264215739, 3.039801955138854, -0.000035249997495 ] ] ], [ [ [ 117.601497048593075, 3.040063854035061, -0.000035249997495 ], [ 117.603675841849579, 3.038286209007393, -0.000035249997495 ], [ 117.601289388173996, 3.035719801374622, -0.000035249997495 ], [ 117.596614826075779, 3.038040484752219, -0.000035249997495 ], [ 117.595428469186885, 3.037411928073934, -0.000035249997495 ], [ 117.595855338930605, 3.039656775001532, -0.000035249997495 ], [ 117.596717834917882, 3.039060115946846, -0.000035249997495 ], [ 117.598205566656844, 3.039416790312449, -0.000035249997495 ], [ 117.598083495693871, 3.041142225399053, -0.000035249997495 ], [ 117.599746704389361, 3.040013075144092, -0.000035249997495 ], [ 117.601768494083458, 3.041441203438991, -0.000035249997495 ], [ 117.601497048593075, 3.040063854035061, -0.000035249997495 ] ] ], [ [ [ 117.617957093083305, 3.045119585132858, -0.000035249997495 ], [ 117.62243449176529, 3.042296210359983, -0.000035249997495 ], [ 117.617103576889519, 3.04484462670944, -0.000035249997495 ], [ 117.613998413159663, 3.043298242550334, -0.000035249997495 ], [ 117.613433839405118, 3.041024446412134, -0.000035249997495 ], [ 117.618362427170126, 3.038577079899846, -0.000035249997495 ], [ 117.619712830720644, 3.035815001407463, -0.000035249997495 ], [ 117.618904113662751, 3.034050226350457, -0.000035249997495 ], [ 117.614738465174511, 3.034561156584635, -0.000035249997495 ], [ 117.612716675183677, 3.037165403405059, -0.000035249997495 ], [ 117.613548386805348, 3.044081213589708, -0.000035249997495 ], [ 117.617957093083305, 3.045119585132858, -0.000035249997495 ] ] ], [ [ [ 117.534965514737692, 3.046705245983094, -0.000035249997495 ], [ 117.538169861590433, 3.044567824360427, -0.000035249997495 ], [ 117.538003614567288, 3.046623910927316, -0.000035249997495 ], [ 117.540204571845621, 3.046362783648841, -0.000035249997495 ], [ 117.54090667693535, 3.04277298438361, -0.000035249997495 ], [ 117.542707368896416, 3.041633627880579, -0.000035249997495 ], [ 117.538276637803264, 3.042556286220881, -0.000035249997495 ], [ 117.528721601759543, 3.040976316374664, -0.000035249997495 ], [ 117.525635356074631, 3.042345037016597, -0.000035249997495 ], [ 117.531799316342884, 3.04248261532901, -0.000035249997495 ], [ 117.5314712519436, 3.046612025233832, -0.000035249997495 ], [ 117.533454895051023, 3.046563624875296, -0.000035249997495 ], [ 117.533782960340631, 3.042908907760051, -0.000035249997495 ], [ 117.535575866690721, 3.043145181253251, -0.000035249997495 ], [ 117.534965514737692, 3.046705245983094, -0.000035249997495 ] ] ], [ [ [ 117.560306664388563, 3.045394048148013, -0.000035249997495 ], [ 117.563344020332423, 3.043918006768388, -0.000035249997495 ], [ 117.56350023786591, 3.042134700324176, -0.000035249997495 ], [ 117.566001434383196, 3.044400712030216, -0.000035249997495 ], [ 117.568917311006913, 3.042436056382226, -0.000035249997495 ], [ 117.567230225179259, 3.039077042724594, -0.000035249997495 ], [ 117.564956664651802, 3.039061785121811, -0.000035249997495 ], [ 117.564712524649721, 3.035652161385892, -0.000035249997495 ], [ 117.563547328079423, 3.035694442725532, -0.000035249997495 ], [ 117.564758994109638, 3.039423159361047, -0.000035249997495 ], [ 117.563379285400273, 3.04181584962112, -0.000035249997495 ], [ 117.556576935341269, 3.04544369985827, -0.000035249997495 ], [ 117.559321504984155, 3.047871210791124, -0.000035249997495 ], [ 117.560306664388563, 3.045394048148013, -0.000035249997495 ] ] ], [ [ [ 117.446746827344384, 3.047955990236559, -0.000035249997495 ], [ 117.449104310368639, 3.046625853227374, -0.000035249997495 ], [ 117.452305859214633, 3.045849314784575, -0.000035249997495 ], [ 117.450200070276395, 3.046153854896444, -0.000035249997495 ], [ 117.448616028298133, 3.043351173109424, -0.000035249997495 ], [ 117.44700622658344, 3.04365372672158, -0.000035249997495 ], [ 117.445408052978507, 3.044586942617405, -0.000035249997495 ], [ 117.446746827344384, 3.047955990236559, -0.000035249997495 ] ] ], [ [ [ 117.426025391232983, 3.048733949711807, -0.000035249997495 ], [ 117.425354004571602, 3.042503357007232, -0.000035249997495 ], [ 117.421546936432023, 3.040596484755751, -0.000035249997495 ], [ 117.424072266588951, 3.040128946105414, -0.000035249997495 ], [ 117.423797606882601, 3.037892102978555, -0.000035249997495 ], [ 117.425148011022557, 3.040652275186295, -0.000035249997495 ], [ 117.427130434757856, 3.040881922837584, -0.000035249997495 ], [ 117.423880775435137, 3.0365053298061, -0.000035249997495 ], [ 117.421061880399307, 3.035319745266599, -0.000035249997495 ], [ 117.416541662964676, 3.035843149171097, -0.000035249997495 ], [ 117.418045045307267, 3.039529324360335, -0.000035249997495 ], [ 117.41632843039794, 3.04048728886316, -0.000035249997495 ], [ 117.415558956887324, 3.043543625927667, -0.000035249997495 ], [ 117.417631484929672, 3.04609172420378, -0.000035249997495 ], [ 117.421742694768497, 3.047727575692053, -0.000035249997495 ], [ 117.416712916806134, 3.041599047184887, -0.000035249997495 ], [ 117.41896674213379, 3.038964506571496, -0.000035249997495 ], [ 117.421555595742873, 3.04130209024357, -0.000035249997495 ], [ 117.42041778629364, 3.042120217975484, -0.000035249997495 ], [ 117.423393250703953, 3.047073603337747, -0.000035249997495 ], [ 117.426025391232983, 3.048733949711807, -0.000035249997495 ] ] ], [ [ [ 117.41482443223839, 3.049143542258037, -0.000035249997495 ], [ 117.414713605059603, 3.042656864172559, -0.000035249997495 ], [ 117.413543701751721, 3.042639017295386, -0.000035249997495 ], [ 117.414713369151016, 3.035718716955457, -0.000035249997495 ], [ 117.413799943670284, 3.035591854859616, -0.000035249997495 ], [ 117.409372311060423, 3.037447595055572, -0.000035249997495 ], [ 117.413803102120454, 3.03657984628879, -0.000035249997495 ], [ 117.41174841309153, 3.040327528994945, -0.000035249997495 ], [ 117.411876329659805, 3.048949195852901, -0.000035249997495 ], [ 117.41482443223839, 3.049143542258037, -0.000035249997495 ] ] ], [ [ [ 117.375054518902317, 3.048778660380416, -0.000035249997495 ], [ 117.374400844610463, 3.047183263800802, -0.000035249997495 ], [ 117.369995961572371, 3.048665673900261, -0.000035249997495 ], [ 117.372300845809903, 3.049972400984266, -0.000035249997495 ], [ 117.375054518902317, 3.048778660380416, -0.000035249997495 ] ] ], [ [ [ 117.421696993566059, 3.052119426983588, -0.000035249997495 ], [ 117.424613954128915, 3.048861742416872, -0.000035249997495 ], [ 117.423202515235772, 3.04774045928883, -0.000035249997495 ], [ 117.422018009431483, 3.048748868598477, -0.000035249997495 ], [ 117.421696993566059, 3.052119426983588, -0.000035249997495 ] ] ], [ [ [ 117.476358345119394, 3.053386275752591, -0.000035249997495 ], [ 117.475524902020808, 3.050010681055562, -0.000035249997495 ], [ 117.470115702330531, 3.050531590582, -0.000035249997495 ], [ 117.465026856204091, 3.044624089639945, -0.000035249997495 ], [ 117.467094420684703, 3.048390627259677, -0.000035249997495 ], [ 117.466163636026678, 3.048830031841022, -0.000035249997495 ], [ 117.461194185410164, 3.043016355210078, -0.000035249997495 ], [ 117.458870226128965, 3.042598892802284, -0.000035249997495 ], [ 117.45794677809377, 3.044938325364148, -0.000035249997495 ], [ 117.45775604163947, 3.043923377437344, -0.000035249997495 ], [ 117.455932617156833, 3.044390438625636, -0.000035249997495 ], [ 117.456092834323371, 3.04285430759618, -0.000035249997495 ], [ 117.453697973734862, 3.043275874218341, -0.000035249997495 ], [ 117.452809951958272, 3.045634725205093, -0.000035249997495 ], [ 117.454345702868181, 3.045959234007291, -0.000035249997495 ], [ 117.454864501854047, 3.049273728576675, -0.000035249997495 ], [ 117.45385742258695, 3.048122167684821, -0.000035249997495 ], [ 117.451835632983048, 3.048863647918525, -0.000035249997495 ], [ 117.455070495677049, 3.050467014217308, -0.000035249997495 ], [ 117.460263826595806, 3.050273738123436, -0.000035249997495 ], [ 117.456489564357369, 3.049917698428033, -0.000035249997495 ], [ 117.455757141402557, 3.048573970571641, -0.000035249997495 ], [ 117.456214905241367, 3.045638561251853, -0.000035249997495 ], [ 117.457839966895037, 3.04521274495259, -0.000035249997495 ], [ 117.460708617876818, 3.048530579277718, -0.000035249997495 ], [ 117.458892822212761, 3.044848202556467, -0.000035249997495 ], [ 117.460123062213938, 3.04337906811161, -0.000035249997495 ], [ 117.466575623381885, 3.049461602909051, -0.000035249997495 ], [ 117.466009976996617, 3.050330581130944, -0.000035249997495 ], [ 117.472259047994697, 3.051411523165349, -0.000035249997495 ], [ 117.474555971366527, 3.050305842890971, -0.000035249997495 ], [ 117.476358345119394, 3.053386275752591, -0.000035249997495 ] ] ], [ [ [ 117.621218761003831, 3.054286663145716, -0.000035249997495 ], [ 117.622924804715666, 3.053827046731012, -0.000035249997495 ], [ 117.625855406845801, 3.047289592940437, -0.000035249997495 ], [ 117.613188315853378, 3.046340302088874, -0.000035249997495 ], [ 117.611433392137769, 3.048480017720209, -0.000035249997495 ], [ 117.607681395006139, 3.043761166564417, -0.000035249997495 ], [ 117.606414795821038, 3.040698290300657, -0.000035249997495 ], [ 117.60794794856487, 3.039695342220623, -0.000035249997495 ], [ 117.606169013119569, 3.037951210252864, -0.000035249997495 ], [ 117.605219743694022, 3.039946781280522, -0.000035249997495 ], [ 117.606888635836924, 3.043938315933872, -0.000035249997495 ], [ 117.603831621719408, 3.044169823612502, -0.000035249997495 ], [ 117.602513430263173, 3.042192449795783, -0.000035249997495 ], [ 117.599218978265895, 3.044383766602636, -0.000035249997495 ], [ 117.596303793050879, 3.042757760180525, -0.000035249997495 ], [ 117.597961425610237, 3.039594888380032, -0.000035249997495 ], [ 117.594640235958451, 3.04009936932563, -0.000035249997495 ], [ 117.595321654776498, 3.035544395220013, -0.000035249997495 ], [ 117.588691711148726, 3.034159659850594, -0.000035249997495 ], [ 117.592170716222995, 3.029872893909958, -0.000035249997495 ], [ 117.590110779918533, 3.029951811204751, -0.000035249997495 ], [ 117.586868285550494, 3.026916980755007, -0.000035249997495 ], [ 117.590859898343496, 3.024880863240628, -0.000035249997495 ], [ 117.58925716765637, 3.025048723420976, -0.000035249997495 ], [ 117.586849945848442, 3.020406486774192, -0.000035249997495 ], [ 117.587705785554533, 3.018012442187566, -0.000035249997495 ], [ 117.589793363291207, 3.017190503105633, -0.000035249997495 ], [ 117.587413321599129, 3.017504751843397, -0.000035249997495 ], [ 117.58623948279606, 3.02007629171271, -0.000035249997495 ], [ 117.585769654228471, 3.018771647348337, -0.000035249997495 ], [ 117.584125251321083, 3.020961471038175, -0.000035249997495 ], [ 117.582896554660991, 3.020689266185423, -0.000035249997495 ], [ 117.584236144743755, 3.023791075102723, -0.000035249997495 ], [ 117.580314635910895, 3.024657965421863, -0.000035249997495 ], [ 117.579611618114654, 3.026402441815727, -0.000035249997495 ], [ 117.583427961592903, 3.026046208227375, -0.000035249997495 ], [ 117.583939714638419, 3.027276474049646, -0.000035249997495 ], [ 117.586097718175424, 3.020844697930934, -0.000035249997495 ], [ 117.58792114335283, 3.025233745880169, -0.000035249997495 ], [ 117.585815429597147, 3.026954174237377, -0.000035249997495 ], [ 117.58843231312261, 3.028525828307059, -0.000035249997495 ], [ 117.58905792216774, 3.030866860590896, -0.000035249997495 ], [ 117.587928771880996, 3.035550115743998, -0.000035249997495 ], [ 117.586124343281014, 3.035574960352288, -0.000035249997495 ], [ 117.585566114237423, 3.038208317332749, -0.000035249997495 ], [ 117.587425232088592, 3.040379523406, -0.000035249997495 ], [ 117.581527710408238, 3.041480302745931, -0.000035249997495 ], [ 117.580543517903351, 3.044444084598751, -0.000035249997495 ], [ 117.583091736310337, 3.043710947942965, -0.000035249997495 ], [ 117.583351135608879, 3.044808388812001, -0.000035249997495 ], [ 117.580742779037408, 3.045728167668337, -0.000035249997495 ], [ 117.595314026890506, 3.052045107324166, -0.000035249997495 ], [ 117.595252991084237, 3.048514604232662, -0.000035249997495 ], [ 117.596115111640415, 3.048095465292003, -0.000035249997495 ], [ 117.596988209419251, 3.05253265773343, -0.000035249997495 ], [ 117.600854447572218, 3.053103811611581, -0.000035249997495 ], [ 117.602958679301935, 3.050185919204125, -0.000035249997495 ], [ 117.602535099020983, 3.044482654014481, -0.000035249997495 ], [ 117.607345486839819, 3.044449113320034, -0.000035249997495 ], [ 117.607620240282472, 3.04702639618305, -0.000035249997495 ], [ 117.604270935045747, 3.047247886918869, -0.000035249997495 ], [ 117.603950499993402, 3.050613642321815, -0.000035249997495 ], [ 117.606094360298002, 3.048563718687488, -0.000035249997495 ], [ 117.608680726187515, 3.04892826062266, -0.000035249997495 ], [ 117.612457276099406, 3.050988436406228, -0.000035249997495 ], [ 117.612661481666734, 3.053266455071697, -0.000035249997495 ], [ 117.621299327022584, 3.052423835843988, -0.000035249997495 ], [ 117.621218761003831, 3.054286663145716, -0.000035249997495 ] ] ], [ [ [ 117.499878650277225, 3.045455029112191, -0.000035249997495 ], [ 117.500018273063844, 3.041437222118593, -0.000035249997495 ], [ 117.492205885149247, 3.042190784803425, -0.000035249997495 ], [ 117.499557496285433, 3.045554159709361, -0.000035249997495 ], [ 117.499580384358694, 3.047923803381263, -0.000035249997495 ], [ 117.49616241555691, 3.050135611636081, -0.000035249997495 ], [ 117.498672486211859, 3.052057266063525, -0.000035249997495 ], [ 117.498898813780627, 3.054714995203344, -0.000035249997495 ], [ 117.502674184039236, 3.051007073600721, -0.000035249997495 ], [ 117.499878650277225, 3.045455029112191, -0.000035249997495 ] ] ], [ [ [ 117.387545077308019, 3.05712156416193, -0.000035249997495 ], [ 117.391135469632346, 3.049723109696045, -0.000035249997495 ], [ 117.396485907050149, 3.050799660854835, -0.000035249997495 ], [ 117.397605207719522, 3.046190892977824, -0.000035249997495 ], [ 117.394507026087453, 3.043704847450983, -0.000035249997495 ], [ 117.393753051941346, 3.047209262586928, -0.000035249997495 ], [ 117.390084725234658, 3.047907445086791, -0.000035249997495 ], [ 117.386410891201379, 3.056327020970664, -0.000035249997495 ], [ 117.387545077308019, 3.05712156416193, -0.000035249997495 ] ] ], [ [ [ 117.379779350926469, 3.050336869931514, -0.000035249997495 ], [ 117.378097535435828, 3.051512241245151, -0.000035249997495 ], [ 117.378844364972636, 3.052827755002352, -0.000035249997495 ], [ 117.376451478850896, 3.057079168977887, -0.000035249997495 ], [ 117.379296085830489, 3.058876679175914, -0.000035249997495 ], [ 117.378075881416081, 3.05614425230159, -0.000035249997495 ], [ 117.379779350926469, 3.050336869931514, -0.000035249997495 ] ] ], [ [ [ 117.410379377300771, 3.059486671577239, -0.000035249997495 ], [ 117.411407302172734, 3.05745347693898, -0.000035249997495 ], [ 117.414759623746633, 3.0576551997214, -0.000035249997495 ], [ 117.414314270359014, 3.055585862085547, -0.000035249997495 ], [ 117.412231446352138, 3.05514264192977, -0.000035249997495 ], [ 117.412787750253216, 3.053519032345491, -0.000035249997495 ], [ 117.407333160140126, 3.054566223195637, -0.000035249997495 ], [ 117.410224914719279, 3.057096481588102, -0.000035249997495 ], [ 117.410379377300771, 3.059486671577239, -0.000035249997495 ] ] ], [ [ [ 117.403221131204916, 3.055512665876101, -0.000035249997495 ], [ 117.406066895035153, 3.05305194897967, -0.000035249997495 ], [ 117.405487062341606, 3.051435947365621, -0.000035249997495 ], [ 117.407356261577547, 3.050806522206079, -0.000035249997495 ], [ 117.407554625968572, 3.048537253620265, -0.000035249997495 ], [ 117.40874481326388, 3.051841259378362, -0.000035249997495 ], [ 117.410385132388242, 3.049821138224446, -0.000035249997495 ], [ 117.410041808834535, 3.046988963958535, -0.000035249997495 ], [ 117.411422729329374, 3.047347783840795, -0.000035249997495 ], [ 117.411239624647621, 3.045192479975758, -0.000035249997495 ], [ 117.409767151301068, 3.046585082970871, -0.000035249997495 ], [ 117.40947232417561, 3.041919001867284, -0.000035249997495 ], [ 117.407485474823886, 3.040236523548336, -0.000035249997495 ], [ 117.408554077431276, 3.04196762996567, -0.000035249997495 ], [ 117.406734534564507, 3.043388940630501, -0.000035249997495 ], [ 117.407445575650797, 3.046100670392858, -0.000035249997495 ], [ 117.399994147688858, 3.050819157583813, -0.000035249997495 ], [ 117.39892158015995, 3.047839468017694, -0.000035249997495 ], [ 117.399925890041132, 3.047625860756249, -0.000035249997495 ], [ 117.398421580857999, 3.046398523443621, -0.000035249997495 ], [ 117.395423889206398, 3.053501605655425, -0.000035249997495 ], [ 117.398384094166886, 3.054269790829692, -0.000035249997495 ], [ 117.397460937407658, 3.058655976844252, -0.000035249997495 ], [ 117.39865875264762, 3.059373617615381, -0.000035249997495 ], [ 117.402767317587745, 3.060245218148371, -0.000035249997495 ], [ 117.403221131204916, 3.055512665876101, -0.000035249997495 ] ] ], [ [ [ 117.497291565742884, 3.06030190788194, -0.000035249997495 ], [ 117.503944398371942, 3.051845550388812, -0.000035249997495 ], [ 117.503845214834897, 3.056118250316165, -0.000035249997495 ], [ 117.506484984649973, 3.055757998993129, -0.000035249997495 ], [ 117.505058290940696, 3.051923512832007, -0.000035249997495 ], [ 117.509590149067208, 3.052597044831623, -0.000035249997495 ], [ 117.507553102744652, 3.047391891430611, -0.000035249997495 ], [ 117.504943848288946, 3.048146962908548, -0.000035249997495 ], [ 117.503456115642393, 3.052317381333406, -0.000035249997495 ], [ 117.497070312555337, 3.058266162802207, -0.000035249997495 ], [ 117.497291565742884, 3.06030190788194, -0.000035249997495 ] ] ], [ [ [ 117.36792858711928, 3.059528680961492, -0.000035249997495 ], [ 117.367226225019607, 3.057466077364769, -0.000035249997495 ], [ 117.361242604413732, 3.05519029198478, -0.000035249997495 ], [ 117.363822936574152, 3.05636978079529, -0.000035249997495 ], [ 117.363021851767115, 3.057836295326255, -0.000035249997495 ], [ 117.365856190240507, 3.058742671738127, -0.000035249997495 ], [ 117.360671997590757, 3.059033870679487, -0.000035249997495 ], [ 117.360610962861585, 3.060499906702535, -0.000035249997495 ], [ 117.365669251329777, 3.059480907012316, -0.000035249997495 ], [ 117.364921571151442, 3.06082773164758, -0.000035249997495 ], [ 117.364970731093635, 3.062219282797252, -0.000035249997495 ], [ 117.36792858711928, 3.059528680961492, -0.000035249997495 ] ] ], [ [ [ 117.577644348309732, 3.063316344577101, -0.000035249997495 ], [ 117.577957153204423, 3.059597254272465, -0.000035249997495 ], [ 117.580178441423698, 3.059714495755121, -0.000035249997495 ], [ 117.577925206824858, 3.058498485791645, -0.000035249997495 ], [ 117.575874329751528, 3.062407254864647, -0.000035249997495 ], [ 117.57473611284037, 3.062203601001579, -0.000035249997495 ], [ 117.577644348309732, 3.063316344577101, -0.000035249997495 ] ] ], [ [ [ 117.542983879022572, 3.063477431856051, -0.000035249997495 ], [ 117.54125213631454, 3.06336116800799, -0.000035249997495 ], [ 117.540023804724896, 3.058852910196916, -0.000035249997495 ], [ 117.540954591697769, 3.057109117757527, -0.000035249997495 ], [ 117.542004173060448, 3.057787586783983, -0.000035249997495 ], [ 117.541569939101194, 3.056847445635555, -0.000035249997495 ], [ 117.538223266937024, 3.057334900068999, -0.000035249997495 ], [ 117.538764955266032, 3.05498528494945, -0.000035249997495 ], [ 117.536735535958229, 3.050999641119244, -0.000035249997495 ], [ 117.542167664946717, 3.050569773174922, -0.000035249997495 ], [ 117.541854792376014, 3.048656015583316, -0.000035249997495 ], [ 117.532318115149664, 3.050598383068973, -0.000035249997495 ], [ 117.533354557577667, 3.053862420233145, -0.000035249997495 ], [ 117.535041808734647, 3.052788018575971, -0.000035249997495 ], [ 117.534637452328141, 3.058001278735829, -0.000035249997495 ], [ 117.537658691795798, 3.060230494258661, -0.000035249997495 ], [ 117.538322449830758, 3.058379173397121, -0.000035249997495 ], [ 117.540000916900468, 3.060874939097556, -0.000035249997495 ], [ 117.538650512558263, 3.061606406577025, -0.000035249997495 ], [ 117.539268568366495, 3.063859954983409, -0.000035249997495 ], [ 117.542983879022572, 3.063477431856051, -0.000035249997495 ] ] ], [ [ [ 117.377059937318222, 3.064888476884541, -0.000035249997495 ], [ 117.374971874422783, 3.062327945069153, -0.000035249997495 ], [ 117.374031066607316, 3.062325478033993, -0.000035249997495 ], [ 117.373742866231709, 3.062847772035672, -0.000035249997495 ], [ 117.377059937318222, 3.064888476884541, -0.000035249997495 ] ] ], [ [ [ 117.581701321288278, 3.065470750916321, -0.000035249997495 ], [ 117.585601808115513, 3.064340591216898, -0.000035249997495 ], [ 117.583563252996029, 3.062797288755748, -0.000035249997495 ], [ 117.584350587355075, 3.060104132169417, -0.000035249997495 ], [ 117.582157025150337, 3.058089250582382, -0.000035249997495 ], [ 117.58297425256886, 3.060443479330361, -0.000035249997495 ], [ 117.579498292153758, 3.063196422278552, -0.000035249997495 ], [ 117.581701321288278, 3.065470750916321, -0.000035249997495 ] ] ], [ [ [ 117.371197038106331, 3.063220182248612, -0.000035249997495 ], [ 117.373271316987299, 3.062242537419151, -0.000035249997495 ], [ 117.371982447933959, 3.058821817395764, -0.000035249997495 ], [ 117.370056154385082, 3.063241959164347, -0.000035249997495 ], [ 117.370794022939819, 3.067068757187135, -0.000035249997495 ], [ 117.371197038106331, 3.063220182248612, -0.000035249997495 ] ] ], [ [ [ 117.565292358156768, 3.065182207855373, -0.000035249997495 ], [ 117.562316895379055, 3.063380002877371, -0.000035249997495 ], [ 117.562316894940366, 3.058621883213619, -0.000035249997495 ], [ 117.563308715646926, 3.061249971014377, -0.000035249997495 ], [ 117.564735413335555, 3.060916423710274, -0.000035249997495 ], [ 117.564796448265312, 3.058720349180884, -0.000035249997495 ], [ 117.567848206256301, 3.060750008057653, -0.000035249997495 ], [ 117.567886353232197, 3.062094927332177, -0.000035249997495 ], [ 117.565719604144718, 3.061146735891739, -0.000035249997495 ], [ 117.565368652998004, 3.062412976443537, -0.000035249997495 ], [ 117.567886352740331, 3.063440083986976, -0.000035249997495 ], [ 117.575325012334019, 3.060864687436411, -0.000035249997495 ], [ 117.576744080097811, 3.055752753896201, -0.000035249997495 ], [ 117.578775524681589, 3.056371675227693, -0.000035249997495 ], [ 117.572191135825463, 3.052290799610234, -0.000035249997495 ], [ 117.571007814241341, 3.052407317674608, -0.000035249997495 ], [ 117.574584962367368, 3.054651976325406, -0.000035249997495 ], [ 117.574684144446181, 3.058386087155444, -0.000035249997495 ], [ 117.572769164864539, 3.060232877688687, -0.000035249997495 ], [ 117.573699951578334, 3.054404496736788, -0.000035249997495 ], [ 117.569892883315632, 3.054181336570414, -0.000035249997495 ], [ 117.567474364764379, 3.05604577108497, -0.000035249997495 ], [ 117.566307063404679, 3.054440488682596, -0.000035249997495 ], [ 117.560181795962507, 3.060794441367632, -0.000035249997495 ], [ 117.560665851260808, 3.063839855154325, -0.000035249997495 ], [ 117.564130277731138, 3.0649438373157, -0.000035249997495 ], [ 117.564808638198443, 3.068119866286784, -0.000035249997495 ], [ 117.565292358156768, 3.065182207855373, -0.000035249997495 ] ], [ [ 117.569305420958329, 3.058889627410268, -0.000035249997495 ], [ 117.565299988654303, 3.057779788557355, -0.000035249997495 ], [ 117.565490723408942, 3.055327176717543, -0.000035249997495 ], [ 117.566902162429713, 3.057268858191174, -0.000035249997495 ], [ 117.56863403363333, 3.056634902426443, -0.000035249997495 ], [ 117.571861266833807, 3.060510396743527, -0.000035249997495 ], [ 117.570678712016402, 3.060985803602207, -0.000035249997495 ], [ 117.569305420958329, 3.058889627410268, -0.000035249997495 ] ] ], [ [ [ 117.42645265059906, 3.068439364028801, -0.000035249997495 ], [ 117.428100586244696, 3.064528942231605, -0.000035249997495 ], [ 117.428672791882363, 3.065711499139763, -0.000035249997495 ], [ 117.434242248977469, 3.065900802873272, -0.000035249997495 ], [ 117.435150145685796, 3.06499075941307, -0.000035249997495 ], [ 117.433448792831214, 3.062066077334706, -0.000035249997495 ], [ 117.438125611260773, 3.062734675353477, -0.000035249997495 ], [ 117.438314178760166, 3.060424964275021, -0.000035249997495 ], [ 117.436073302776862, 3.056524277121156, -0.000035249997495 ], [ 117.432838441273262, 3.057124138010361, -0.000035249997495 ], [ 117.433250427176304, 3.055403471202764, -0.000035249997495 ], [ 117.431755065630767, 3.053720950842389, -0.000035249997495 ], [ 117.425546368163495, 3.05170271124083, -0.000035249997495 ], [ 117.421422930917899, 3.056697567669971, -0.000035249997495 ], [ 117.421082456826511, 3.061112207905265, -0.000035249997495 ], [ 117.421516419102105, 3.064476965645883, -0.000035249997495 ], [ 117.423477173789081, 3.063572884847365, -0.000035249997495 ], [ 117.424346924089235, 3.06482029084423, -0.000035249997495 ], [ 117.422264807679028, 3.068407230636411, -0.000035249997495 ], [ 117.42645265059906, 3.068439364028801, -0.000035249997495 ] ] ], [ [ [ 117.603236766931872, 3.069584496799644, -0.000035249997495 ], [ 117.604080940202849, 3.064367553641333, -0.000035249997495 ], [ 117.599678990766719, 3.06381849272958, -0.000035249997495 ], [ 117.601225487413288, 3.067887987337475, -0.000035249997495 ], [ 117.599751947224121, 3.067979931557737, -0.000035249997495 ], [ 117.599766011148489, 3.069212011353712, -0.000035249997495 ], [ 117.603236766931872, 3.069584496799644, -0.000035249997495 ] ] ], [ [ [ 117.466484069915779, 3.069899558984853, -0.000035249997495 ], [ 117.468124391112184, 3.065396547443288, -0.000035249997495 ], [ 117.469291687076307, 3.065746545901705, -0.000035249997495 ], [ 117.466873168634223, 3.06442308391833, -0.000035249997495 ], [ 117.465187073811137, 3.064847230827725, -0.000035249997495 ], [ 117.465721131391462, 3.062391280404993, -0.000035249997495 ], [ 117.461540221832422, 3.064199685684555, -0.000035249997495 ], [ 117.462902044748716, 3.06755809060687, -0.000035249997495 ], [ 117.465164184939056, 3.066174028921127, -0.000035249997495 ], [ 117.466484069915779, 3.069899558984853, -0.000035249997495 ] ] ], [ [ [ 117.593979141132792, 3.071447624077339, -0.000035249997495 ], [ 117.598965497607523, 3.066310126153255, -0.000035249997495 ], [ 117.595649719118569, 3.067088365699134, -0.000035249997495 ], [ 117.596219378240136, 3.062967357150653, -0.000035249997495 ], [ 117.595199573688063, 3.062748739287793, -0.000035249997495 ], [ 117.592158000440492, 3.068207252720962, -0.000035249997495 ], [ 117.593979141132792, 3.071447624077339, -0.000035249997495 ] ] ], [ [ [ 117.612960814797077, 3.071902990322493, -0.000035249997495 ], [ 117.610542297188886, 3.067645549552912, -0.000035249997495 ], [ 117.612838746386856, 3.066617011819001, -0.000035249997495 ], [ 117.614784242293325, 3.069107056172773, -0.000035249997495 ], [ 117.614540100304893, 3.066837072024997, -0.000035249997495 ], [ 117.618949891205574, 3.067274569068172, -0.000035249997495 ], [ 117.617332458150912, 3.069138764987025, -0.000035249997495 ], [ 117.619667053209625, 3.070400475970059, -0.000035249997495 ], [ 117.619295724438729, 3.071794076676819, -0.000035249997495 ], [ 117.621736671825033, 3.068937981572343, -0.000035249997495 ], [ 117.619208033578602, 3.067103782573011, -0.000035249997495 ], [ 117.608511395620269, 3.065049882734079, -0.000035249997495 ], [ 117.610542297377407, 3.065786122912336, -0.000035249997495 ], [ 117.609321593566392, 3.068411588778702, -0.000035249997495 ], [ 117.612960814797077, 3.071902990322493, -0.000035249997495 ] ] ], [ [ [ 117.574584962056804, 3.072852371610369, -0.000035249997495 ], [ 117.574974061143934, 3.07150721457072, -0.000035249997495 ], [ 117.576901118714275, 3.072801402711524, -0.000035249997495 ], [ 117.577491759571558, 3.070200204702488, -0.000035249997495 ], [ 117.579795231329626, 3.070529905306125, -0.000035249997495 ], [ 117.576820374031158, 3.065057515586403, -0.000035249997495 ], [ 117.575958253166647, 3.066046952982831, -0.000035249997495 ], [ 117.573523106063561, 3.064596244612318, -0.000035249997495 ], [ 117.57123565661405, 3.068067312093588, -0.000035249997495 ], [ 117.565582127129488, 3.069222160854482, -0.000035249997495 ], [ 117.565400185122783, 3.070994934836108, -0.000035249997495 ], [ 117.566807977249994, 3.071779972417024, -0.000035249997495 ], [ 117.574584962056804, 3.072852371610369, -0.000035249997495 ] ] ], [ [ [ 117.590423583822727, 3.074451208211917, -0.000035249997495 ], [ 117.600743934082772, 3.074566216234297, -0.000035249997495 ], [ 117.600034877861461, 3.072922703865716, -0.000035249997495 ], [ 117.59837163527385, 3.073605608864768, -0.000035249997495 ], [ 117.598461135740479, 3.070788526119076, -0.000035249997495 ], [ 117.59724202168843, 3.072818290554771, -0.000035249997495 ], [ 117.590504290564454, 3.074002378335378, -0.000035249997495 ], [ 117.587080403971257, 3.071236662117254, -0.000035249997495 ], [ 117.586945014980884, 3.069019005339234, -0.000035249997495 ], [ 117.585284350858785, 3.069448352183675, -0.000035249997495 ], [ 117.583199919070296, 3.06675521275243, -0.000035249997495 ], [ 117.583323195624516, 3.068943291420796, -0.000035249997495 ], [ 117.581679108578044, 3.068969013968206, -0.000035249997495 ], [ 117.583084106361184, 3.070830108348017, -0.000035249997495 ], [ 117.580879212098324, 3.07083129911425, -0.000035249997495 ], [ 117.582104467847245, 3.071092902607319, -0.000035249997495 ], [ 117.582126990288828, 3.073756447449489, -0.000035249997495 ], [ 117.583320617710342, 3.071027756014078, -0.000035249997495 ], [ 117.584490614813689, 3.072247787187469, -0.000035249997495 ], [ 117.585142538342382, 3.070875341923997, -0.000035249997495 ], [ 117.590423583822727, 3.074451208211917, -0.000035249997495 ] ] ], [ [ [ 117.423293457906482, 3.074808794254041, -0.000035249997495 ], [ 117.426307677745442, 3.072111844866208, -0.000035249997495 ], [ 117.427435380570657, 3.074379125666607, -0.000035249997495 ], [ 117.425670486709421, 3.070044633304474, -0.000035249997495 ], [ 117.421553260183202, 3.070067299720074, -0.000035249997495 ], [ 117.423293457906482, 3.074808794254041, -0.000035249997495 ] ] ], [ [ [ 117.421104430700964, 3.07558894159962, -0.000035249997495 ], [ 117.420644331220771, 3.069527078166194, -0.000035249997495 ], [ 117.416355860784066, 3.069935197918405, -0.000035249997495 ], [ 117.415863037223403, 3.071584939717172, -0.000035249997495 ], [ 117.415992738209695, 3.069595098275741, -0.000035249997495 ], [ 117.414421081753162, 3.068600892703215, -0.000035249997495 ], [ 117.410846825901444, 3.075307328588953, -0.000035249997495 ], [ 117.414176942218859, 3.072338341565354, -0.000035249997495 ], [ 117.417732239982811, 3.072148799804884, -0.000035249997495 ], [ 117.421104430700964, 3.07558894159962, -0.000035249997495 ] ] ], [ [ [ 117.610062253430627, 3.07574036513935, -0.000035249997495 ], [ 117.618170821702563, 3.072760026147733, -0.000035249997495 ], [ 117.616653442322772, 3.070534229174548, -0.000035249997495 ], [ 117.60866546713865, 3.073506117086575, -0.000035249997495 ], [ 117.609176635890975, 3.075127840035914, -0.000035249997495 ], [ 117.611930847913399, 3.074176788000389, -0.000035249997495 ], [ 117.610062253430627, 3.07574036513935, -0.000035249997495 ] ] ], [ [ [ 117.419926771637563, 3.087971030133241, -0.000035249997495 ], [ 117.421195984304944, 3.08626627935319, -0.000035249997495 ], [ 117.422805786228196, 3.087125301104177, -0.000035249997495 ], [ 117.423575283027276, 3.086864706936564, -0.000035249997495 ], [ 117.423612302042429, 3.085879871638019, -0.000035249997495 ], [ 117.422294616910861, 3.084603547418432, -0.000035249997495 ], [ 117.423103334407671, 3.083135843038379, -0.000035249997495 ], [ 117.420341492166131, 3.083542823558155, -0.000035249997495 ], [ 117.419136046686546, 3.081864356347984, -0.000035249997495 ], [ 117.42185574786123, 3.081661597136775, -0.000035249997495 ], [ 117.418775320635149, 3.079969372370805, -0.000035249997495 ], [ 117.416146430854965, 3.085091984633921, -0.000035249997495 ], [ 117.417762729319691, 3.084875098748658, -0.000035249997495 ], [ 117.41745339897453, 3.087801835709042, -0.000035249997495 ], [ 117.419926771637563, 3.087971030133241, -0.000035249997495 ] ] ], [ [ [ 117.446731343776761, 3.085453117328429, -0.000035249997495 ], [ 117.446223561568701, 3.086661429728801, -0.000035249997495 ], [ 117.451767706860679, 3.091348967920743, -0.000035249997495 ], [ 117.450815921757666, 3.095798559863786, -0.000035249997495 ], [ 117.448760986306951, 3.097666501897047, -0.000035249997495 ], [ 117.45199336161339, 3.094785776384303, -0.000035249997495 ], [ 117.452369963139716, 3.091892022962059, -0.000035249997495 ], [ 117.446731343776761, 3.085453117328429, -0.000035249997495 ] ] ], [ [ [ 117.38744395597125, 3.098683590802382, -0.000035249997495 ], [ 117.385147208016136, 3.09572497440167, -0.000035249997495 ], [ 117.383186918449397, 3.095728542236287, -0.000035249997495 ], [ 117.381557705593735, 3.097573243771928, -0.000035249997495 ], [ 117.383132935999626, 3.096186400106494, -0.000035249997495 ], [ 117.385658263820204, 3.09641599738371, -0.000035249997495 ], [ 117.383331298927786, 3.098289013162639, -0.000035249997495 ], [ 117.386766100757725, 3.100892114933965, -0.000035249997495 ], [ 117.38744395597125, 3.098683590802382, -0.000035249997495 ] ] ], [ [ [ 117.426368713242638, 3.101804972446387, -0.000035249997495 ], [ 117.429321288766744, 3.100929499165844, -0.000035249997495 ], [ 117.428604127295998, 3.097901344029848, -0.000035249997495 ], [ 117.426864625421999, 3.099307059607549, -0.000035249997495 ], [ 117.427909850955473, 3.097043037071913, -0.000035249997495 ], [ 117.425575256225613, 3.097449780138042, -0.000035249997495 ], [ 117.42352294880051, 3.093329429876023, -0.000035249997495 ], [ 117.426071166686157, 3.089051007798507, -0.000035249997495 ], [ 117.42630582410095, 3.087038418336877, -0.000035249997495 ], [ 117.424688863157286, 3.08564710400608, -0.000035249997495 ], [ 117.421287538428743, 3.093380690154994, -0.000035249997495 ], [ 117.426124574307636, 3.099057435800667, -0.000035249997495 ], [ 117.424758912038357, 3.10015082397504, -0.000035249997495 ], [ 117.426368713242638, 3.101804972446387, -0.000035249997495 ] ] ], [ [ [ 117.410049437727466, 3.100295304961515, -0.000035249997495 ], [ 117.412117004967186, 3.099330186796361, -0.000035249997495 ], [ 117.410667419263277, 3.098552941675319, -0.000035249997495 ], [ 117.412460327045991, 3.09855222739398, -0.000035249997495 ], [ 117.410659791347285, 3.096810818320748, -0.000035249997495 ], [ 117.411964418624891, 3.094539403604204, -0.000035249997495 ], [ 117.417007446377866, 3.091927051096437, -0.000035249997495 ], [ 117.419258118328742, 3.09381890265526, -0.000035249997495 ], [ 117.421363831814176, 3.089381695248401, -0.000035249997495 ], [ 117.420211792558746, 3.088129044292922, -0.000035249997495 ], [ 117.418318949721453, 3.090500970153053, -0.000035249997495 ], [ 117.418797794767798, 3.088622750095933, -0.000035249997495 ], [ 117.417144070305454, 3.091061697889119, -0.000035249997495 ], [ 117.412765504085314, 3.088665961190404, -0.000035249997495 ], [ 117.413940430900993, 3.08707332616945, -0.000035249997495 ], [ 117.413414000903984, 3.084700822942117, -0.000035249997495 ], [ 117.408400059791916, 3.078237311780885, -0.000035249997495 ], [ 117.410292018619032, 3.072882522934231, -0.000035249997495 ], [ 117.409801115750611, 3.071091629846615, -0.000035249997495 ], [ 117.407887361849845, 3.068663678574454, -0.000035249997495 ], [ 117.409461805579753, 3.071178384722652, -0.000035249997495 ], [ 117.403935518271965, 3.071468295170075, -0.000035249997495 ], [ 117.4039916999307, 3.07314753421573, -0.000035249997495 ], [ 117.409729005022442, 3.073188304576592, -0.000035249997495 ], [ 117.409111025033653, 3.075507640992542, -0.000035249997495 ], [ 117.404182434149178, 3.075298548410924, -0.000035249997495 ], [ 117.407279968142305, 3.077263593856292, -0.000035249997495 ], [ 117.407577514435985, 3.079235554011071, -0.000035249997495 ], [ 117.403022766386371, 3.084631681652427, -0.000035249997495 ], [ 117.404321162179116, 3.086901183560584, -0.000035249997495 ], [ 117.406005859379775, 3.08590555186111, -0.000035249997495 ], [ 117.406631470781193, 3.087997197604215, -0.000035249997495 ], [ 117.410728455341115, 3.088776112042688, -0.000035249997495 ], [ 117.410820006717543, 3.090930461057326, -0.000035249997495 ], [ 117.412330626882522, 3.091569900646647, -0.000035249997495 ], [ 117.413261415076576, 3.090383052842957, -0.000035249997495 ], [ 117.412918091723398, 3.092194079678324, -0.000035249997495 ], [ 117.415214539227733, 3.092036963000046, -0.000035249997495 ], [ 117.411277771162318, 3.094166517300546, -0.000035249997495 ], [ 117.411216737699277, 3.091771126036201, -0.000035249997495 ], [ 117.409019469599855, 3.09071421569836, -0.000035249997495 ], [ 117.406951904645865, 3.093452692070225, -0.000035249997495 ], [ 117.410293579998438, 3.095877885722296, -0.000035249997495 ], [ 117.409706118268701, 3.09730911324377, -0.000035249997495 ], [ 117.408004762040363, 3.098398446952712, -0.000035249997495 ], [ 117.409149169626914, 3.096375942096499, -0.000035249997495 ], [ 117.406700136216571, 3.094199418659001, -0.000035249997495 ], [ 117.405139167254731, 3.095879792931862, -0.000035249997495 ], [ 117.402893066796238, 3.09497857128011, -0.000035249997495 ], [ 117.401969910759206, 3.097343206191204, -0.000035249997495 ], [ 117.405555725704374, 3.101043700647125, -0.000035249997495 ], [ 117.409118653326104, 3.102068899841023, -0.000035249997495 ], [ 117.410476686564891, 3.101632833336696, -0.000035249997495 ], [ 117.410049437727466, 3.100295304961515, -0.000035249997495 ] ] ], [ [ [ 117.439239502219849, 3.107544183689509, -0.000035249997495 ], [ 117.440162659741944, 3.103781699643328, -0.000035249997495 ], [ 117.438331604073781, 3.107161758876518, -0.000035249997495 ], [ 117.436065673806397, 3.10612988388259, -0.000035249997495 ], [ 117.43514251687489, 3.103120803941518, -0.000035249997495 ], [ 117.432022096152139, 3.104279518069526, -0.000035249997495 ], [ 117.434928894415606, 3.104492186913379, -0.000035249997495 ], [ 117.435356139860545, 3.106236935288602, -0.000035249997495 ], [ 117.439239502219849, 3.107544183689509, -0.000035249997495 ] ] ], [ [ [ 117.414619559985169, 3.106170512101876, -0.000035249997495 ], [ 117.415154939236857, 3.102708396313695, -0.000035249997495 ], [ 117.412114854743422, 3.108335468654448, -0.000035249997495 ], [ 117.416325802120767, 3.107602657094839, -0.000035249997495 ], [ 117.414619559985169, 3.106170512101876, -0.000035249997495 ] ] ], [ [ [ 117.575889588081168, 3.105215311174006, -0.000035249997495 ], [ 117.578277588033799, 3.104294062221976, -0.000035249997495 ], [ 117.573493957832582, 3.100309849339026, -0.000035249997495 ], [ 117.574219504183489, 3.098615633425819, -0.000035249997495 ], [ 117.569506719954191, 3.097374311679908, -0.000035249997495 ], [ 117.569252014136481, 3.098906516450199, -0.000035249997495 ], [ 117.568183899739665, 3.099545955580503, -0.000035249997495 ], [ 117.568015245371726, 3.097829870555035, -0.000035249997495 ], [ 117.565030078092704, 3.101061009932778, -0.000035249997495 ], [ 117.566070557837463, 3.104454041247097, -0.000035249997495 ], [ 117.569786072316205, 3.1028418554466, -0.000035249997495 ], [ 117.571411133882464, 3.105575562979199, -0.000035249997495 ], [ 117.574707031353583, 3.104609729380146, -0.000035249997495 ], [ 117.575859070303167, 3.106160880147862, -0.000035249997495 ], [ 117.574858020766385, 3.107827638820766, -0.000035249997495 ], [ 117.580517266146273, 3.108975813293179, -0.000035249997495 ], [ 117.575889588081168, 3.105215311174006, -0.000035249997495 ] ] ], [ [ [ 117.457512733030057, 3.109237036603064, -0.000035249997495 ], [ 117.459709816937874, 3.1082779838406, -0.000035249997495 ], [ 117.457157382561832, 3.109022762280885, -0.000035249997495 ], [ 117.45586295735032, 3.107804477229809, -0.000035249997495 ], [ 117.458454132752166, 3.104660154218691, -0.000035249997495 ], [ 117.454606382564862, 3.106945143839774, -0.000035249997495 ], [ 117.456001790188793, 3.108878587665647, -0.000035249997495 ], [ 117.457512733030057, 3.109237036603064, -0.000035249997495 ] ] ], [ [ [ 117.3886795037578, 3.121621608945683, -0.000035249997495 ], [ 117.390182494677475, 3.118920326250088, -0.000035249997495 ], [ 117.392383778565573, 3.119104547044815, -0.000035249997495 ], [ 117.392601012985196, 3.116935730046665, -0.000035249997495 ], [ 117.395980836171475, 3.115641354759738, -0.000035249997495 ], [ 117.39556884814796, 3.11419606208425, -0.000035249997495 ], [ 117.393051146661762, 3.114785670336579, -0.000035249997495 ], [ 117.388313293099742, 3.109738588279066, -0.000035249997495 ], [ 117.392351169750413, 3.115645428577818, -0.000035249997495 ], [ 117.391748273714811, 3.11681367799209, -0.000035249997495 ], [ 117.389465333313481, 3.116327999768648, -0.000035249997495 ], [ 117.388748168658239, 3.11874079669945, -0.000035249997495 ], [ 117.388153076378657, 3.117725134443929, -0.000035249997495 ], [ 117.38423156677257, 3.11928272221299, -0.000035249997495 ], [ 117.385601896078185, 3.12100834928976, -0.000035249997495 ], [ 117.387138367912499, 3.11924552877223, -0.000035249997495 ], [ 117.3886795037578, 3.121621608945683, -0.000035249997495 ] ] ], [ [ [ 117.44511413620495, 3.126960754395894, -0.000035249997495 ], [ 117.446735574634417, 3.127509966596646, -0.000035249997495 ], [ 117.441672695313187, 3.125785621127779, -0.000035249997495 ], [ 117.44511413620495, 3.126960754395894, -0.000035249997495 ] ] ], [ [ [ 117.380098410012636, 3.14091731312768, -0.000035249997495 ], [ 117.385706477231338, 3.136188108704202, -0.000035249997495 ], [ 117.383635168883174, 3.135954411087995, -0.000035249997495 ], [ 117.38432125209826, 3.136739273610015, -0.000035249997495 ], [ 117.382835652116015, 3.137544087418117, -0.000035249997495 ], [ 117.380857532273765, 3.136764394190513, -0.000035249997495 ], [ 117.37840369964394, 3.139065017063648, -0.000035249997495 ], [ 117.380098410012636, 3.14091731312768, -0.000035249997495 ] ] ], [ [ [ 117.400534496931471, 3.138243017349818, -0.000035249997495 ], [ 117.400318011857138, 3.140624482435399, -0.000035249997495 ], [ 117.402969361296286, 3.143480537697589, -0.000035249997495 ], [ 117.403555067087325, 3.140619158038951, -0.000035249997495 ], [ 117.400534496931471, 3.138243017349818, -0.000035249997495 ] ] ], [ [ [ 117.424851908992551, 3.158897748354343, -0.000035249997495 ], [ 117.431542279830225, 3.153754125244423, -0.000035249997495 ], [ 117.434834432910435, 3.154752044066277, -0.000035249997495 ], [ 117.434364320035456, 3.153172016097303, -0.000035249997495 ], [ 117.436950683555011, 3.152447701439857, -0.000035249997495 ], [ 117.435104370953852, 3.147168636262882, -0.000035249997495 ], [ 117.437751770627514, 3.146981239412014, -0.000035249997495 ], [ 117.438194276133501, 3.14452743519068, -0.000035249997495 ], [ 117.431757798063686, 3.137770641413388, -0.000035249997495 ], [ 117.429801941347975, 3.137803078106552, -0.000035249997495 ], [ 117.429153443321397, 3.140466212236553, -0.000035249997495 ], [ 117.432632446919968, 3.140075683722888, -0.000035249997495 ], [ 117.434982299552303, 3.143691062941797, -0.000035249997495 ], [ 117.437385559867735, 3.144767045975659, -0.000035249997495 ], [ 117.433700562297588, 3.147910356702953, -0.000035249997495 ], [ 117.4329299943808, 3.146594284845504, -0.000035249997495 ], [ 117.42870330909534, 3.145788192970975, -0.000035249997495 ], [ 117.430587770423372, 3.147081851785274, -0.000035249997495 ], [ 117.426337519956888, 3.149517199290395, -0.000035249997495 ], [ 117.429421302127707, 3.15340048022633, -0.000035249997495 ], [ 117.427903204761108, 3.154937611719097, -0.000035249997495 ], [ 117.424592352347759, 3.154575797322941, -0.000035249997495 ], [ 117.424851908992551, 3.158897748354343, -0.000035249997495 ] ] ], [ [ [ 117.428115844618659, 3.16398000711219, -0.000035249997495 ], [ 117.429428102331784, 3.164129019162088, -0.000035249997495 ], [ 117.429992676343872, 3.162453175432556, -0.000035249997495 ], [ 117.431686400905576, 3.163050890151118, -0.000035249997495 ], [ 117.43269348171853, 3.158592462924306, -0.000035249997495 ], [ 117.428527833427211, 3.159282445551595, -0.000035249997495 ], [ 117.430198669953171, 3.157546282242676, -0.000035249997495 ], [ 117.431983948211368, 3.158054113240063, -0.000035249997495 ], [ 117.431111735992559, 3.155562413397796, -0.000035249997495 ], [ 117.427902221836206, 3.158025980335335, -0.000035249997495 ], [ 117.42739868264924, 3.159961700367569, -0.000035249997495 ], [ 117.429420470604995, 3.159970044289963, -0.000035249997495 ], [ 117.428115844618659, 3.16398000711219, -0.000035249997495 ] ] ], [ [ [ 117.416016847597163, 3.168437279266871, -0.000035249997495 ], [ 117.422523498867477, 3.167914866887807, -0.000035249997495 ], [ 117.42228698712556, 3.165937423990314, -0.000035249997495 ], [ 117.420971019231942, 3.163777665363762, -0.000035249997495 ], [ 117.41560363942051, 3.166660547057274, -0.000035249997495 ], [ 117.413948060686394, 3.163495301014017, -0.000035249997495 ], [ 117.414489746784966, 3.158953904734374, -0.000035249997495 ], [ 117.412902833412772, 3.154070601030686, -0.000035249997495 ], [ 117.418655395583343, 3.151430130349752, -0.000035249997495 ], [ 117.419624330283014, 3.159687756822777, -0.000035249997495 ], [ 117.423483770574364, 3.159369819069407, -0.000035249997495 ], [ 117.422035219388079, 3.155395985173393, -0.000035249997495 ], [ 117.423366124679703, 3.154304524598238, -0.000035249997495 ], [ 117.421569823998553, 3.150943994218946, -0.000035249997495 ], [ 117.425357428622036, 3.149095557084836, -0.000035249997495 ], [ 117.426178646581576, 3.146939563812982, -0.000035249997495 ], [ 117.422612651007142, 3.146845102780869, -0.000035249997495 ], [ 117.421077964556773, 3.14364090071961, -0.000035249997495 ], [ 117.418678544318382, 3.143621301225894, -0.000035249997495 ], [ 117.417243958102645, 3.149330139281235, -0.000035249997495 ], [ 117.413467407163765, 3.149136781240758, -0.000035249997495 ], [ 117.412025452367402, 3.146459817920529, -0.000035249997495 ], [ 117.413558961632049, 3.145970821129675, -0.000035249997495 ], [ 117.410949707024827, 3.139771222746234, -0.000035249997495 ], [ 117.41470337042044, 3.139478682587789, -0.000035249997495 ], [ 117.415405273563223, 3.145682335384477, -0.000035249997495 ], [ 117.416031521865548, 3.141583588588206, -0.000035249997495 ], [ 117.418808945966191, 3.143121061142387, -0.000035249997495 ], [ 117.41696167056466, 3.139445782639253, -0.000035249997495 ], [ 117.423355103709582, 3.137300490957291, -0.000035249997495 ], [ 117.415373064047515, 3.139284825689058, -0.000035249997495 ], [ 117.414424970863081, 3.136507793892352, -0.000035249997495 ], [ 117.418167114349131, 3.134680271370508, -0.000035249997495 ], [ 117.42030334642017, 3.135287045794154, -0.000035249997495 ], [ 117.421318054956217, 3.133687734048958, -0.000035249997495 ], [ 117.415809630659354, 3.133030176428833, -0.000035249997495 ], [ 117.413917542627956, 3.136477707837784, -0.000035249997495 ], [ 117.414199770956131, 3.13799457930581, -0.000035249997495 ], [ 117.409629824365666, 3.133535146218158, -0.000035249997495 ], [ 117.40780639628116, 3.135833739631291, -0.000035249997495 ], [ 117.404441833853738, 3.135660171573808, -0.000035249997495 ], [ 117.407421691087009, 3.139562677797204, -0.000035249997495 ], [ 117.407133238884526, 3.147714533649132, -0.000035249997495 ], [ 117.408717451068625, 3.1494492998943, -0.000035249997495 ], [ 117.406579343163315, 3.151809474234367, -0.000035249997495 ], [ 117.409141541270145, 3.150609492682352, -0.000035249997495 ], [ 117.409301758405846, 3.155726193600804, -0.000035249997495 ], [ 117.410827637224088, 3.15550160394694, -0.000035249997495 ], [ 117.410781862272913, 3.153784988877849, -0.000035249997495 ], [ 117.411888124720861, 3.154610393563142, -0.000035249997495 ], [ 117.413703918308229, 3.159646511368478, -0.000035249997495 ], [ 117.411195775634354, 3.163550911911277, -0.000035249997495 ], [ 117.416016847597163, 3.168437279266871, -0.000035249997495 ] ] ] ] } },
{ "type": "Feature", "properties": { "FIDcopy": 143.0, "Provinsi": "Kalimantan Utara", "Kab_Kota": "Bulungan", "Kecamatan": "Peso Hilir", "Kel_Desa": "Long Telenjau", "Kodetxt": "KU 4", "percentFC": 0, "Nama_Lemba": "LPHD LONG TELENJAU", "No_SK_Izin": "SK.5812/MENLHK-PSKL/PKPS/PSL.0/9/2018", "Luas_Izin": null, "Luas_Pol": 662.162624467, "Keterangan": "-", "Skema_PS": "HD", "Fungsi_Kaw": null, "KPH": null, "Shape_Leng": 0.0, "Shape_Area": 0.0, "kode": 0.0 }, "geometry": { "type": "MultiPolygon", "coordinates": [ [ [ [ 116.947427161244022, 2.806357813065016, -0.000035249997495 ], [ 116.944841100183993, 2.802068499601286, -0.000035249997495 ], [ 116.943775712809568, 2.803709003142186, -0.000035249997495 ], [ 116.937889098800213, 2.798646210556271, -0.000035249997495 ], [ 116.932691932022621, 2.776930862897467, -0.000035249997495 ], [ 116.919998169273086, 2.771157265060029, -0.000035249997495 ], [ 116.915656799387619, 2.767178915379546, -0.000035249997495 ], [ 116.916056654403107, 2.770340924246633, -0.000035249997495 ], [ 116.921379486029906, 2.778052395837633, -0.000035249997495 ], [ 116.927803039779391, 2.778924465418314, -0.000035249997495 ], [ 116.929183910968675, 2.780324624187298, -0.000035249997495 ], [ 116.929306260047838, 2.795824034213087, -0.000035249997495 ], [ 116.921554039346304, 2.79647077987023, -0.000035249997495 ], [ 116.921356582044382, 2.806461646058076, -0.000035249997495 ], [ 116.928645811956216, 2.817204032846, -0.000035249997495 ], [ 116.938818978052382, 2.813382796282207, -0.000035249997495 ], [ 116.947427161244022, 2.806357813065016, -0.000035249997495 ] ] ] ] } },
{ "type": "Feature", "properties": { "FIDcopy": 149.0, "Provinsi": "Kalimantan Utara", "Kab_Kota": "Bulungan", "Kecamatan": "Peso Hilir", "Kel_Desa": "Long Bang", "Kodetxt": "KU 10", "percentFC": 0, "Nama_Lemba": "LPHD LONG BANG", "No_SK_Izin": "SK.5622/MENLHK-PSKL/PKPS/PSL.0/9/2018\r\n", "Luas_Izin": null, "Luas_Pol": 1611.7100334199999, "Keterangan": "-", "Skema_PS": "HD", "Fungsi_Kaw": null, "KPH": null, "Shape_Leng": 0.0, "Shape_Area": 0.0, "kode": 0.0 }, "geometry": { "type": "MultiPolygon", "coordinates": [ [ [ [ 116.997041446232686, 2.787607650718869, -0.000035249997495 ], [ 116.997008765676199, 2.779233237410299, -0.000035249997495 ], [ 117.008202830358499, 2.779235773822291, -0.000035249997495 ], [ 117.011192768252883, 2.7770499254333, -0.000035249997495 ], [ 117.009296083445122, 2.773439055926727, -0.000035249997495 ], [ 117.003999387136815, 2.775750066397989, -0.000035249997495 ], [ 117.000569670302497, 2.773208163418525, -0.000035249997495 ], [ 117.001257012783498, 2.76411660732372, -0.000035249997495 ], [ 117.003951736396445, 2.763657007675689, -0.000035249997495 ], [ 117.001533146738964, 2.761205845572523, -0.000035249997495 ], [ 117.003913639392181, 2.760784547270652, -0.000035249997495 ], [ 117.003151876966527, 2.759214271013104, -0.000035249997495 ], [ 117.00445637963351, 2.757576963688209, -0.000035249997495 ], [ 117.007789057005198, 2.757021603589146, -0.000035249997495 ], [ 117.00713203156225, 2.755173658112547, -0.000035249997495 ], [ 117.009407773646771, 2.755345989560063, -0.000035249997495 ], [ 117.009417282768069, 2.753641662603034, -0.000035249997495 ], [ 117.008169913938588, 2.75400551741942, -0.000035249997495 ], [ 117.008474592580185, 2.750960706065394, -0.000035249997495 ], [ 117.006217902552791, 2.75052985077774, -0.000035249997495 ], [ 117.004542056803103, 2.752253335364867, -0.000035249997495 ], [ 117.000796573435935, 2.748430068181157, -0.000035249997495 ], [ 116.999139838901272, 2.748807423781908, -0.000035249997495 ], [ 116.998954165265275, 2.745841607108082, -0.000035249997495 ], [ 116.996911728643397, 2.745367647428827, -0.000035249997495 ], [ 116.998382855624087, 2.74488651261214, -0.000035249997495 ], [ 116.998154333296611, 2.743321021054216, -0.000035249997495 ], [ 116.994947856657333, 2.743105576658833, -0.000035249997495 ], [ 116.996526105068654, 2.741403648922508, -0.000035249997495 ], [ 116.994812182636707, 2.740470092641381, -0.000035249997495 ], [ 116.995752239838168, 2.738940483134372, -0.000035249997495 ], [ 116.98923899876975, 2.738389000215514, -0.000035249997495 ], [ 116.987567512613808, 2.737860167941454, -0.000035249997495 ], [ 116.987566804047191, 2.735901139190688, -0.000035249997495 ], [ 116.981056701115421, 2.734752716189989, -0.000035249997495 ], [ 116.981050202007722, 2.73129334406278, -0.000035249997495 ], [ 116.973558162554866, 2.731313881731556, -0.000035249997495 ], [ 116.973567316113488, 2.739814235841103, -0.000035249997495 ], [ 116.97792340779958, 2.739814331715968, -0.000035249997495 ], [ 116.977940968234634, 2.792972914955396, -0.000035249997495 ], [ 116.980153240885187, 2.793987334150414, -0.000035249997495 ], [ 116.997041446232686, 2.787607650718869, -0.000035249997495 ] ] ] ] } },
{ "type": "Feature", "properties": { "FIDcopy": 150.0, "Provinsi": "Kalimantan Utara", "Kab_Kota": "Bulungan", "Kecamatan": "Tanjung Palas", "Kel_Desa": "Mangkupadi", "Kodetxt": "KU 11", "percentFC": 0, "Nama_Lemba": "LPHD MANGKUPADI", "No_SK_Izin": null, "Luas_Izin": null, "Luas_Pol": 2553.4645225499999, "Keterangan": "-", "Skema_PS": "HD", "Fungsi_Kaw": null, "KPH": null, "Shape_Leng": 0.0, "Shape_Area": 0.0, "kode": 0.0 }, "geometry": { "type": "MultiPolygon", "coordinates": [ [ [ [ 117.855827974421743, 2.477961352109057, -0.000035249997495 ], [ 117.853107863407743, 2.477027519422344, -0.000035249997495 ], [ 117.854294399425285, 2.475689396434625, -0.000035249997495 ], [ 117.85295822011939, 2.474050211790078, -0.000035249997495 ], [ 117.85475271901052, 2.473636287254863, -0.000035249997495 ], [ 117.852606552848158, 2.471749968592479, -0.000035249997495 ], [ 117.854449828153065, 2.470604046837515, -0.000035249997495 ], [ 117.85286272455572, 2.47017579843993, -0.000035249997495 ], [ 117.854626912353069, 2.465144444624094, -0.000035249997495 ], [ 117.852694210221756, 2.463329529313602, -0.000035249997495 ], [ 117.854410839240657, 2.460950905315116, -0.000035249997495 ], [ 117.852620352576139, 2.459042336310648, -0.000035249997495 ], [ 117.8534132113559, 2.449548257966191, -0.000035249997495 ], [ 117.851990342827435, 2.449207949575662, -0.000035249997495 ], [ 117.853573589297426, 2.445705793309121, -0.000035249997495 ], [ 117.851360982912766, 2.443767233993233, -0.000035249997495 ], [ 117.849241545347908, 2.437115506327468, -0.000035249997495 ], [ 117.848046244425603, 2.44757892578725, -0.000035249997495 ], [ 117.832176927978352, 2.473891080580165, -0.000035249997495 ], [ 117.78481495971792, 2.490786466330757, -0.000035249997495 ], [ 117.767261870315266, 2.524850447669424, -0.000035249997495 ], [ 117.799496064426307, 2.524782800092483, -0.000035249997495 ], [ 117.806755065927021, 2.507732152959463, -0.000035249997495 ], [ 117.827270509358272, 2.488837720357517, -0.000035249997495 ], [ 117.842782973842006, 2.481515884063515, -0.000035249997495 ], [ 117.855827974421743, 2.477961352109057, -0.000035249997495 ] ] ] ] } },
{ "type": "Feature", "properties": { "FIDcopy": 151.0, "Provinsi": "Kalimantan Utara", "Kab_Kota": "Bulungan", "Kecamatan": "Peso", "Kel_Desa": "Long Peso", "Kodetxt": "KU 12", "percentFC": 0, "Nama_Lemba": "LPHD LONG PESO", "No_SK_Izin": "SK.7509/MENLHK-PSKL/PKPS/PSL.0/9/2022", "Luas_Izin": null, "Luas_Pol": 4163.9380202700004, "Keterangan": "-", "Skema_PS": "HD", "Fungsi_Kaw": null, "KPH": null, "Shape_Leng": 0.0, "Shape_Area": 0.0, "kode": 0.0 }, "geometry": { "type": "MultiPolygon", "coordinates": [ [ [ [ 116.764407978246595, 2.796826378818371, -0.000035249997495 ], [ 116.769334793171154, 2.736902236561606, -0.000035249997495 ], [ 116.77486610358163, 2.71420097269003, -0.000035249997495 ], [ 116.778824622808727, 2.709699478605022, -0.000035249997495 ], [ 116.762868830973048, 2.701249991281885, -0.000035249997495 ], [ 116.760339737021297, 2.702798843017975, -0.000035249997495 ], [ 116.7509822923369, 2.702627493599175, -0.000035249997495 ], [ 116.746156637751852, 2.712044819374519, -0.000035249997495 ], [ 116.745163706669985, 2.722986276232431, -0.000035249997495 ], [ 116.740948362787734, 2.732550575203586, -0.000035249997495 ], [ 116.727293481798228, 2.740199719576821, -0.000035249997495 ], [ 116.722741043610839, 2.744832852701688, -0.000035249997495 ], [ 116.720892007863156, 2.752664572322992, -0.000035249997495 ], [ 116.720818792744438, 2.757673154015813, -0.000035249997495 ], [ 116.72245025537552, 2.758299588773981, -0.000035249997495 ], [ 116.720806155652681, 2.776451998995629, -0.000035249997495 ], [ 116.721363024163878, 2.783651109981822, -0.000035249997495 ], [ 116.725005046987064, 2.785002061356938, -0.000035249997495 ], [ 116.728883568240846, 2.791688346168504, -0.000035249997495 ], [ 116.734951193979768, 2.792640131259006, -0.000035249997495 ], [ 116.743317430212002, 2.791716620645419, -0.000035249997495 ], [ 116.753374170592181, 2.787018653587851, -0.000035249997495 ], [ 116.760304351126621, 2.796595984683768, -0.000035249997495 ], [ 116.762832528202722, 2.79787494513847, -0.000035249997495 ], [ 116.764407978246595, 2.796826378818371, -0.000035249997495 ] ] ] ] } },
{ "type": "Feature", "properties": { "FIDcopy": 152.0, "Provinsi": "Kalimantan Utara", "Kab_Kota": "Bulungan", "Kecamatan": "Peso Hilir", "Kel_Desa": "Long Tungu", "Kodetxt": "KU 13", "percentFC": 0, "Nama_Lemba": "LD LONG TUNGU", "No_SK_Izin": "SK.8142/MENLHK-PSKL/PKPS/PSL.0/10/2022", "Luas_Izin": null, "Luas_Pol": 3358.48024971, "Keterangan": "-", "Skema_PS": "HD", "Fungsi_Kaw": null, "KPH": null, "Shape_Leng": 0.0, "Shape_Area": 0.0, "kode": 0.0 }, "geometry": { "type": "MultiPolygon", "coordinates": [ [ [ [ 117.05896494990094, 2.878340046261311, -0.000035249997495 ], [ 117.061740987814161, 2.877467577415557, -0.000035249997495 ], [ 117.069989786057675, 2.879291831065551, -0.000035249997495 ], [ 117.087121904874962, 2.885399113856122, -0.000035249997495 ], [ 117.092731899342581, 2.880405362083716, -0.000035249997495 ], [ 117.088855520230041, 2.871572871068897, -0.000035249997495 ], [ 117.077964782568699, 2.858485699328828, -0.000035249997495 ], [ 117.077964782623809, 2.854176997761858, -0.000035249997495 ], [ 117.081771851218946, 2.847833394740676, -0.000035249997495 ], [ 117.08034515360103, 2.844243050273022, -0.000035249997495 ], [ 117.071544140055209, 2.83600209742499, -0.000035249997495 ], [ 117.052694930213093, 2.828560502694184, -0.000035249997495 ], [ 117.046167922287708, 2.830748437971064, -0.000035249997495 ], [ 117.040946522804688, 2.838842965339003, -0.000035249997495 ], [ 117.042242954026293, 2.860444945008741, -0.000035249997495 ], [ 117.040947606761236, 2.869470141054961, -0.000035249997495 ], [ 117.033158310582195, 2.872301374741907, -0.000035249997495 ], [ 117.010051602590252, 2.869252067391144, -0.000035249997495 ], [ 117.007223127917669, 2.87428369606699, -0.000035249997495 ], [ 117.013316769231793, 2.884347380442232, -0.000035249997495 ], [ 117.040730947778869, 2.895284471061224, -0.000035249997495 ], [ 117.048875150302095, 2.893422466006031, -0.000035249997495 ], [ 117.055775587155438, 2.889615328358962, -0.000035249997495 ], [ 117.05682255037199, 2.887806938021641, -0.000035249997495 ], [ 117.053888767144372, 2.885557745181384, -0.000035249997495 ], [ 117.05896494990094, 2.878340046261311, -0.000035249997495 ] ] ] ] } },
{ "type": "Feature", "properties": { "FIDcopy": 155.0, "Provinsi": "Kalimantan Utara", "Kab_Kota": "Bulungan", "Kecamatan": "Peso Hilir", "Kel_Desa": "Naha Aya", "Kodetxt": "KU 16", "percentFC": 0, "Nama_Lemba": "LD NAHA AYA", "No_SK_Izin": "SK.6609/MENLHK-PSKL/PKPS/PSL.0/8/2022", "Luas_Izin": null, "Luas_Pol": 263.12219511500001, "Keterangan": "-", "Skema_PS": "HD", "Fungsi_Kaw": null, "KPH": null, "Shape_Leng": 0.0, "Shape_Area": 0.0, "kode": 0.0 }, "geometry": { "type": "MultiPolygon", "coordinates": [ [ [ [ 116.904206017727873, 2.764550020361681, -0.000035249997495 ], [ 116.901001143724912, 2.762147427408681, -0.000035249997495 ], [ 116.901775180995017, 2.758378001237726, -0.000035249997495 ], [ 116.905637509001494, 2.757523956931273, -0.000035249997495 ], [ 116.906351924986168, 2.754544325085368, -0.000035249997495 ], [ 116.89778476068723, 2.754108446118387, -0.000035249997495 ], [ 116.894928067842656, 2.758171010420674, -0.000035249997495 ], [ 116.888321196699124, 2.763054141113449, -0.000035249997495 ], [ 116.889110760030405, 2.764843935228712, -0.000035249997495 ], [ 116.892560749837529, 2.763764924884359, -0.000035249997495 ], [ 116.898378460388273, 2.767376104255702, -0.000035249997495 ], [ 116.899039224080099, 2.770883556688863, -0.000035249997495 ], [ 116.90643297057585, 2.780942749697836, -0.000035249997495 ], [ 116.908331383780535, 2.777313360393376, -0.000035249997495 ], [ 116.908527287368287, 2.770315716185566, -0.000035249997495 ], [ 116.904719377368323, 2.767772292298164, -0.000035249997495 ], [ 116.904206017727873, 2.764550020361681, -0.000035249997495 ] ] ] ] } },
{ "type": "Feature", "properties": { "FIDcopy": 153.0, "Provinsi": "Kalimantan Utara", "Kab_Kota": "Bulungan", "Kecamatan": "Tanjung Palas Barat", "Kel_Desa": "Long Beluah", "Kodetxt": "KU 14", "percentFC": 0, "Nama_Lemba": "LPHD LONG BELUAH", "No_SK_Izin": "SK.6613/MENLHK-PSKL/PKPS/PSL.0/8/2022", "Luas_Izin": null, "Luas_Pol": 1597.51609362, "Keterangan": "-", "Skema_PS": "HD", "Fungsi_Kaw": null, "KPH": null, "Shape_Leng": 0.0, "Shape_Area": 0.0, "kode": 0.0 }, "geometry": { "type": "MultiPolygon", "coordinates": [ [ [ [ 117.067512512163759, 2.717968701743895, -0.000035249997495 ], [ 117.064987183420143, 2.705214499899994, -0.000035249997495 ], [ 117.059020995832114, 2.694794178074523, -0.000035249997495 ], [ 117.057922848865289, 2.687017054952104, -0.000035249997495 ], [ 117.055213928130129, 2.681826114763567, -0.000035249997495 ], [ 117.038691276692063, 2.684642000665368, -0.000035249997495 ], [ 117.027453956415741, 2.680733612929182, -0.000035249997495 ], [ 117.018280028835491, 2.680936097614592, -0.000035249997495 ], [ 117.010528563884208, 2.686453342181323, -0.000035249997495 ], [ 117.008786580623109, 2.690833395784812, -0.000035249997495 ], [ 117.030561439676163, 2.69543549586049, -0.000035249997495 ], [ 117.037245594330557, 2.715571463741618, -0.000035249997495 ], [ 117.044687398567049, 2.7154996810964, -0.000035249997495 ], [ 117.056576104828707, 2.719825992938056, -0.000035249997495 ], [ 117.061252202117004, 2.725152993010015, -0.000035249997495 ], [ 117.064688565932059, 2.726255387345092, -0.000035249997495 ], [ 117.067512512163759, 2.717968701743895, -0.000035249997495 ] ] ] ] } },
{ "type": "Feature", "properties": { "FIDcopy": 154.0, "Provinsi": "Kalimantan Utara", "Kab_Kota": "Bulungan", "Kecamatan": "Sekatak", "Kel_Desa": "Sekatak Buji", "Kodetxt": "KU 15", "percentFC": 0, "Nama_Lemba": "LPHD SEKATAK BUJI", "No_SK_Izin": "SK.10234/MENLHK-PSKL/PKPS/PSL.0/12/2022", "Luas_Izin": null, "Luas_Pol": 383.02768304900002, "Keterangan": "-", "Skema_PS": "HD", "Fungsi_Kaw": null, "KPH": null, "Shape_Leng": 0.0, "Shape_Area": 0.0, "kode": 0.0 }, "geometry": { "type": "MultiPolygon", "coordinates": [ [ [ [ 117.285572629048303, 3.205257223826758, -0.000035249997495 ], [ 117.285835264907433, 3.211447476603617, -0.000035249997495 ], [ 117.287673950179226, 3.213326453978401, -0.000035249997495 ], [ 117.290040860735715, 3.208051869397132, -0.000035249997495 ], [ 117.285572629048303, 3.205257223826758, -0.000035249997495 ] ] ], [ [ [ 117.272450643408561, 3.225672273159673, -0.000035249997495 ], [ 117.27737285213739, 3.224636252931105, -0.000035249997495 ], [ 117.276748242729226, 3.222881400675769, -0.000035249997495 ], [ 117.280257948290981, 3.221394239639646, -0.000035249997495 ], [ 117.280107287790457, 3.218111735178298, -0.000035249997495 ], [ 117.276337430368827, 3.2137517479603, -0.000035249997495 ], [ 117.270564369726657, 3.228430207222827, -0.000035249997495 ], [ 117.272450643408561, 3.225672273159673, -0.000035249997495 ] ] ], [ [ [ 117.280489077055606, 3.229516202582164, -0.000035249997495 ], [ 117.278909918123233, 3.227891406368653, -0.000035249997495 ], [ 117.277260331869115, 3.230382783114961, -0.000035249997495 ], [ 117.278797672850658, 3.230302454583732, -0.000035249997495 ], [ 117.280489077055606, 3.229516202582164, -0.000035249997495 ] ] ], [ [ [ 117.304915802743452, 3.232086611083451, -0.000035249997495 ], [ 117.305838411142631, 3.228665749788378, -0.000035249997495 ], [ 117.303031555195361, 3.230273683358132, -0.000035249997495 ], [ 117.300644530256136, 3.227595885066645, -0.000035249997495 ], [ 117.295984621260061, 3.227695398012318, -0.000035249997495 ], [ 117.292926568317966, 3.225261439800598, -0.000035249997495 ], [ 117.293650242886969, 3.223476257388367, -0.000035249997495 ], [ 117.290857083990289, 3.223485233805627, -0.000035249997495 ], [ 117.290857083552211, 3.226616625228308, -0.000035249997495 ], [ 117.286587309111383, 3.227045460185136, -0.000035249997495 ], [ 117.28625690120586, 3.221273540586503, -0.000035249997495 ], [ 117.281992169732618, 3.222583168069852, -0.000035249997495 ], [ 117.284677274355516, 3.226038936271467, -0.000035249997495 ], [ 117.283526854749951, 3.227021103439417, -0.000035249997495 ], [ 117.283959565991324, 3.22949362875701, -0.000035249997495 ], [ 117.300715422628372, 3.232252916249474, -0.000035249997495 ], [ 117.304915802743452, 3.232086611083451, -0.000035249997495 ] ] ], [ [ [ 117.301787642854734, 3.249008898163228, -0.000035249997495 ], [ 117.300923592240437, 3.246597322987878, -0.000035249997495 ], [ 117.299689506923571, 3.247331567440774, -0.000035249997495 ], [ 117.299785716357832, 3.248853493940488, -0.000035249997495 ], [ 117.301787642854734, 3.249008898163228, -0.000035249997495 ] ] ], [ [ [ 117.294642075063066, 3.250106196753036, -0.000035249997495 ], [ 117.294262813104439, 3.251457753976168, -0.000035249997495 ], [ 117.295586522309193, 3.252274275367652, -0.000035249997495 ], [ 117.295521453900449, 3.25091371839325, -0.000035249997495 ], [ 117.294642075063066, 3.250106196753036, -0.000035249997495 ] ] ], [ [ [ 117.30396508789606, 3.265178678165663, -0.000035249997495 ], [ 117.305977215041707, 3.260118329231157, -0.000035249997495 ], [ 117.304179863075433, 3.252081030204808, -0.000035249997495 ], [ 117.30202390965232, 3.253413964344181, -0.000035249997495 ], [ 117.300048827213431, 3.251818421265735, -0.000035249997495 ], [ 117.298858563967116, 3.255443540451489, -0.000035249997495 ], [ 117.296908342053186, 3.253923138171551, -0.000035249997495 ], [ 117.295025290812831, 3.256278227756268, -0.000035249997495 ], [ 117.293198728446953, 3.253620187869026, -0.000035249997495 ], [ 117.290942166108735, 3.257300173805039, -0.000035249997495 ], [ 117.299101343133771, 3.265611488634493, -0.000035249997495 ], [ 117.30396508789606, 3.265178678165663, -0.000035249997495 ] ], [ [ 117.295922935408271, 3.25708306789062, -0.000035249997495 ], [ 117.297007948759699, 3.256241578386245, -0.000035249997495 ], [ 117.297865803873705, 3.257950399902827, -0.000035249997495 ], [ 117.301561577128837, 3.258023898109871, -0.000035249997495 ], [ 117.303741285970332, 3.260025936624893, -0.000035249997495 ], [ 117.29984737669659, 3.259739869998448, -0.000035249997495 ], [ 117.299037987897989, 3.260877102200283, -0.000035249997495 ], [ 117.295922935408271, 3.25708306789062, -0.000035249997495 ] ] ] ] } },
{ "type": "Feature", "properties": { "FIDcopy": 141.0, "Provinsi": "Kalimantan Utara", "Kab_Kota": "Bulungan", "Kecamatan": "Peso Hilir", "Kel_Desa": "Long Lembu", "Kodetxt": "KU 2", "percentFC": 0, "Nama_Lemba": "LPHD LONG LEMBU", "No_SK_Izin": "SK.6685/MENLHK-PSKL/PKPS/PSL.0/12/2017", "Luas_Izin": null, "Luas_Pol": 25.739880849599999, "Keterangan": "-", "Skema_PS": "HD", "Fungsi_Kaw": null, "KPH": null, "Shape_Leng": 0.0, "Shape_Area": 0.0, "kode": 0.0 }, "geometry": { "type": "MultiPolygon", "coordinates": [ [ [ [ 117.095380513983557, 2.826081445171632, -0.000035249997495 ], [ 117.095802868015028, 2.817290556274683, -0.000035249997495 ], [ 117.091018609445797, 2.817376718961436, -0.000035249997495 ], [ 117.09284936836427, 2.818364747667295, -0.000035249997495 ], [ 117.093701058235439, 2.824996928035945, -0.000035249997495 ], [ 117.095380513983557, 2.826081445171632, -0.000035249997495 ] ] ] ] } },
{ "type": "Feature", "properties": { "FIDcopy": 157.0, "Provinsi": "Kalimantan Utara", "Kab_Kota": "Bulungan", "Kecamatan": "Peso", "Kel_Desa": "Long Bia", "Kodetxt": "KU 18", "percentFC": 0, "Nama_Lemba": "LPHD LONG BIA", "No_SK_Izin": "SK.10293/MENLHK-PSKL/PKPS/PSL.0/9/2023", "Luas_Izin": null, "Luas_Pol": 569.39077615400004, "Keterangan": null, "Skema_PS": "HD", "Fungsi_Kaw": null, "KPH": null, "Shape_Leng": 0.0, "Shape_Area": 0.0, "kode": 0.0 }, "geometry": { "type": "MultiPolygon", "coordinates": [ [ [ [ 116.767866038980017, 2.760056697859211, -0.000035249997495 ], [ 116.774585928410019, 2.768211829411147, -0.000035249997495 ], [ 116.781346637997174, 2.769582818425043, -0.000035249997495 ], [ 116.780991047445212, 2.761582428676372, -0.000035249997495 ], [ 116.778963586623632, 2.757487900531324, -0.000035249997495 ], [ 116.780372276796399, 2.749454217836796, -0.000035249997495 ], [ 116.778700280233849, 2.744713178495306, -0.000035249997495 ], [ 116.782663043235473, 2.736734566439936, -0.000035249997495 ], [ 116.780058990764402, 2.732114300617558, -0.000035249997495 ], [ 116.774764003321664, 2.729449059807505, -0.000035249997495 ], [ 116.774197738446674, 2.726790846616042, -0.000035249997495 ], [ 116.776782199280333, 2.725450710938575, -0.000035249997495 ], [ 116.787257642777718, 2.725101336069772, -0.000035249997495 ], [ 116.787862058690934, 2.723246815905344, -0.000035249997495 ], [ 116.77654018077763, 2.723725455115511, -0.000035249997495 ], [ 116.773071850977544, 2.721583988726528, -0.000035249997495 ], [ 116.769334793170984, 2.736902237466309, -0.000035249997495 ], [ 116.767866038980017, 2.760056697859211, -0.000035249997495 ] ] ] ] } },
{ "type": "Feature", "properties": { "FIDcopy": 158.0, "Provinsi": "Kalimantan Utara", "Kab_Kota": "Bulungan", "Kecamatan": "Peso", "Kel_Desa": "Long Pelban", "Kodetxt": "KU 19", "percentFC": 0, "Nama_Lemba": "LPHD LONG PELBAN", "No_SK_Izin": "SK.8543/MENLHK-PSKL/PKPS/PSL.0/8/2023", "Luas_Izin": null, "Luas_Pol": 4875.3492337500002, "Keterangan": null, "Skema_PS": "HD", "Fungsi_Kaw": null, "KPH": null, "Shape_Leng": 0.0, "Shape_Area": 0.0, "kode": 0.0 }, "geometry": { "type": "MultiPolygon", "coordinates": [ [ [ [ 116.686082204058891, 2.774333435697657, -0.000035249997495 ], [ 116.70057475476483, 2.761678015426391, -0.000035249997495 ], [ 116.704263935858137, 2.756305543728121, -0.000035249997495 ], [ 116.698094619701394, 2.744999253404397, -0.000035249997495 ], [ 116.691117543928726, 2.736495941173085, -0.000035249997495 ], [ 116.688065072930343, 2.729736897542852, -0.000035249997495 ], [ 116.687519989190648, 2.724504091852503, -0.000035249997495 ], [ 116.683868839312936, 2.720942283000516, -0.000035249997495 ], [ 116.671385499397587, 2.713602408819646, -0.000035249997495 ], [ 116.665011926890102, 2.711336248449549, -0.000035249997495 ], [ 116.665042268411426, 2.720084378109751, -0.000035249997495 ], [ 116.658767843226045, 2.718342874883639, -0.000035249997495 ], [ 116.655524491729054, 2.720270967913106, -0.000035249997495 ], [ 116.64670895884673, 2.720975862909284, -0.000035249997495 ], [ 116.632199187744419, 2.728585368913122, -0.000035249997495 ], [ 116.621504627952575, 2.731487137630626, -0.000035249997495 ], [ 116.620393804181347, 2.741893684820939, -0.000035249997495 ], [ 116.621543722207633, 2.743159526805423, -0.000035249997495 ], [ 116.619897203598754, 2.743888090606839, -0.000035249997495 ], [ 116.620332090896454, 2.745253187738912, -0.000035249997495 ], [ 116.615592107652162, 2.746962357638197, -0.000035249997495 ], [ 116.615007010137745, 2.748674406362898, -0.000035249997495 ], [ 116.610502972134242, 2.747696207527053, -0.000035249997495 ], [ 116.610910654437831, 2.750291260332652, -0.000035249997495 ], [ 116.614365673474879, 2.750167159318758, -0.000035249997495 ], [ 116.626473730044793, 2.746062092156114, -0.000035249997495 ], [ 116.623522018451879, 2.752772650631345, -0.000035249997495 ], [ 116.627312183513197, 2.7532076458564, -0.000035249997495 ], [ 116.631026380003902, 2.750701234301859, -0.000035249997495 ], [ 116.633669942923959, 2.752105538550178, -0.000035249997495 ], [ 116.627074196015968, 2.756606943641078, -0.000035249997495 ], [ 116.623390268854806, 2.761632157699901, -0.000035249997495 ], [ 116.628365409502976, 2.766645701712994, -0.000035249997495 ], [ 116.626548594051414, 2.774610454816507, -0.000035249997495 ], [ 116.627048876250015, 2.785406794400384, -0.000035249997495 ], [ 116.62832884248698, 2.790614842639103, -0.000035249997495 ], [ 116.62698304979817, 2.775251161656724, -0.000035249997495 ], [ 116.630144703973315, 2.771723919032506, -0.000035249997495 ], [ 116.640676881222703, 2.772818854697152, -0.000035249997495 ], [ 116.681812103270431, 2.785496591906962, -0.000035249997495 ], [ 116.681579662096752, 2.782759401104979, -0.000035249997495 ], [ 116.688438797218723, 2.781448847549467, -0.000035249997495 ], [ 116.686292848601639, 2.779083815032827, -0.000035249997495 ], [ 116.687214422207632, 2.777463153924395, -0.000035249997495 ], [ 116.686082204058891, 2.774333435697657, -0.000035249997495 ] ] ] ] } },
{ "type": "Feature", "properties": { "FIDcopy": 156.0, "Provinsi": "Kalimantan Utara", "Kab_Kota": "Bulungan", "Kecamatan": "Peso", "Kel_Desa": "Long Buang", "Kodetxt": "KU 17", "percentFC": 0, "Nama_Lemba": "LPHD LONG BUANG", "No_SK_Izin": "SK.10697/MENLHK-PSKL/PKPS/PSL.0/9/2023", "Luas_Izin": null, "Luas_Pol": 376.84433941899999, "Keterangan": null, "Skema_PS": "HD", "Fungsi_Kaw": null, "KPH": null, "Shape_Leng": 0.0, "Shape_Area": 0.0, "kode": 0.0 }, "geometry": { "type": "MultiPolygon", "coordinates": [ [ [ [ 116.699488621116103, 2.620037363018858, -0.000035249997495 ], [ 116.705371876369355, 2.610777317420668, -0.000035249997495 ], [ 116.693513326688176, 2.59297790157892, -0.000035249997495 ], [ 116.680373082683374, 2.56899096847067, -0.000035249997495 ], [ 116.670158795552098, 2.54378627516238, -0.000035249997495 ], [ 116.661252315656824, 2.532637722577172, -0.000035249997495 ], [ 116.6575858533309, 2.536510344366088, -0.000035249997495 ], [ 116.665732655020491, 2.547051830907245, -0.000035249997495 ], [ 116.674351896735558, 2.567787220609059, -0.000035249997495 ], [ 116.698053699348847, 2.606991561414921, -0.000035249997495 ], [ 116.687578114176077, 2.616987406465443, -0.000035249997495 ], [ 116.699488621116103, 2.620037363018858, -0.000035249997495 ] ] ], [ [ [ 116.648844140974916, 2.641055978173648, -0.000035249997495 ], [ 116.654393260742296, 2.639107821393258, -0.000035249997495 ], [ 116.659931474925472, 2.624652741561629, -0.000035249997495 ], [ 116.667409004317108, 2.615285847328248, -0.000035249997495 ], [ 116.657309483925019, 2.616329420904672, -0.000035249997495 ], [ 116.653771185269008, 2.621856609998206, -0.000035249997495 ], [ 116.647541551631832, 2.624008411690348, -0.000035249997495 ], [ 116.643920690341147, 2.630549752558287, -0.000035249997495 ], [ 116.63805508997045, 2.637097809756934, -0.000035249997495 ], [ 116.648844140974916, 2.641055978173648, -0.000035249997495 ] ] ] ] } },
{ "type": "Feature", "properties": { "FIDcopy": 159.0, "Provinsi": "Kalimantan Utara", "Kab_Kota": "Bulungan", "Kecamatan": "Tanjung Palas Timur", "Kel_Desa": "Binai", "Kodetxt": "KU 20", "percentFC": 0, "Nama_Lemba": "KTH SENGUYUN", "No_SK_Izin": "SK.10333/MENLHK-PSKL/PKPS/PSL.0/12/2022", "Luas_Izin": null, "Luas_Pol": 86.395700238200007, "Keterangan": "-", "Skema_PS": "KK", "Fungsi_Kaw": null, "KPH": null, "Shape_Leng": 0.07002845898, "Shape_Area": 7.030519e-05, "kode": 0.0 }, "geometry": { "type": "MultiPolygon", "coordinates": [ [ [ [ 117.632729538009542, 2.555610120067925, -0.000035249997495 ], [ 117.633302608359188, 2.554671681463871, -0.000035249997495 ], [ 117.637107325398532, 2.555738410533901, -0.000035249997495 ], [ 117.637739025576337, 2.555115369198191, -0.000035249997495 ], [ 117.637218002039148, 2.553536379864549, -0.000035249997495 ], [ 117.628674813019231, 2.553906412148017, -0.000035249997495 ], [ 117.632729538009542, 2.555610120067925, -0.000035249997495 ] ] ], [ [ [ 117.632222198835578, 2.581901045941126, -0.000035249997495 ], [ 117.631973413599056, 2.571655372185658, -0.000035249997495 ], [ 117.627919021871762, 2.56998842434263, -0.000035249997495 ], [ 117.627747869319137, 2.573341001027425, -0.000035249997495 ], [ 117.623924331569597, 2.575407579911555, -0.000035249997495 ], [ 117.625486235728815, 2.575623363941821, -0.000035249997495 ], [ 117.626531321078602, 2.579366751015404, -0.000035249997495 ], [ 117.632222198835578, 2.581901045941126, -0.000035249997495 ] ], [ [ 117.6310261059444, 2.570846361647795, -0.000035249997495 ], [ 117.630614125051395, 2.570670258351408, -0.000035249997495 ], [ 117.630652419676224, 2.570597546437488, -0.000035249997495 ], [ 117.6310261059444, 2.570846361647795, -0.000035249997495 ] ] ] ] } },
{ "type": "Feature", "properties": { "FIDcopy": 160.0, "Provinsi": "Kalimantan Utara", "Kab_Kota": "Bulungan", "Kecamatan": "Tanjung Palas", "Kel_Desa": "Mangkupadi", "Kodetxt": "KU 21", "percentFC": 0, "Nama_Lemba": "KTH PEMUDA BERKARYA", "No_SK_Izin": "SK.9194/MENLHK-PSKL/PKPS/PSL.0/12/2018", "Luas_Izin": null, "Luas_Pol": 2963.8741089800001, "Keterangan": "-", "Skema_PS": "HKM", "Fungsi_Kaw": null, "KPH": null, "Shape_Leng": 0.0, "Shape_Area": 0.00241171477, "kode": 0.0 }, "geometry": { "type": "MultiPolygon", "coordinates": [ [ [ [ 117.745516904942875, 2.525199228042674, -0.000035249997495 ], [ 117.739092735452431, 2.513169531206507, -0.000035249997495 ], [ 117.685325622544269, 2.502294680205945, -0.000035249997495 ], [ 117.639539041460992, 2.479937850711191, -0.000035249997495 ], [ 117.633895993269149, 2.493163143532403, -0.000035249997495 ], [ 117.633536997598299, 2.496728003588125, -0.000035249997495 ], [ 117.635702690467056, 2.501904645518497, -0.000035249997495 ], [ 117.63890490790817, 2.504631756125967, -0.000035249997495 ], [ 117.638908657567683, 2.507137976066597, -0.000035249997495 ], [ 117.651290300383366, 2.513158693372108, -0.000035249997495 ], [ 117.656559340145506, 2.520342718827178, -0.000035249997495 ], [ 117.658152955113451, 2.524886535892178, -0.000035249997495 ], [ 117.745516904942875, 2.525199228042674, -0.000035249997495 ] ] ] ] } },
{ "type": "Feature", "properties": { "FIDcopy": 161.0, "Provinsi": "Kalimantan Utara", "Kab_Kota": "Bulungan", "Kecamatan": "Tanjung Palas", "Kel_Desa": "Antutan", "Kodetxt": "KU 22", "percentFC": 0, "Nama_Lemba": "KTH SIMPENG ULUN BULUNGON", "No_SK_Izin": "SK.2830/MENLHK-PSKL/PKPS/PSL.0/3/2022\r\n", "Luas_Izin": null, "Luas_Pol": 187.905703496, "Keterangan": "-", "Skema_PS": "HKM", "Fungsi_Kaw": null, "KPH": null, "Shape_Leng": 0.0, "Shape_Area": 0.00015293485, "kode": 0.0 }, "geometry": { "type": "MultiPolygon", "coordinates": [ [ [ [ 117.365518888972701, 2.678042917392333, -0.000035249997495 ], [ 117.359789351766793, 2.673210542629125, -0.000035249997495 ], [ 117.353734921864572, 2.673112912042154, -0.000035249997495 ], [ 117.355502920931187, 2.671889051474444, -0.000035249997495 ], [ 117.354703257267275, 2.66592097846561, -0.000035249997495 ], [ 117.350295662690939, 2.665951063189822, -0.000035249997495 ], [ 117.344646509816883, 2.681910746106539, -0.000035249997495 ], [ 117.365518888972701, 2.678042917392333, -0.000035249997495 ] ] ] ] } },
{ "type": "Feature", "properties": { "FIDcopy": 162.0, "Provinsi": "Kalimantan Utara", "Kab_Kota": "Bulungan", "Kecamatan": "Tanjung Palas Timur", "Kel_Desa": "Sajau", "Kodetxt": "KU 23", "percentFC": 0, "Nama_Lemba": "KTH KALTARA BERSATU", "No_SK_Izin": "SK.9349/MENLHK-PSKL/PKPS/PSL.0/11/2022", "Luas_Izin": null, "Luas_Pol": 185.22949624399999, "Keterangan": "-", "Skema_PS": "HKM", "Fungsi_Kaw": null, "KPH": null, "Shape_Leng": 0.0, "Shape_Area": 0.00015072814, "kode": 0.0 }, "geometry": { "type": "MultiPolygon", "coordinates": [ [ [ [ 117.585639247831978, 2.51647233158439, -0.000035249997495 ], [ 117.57448505702385, 2.504078438164314, -0.000035249997495 ], [ 117.571479957076846, 2.502482222051372, -0.000035249997495 ], [ 117.565312224374651, 2.50506952287322, -0.000035249997495 ], [ 117.557229126906705, 2.514668106788404, -0.000035249997495 ], [ 117.568110067598667, 2.510639406879905, -0.000035249997495 ], [ 117.585639247831978, 2.51647233158439, -0.000035249997495 ] ] ] ] } },
{ "type": "Feature", "properties": { "FIDcopy": 141.0, "Provinsi": "Kalimantan Timur", "Kab_Kota": "Kutai Timur", "Kecamatan": "Teluk Pandan", "Kel_Desa": "Suka Rahmat", "Kodetxt": "KT 141", "percentFC": 0, "Nama_Lemba": "Karya Bersama Polmas 1", "No_SK_Izin": "SK.5212/MENLHK-PSKL/PKPS/PSL.0/5/2022", "Luas_Izin": "45", "Luas_Pol": 45.0950678305, "Keterangan": null, "Skema_PS": "HKM", "Fungsi_Kaw": "HPT", "KPH": "KPHP Santan", "Shape_Leng": 0.0, "Shape_Area": 450950.67830500001, "kode": 0.0 }, "geometry": { "type": "MultiPolygon", "coordinates": [ [ [ [ 117.396077584544201, 0.139230458574965, 0.000000000000114 ], [ 117.401609078285659, 0.140325727153029, 0.000000000000114 ], [ 117.403012000324622, 0.136657999879069, 0.000000000000114 ], [ 117.396429368101593, 0.132123990126051, 0.000000000000114 ], [ 117.39507314731928, 0.133232780617025, 0.000000000000114 ], [ 117.396602551130741, 0.137483994860876, 0.000000000000114 ], [ 117.398803014875199, 0.137732942091949, 0.000000000000114 ], [ 117.396077584544201, 0.139230458574965, 0.000000000000114 ] ] ] ] } },
{ "type": "Feature", "properties": { "FIDcopy": 142.0, "Provinsi": "Kalimantan Timur", "Kab_Kota": "Kutai Timur", "Kecamatan": "Teluk Pandan", "Kel_Desa": "Suka Rahmat", "Kodetxt": "KT 142", "percentFC": 0, "Nama_Lemba": "Karya Bersama Polmas 2", "No_SK_Izin": "SK.5005/MENLHK-PSKL/PKPS/PSL.0/5/2022", "Luas_Izin": "48", "Luas_Pol": 48.220312851599999, "Keterangan": null, "Skema_PS": "HKM", "Fungsi_Kaw": "HPT", "KPH": "KPHP Santan", "Shape_Leng": 0.0, "Shape_Area": 482203.128516, "kode": 0.0 }, "geometry": { "type": "MultiPolygon", "coordinates": [ [ [ [ 117.402795569106303, 0.14380501765023, 0.000000000000114 ], [ 117.400817764516319, 0.139360595414655, 0.000000000000114 ], [ 117.397530852849258, 0.140356437071972, 0.000000000000114 ], [ 117.396077584544201, 0.139230458574965, 0.000000000000114 ], [ 117.398803014875199, 0.137732942091949, 0.000000000000114 ], [ 117.396602551130741, 0.137483994860876, 0.000000000000114 ], [ 117.39507314731928, 0.133232780617025, 0.000000000000114 ], [ 117.393083111085502, 0.132272798763535, 0.000000000000114 ], [ 117.39006820827953, 0.133477365164637, 0.000000000000114 ], [ 117.39380408562441, 0.135821231916131, 0.000000000000114 ], [ 117.394072333142262, 0.138437080929462, 0.000000000000114 ], [ 117.396541378776547, 0.141035656497453, 0.000000000000114 ], [ 117.400476844681634, 0.144140178338168, 0.000000000000114 ], [ 117.402795569106303, 0.14380501765023, 0.000000000000114 ] ] ] ] } },
{ "type": "Feature", "properties": { "FIDcopy": 143.0, "Provinsi": "Kalimantan Timur", "Kab_Kota": "Kutai Timur", "Kecamatan": "Teluk Pandan", "Kel_Desa": "Suka Rahmat", "Kodetxt": "KT 143", "percentFC": 0, "Nama_Lemba": "Agrowisata Goa Taman Buah Mandiri", "No_SK_Izin": "SK.5224/MENLHK-PSKL/PKPS/PSL.0/5/2022", "Luas_Izin": "73", "Luas_Pol": 74.3053701045, "Keterangan": null, "Skema_PS": "HKM", "Fungsi_Kaw": "HPT", "KPH": "KPHP Santan", "Shape_Leng": 0.0, "Shape_Area": 743053.70104499999, "kode": 0.0 }, "geometry": { "type": "MultiPolygon", "coordinates": [ [ [ [ 117.395003737260424, 0.152166329447882, 0.000000000000114 ], [ 117.397652767378688, 0.150088466108864, 0.000000000000114 ], [ 117.394481999479652, 0.149149999762541, 0.000000000000114 ], [ 117.395003737260424, 0.152166329447882, 0.000000000000114 ] ] ], [ [ [ 117.406445999368358, 0.160888999789235, 0.000000000000114 ], [ 117.407199491486622, 0.156619576641335, 0.000000000000114 ], [ 117.405516014612516, 0.156397385952863, 0.000000000000114 ], [ 117.405903544866433, 0.160344524550402, 0.000000000000114 ], [ 117.403940758874597, 0.160445309274886, 0.000000000000114 ], [ 117.403377953971471, 0.155070930822106, 0.000000000000114 ], [ 117.400557268060908, 0.152634883740702, 0.000000000000114 ], [ 117.400137390425613, 0.153820732720418, 0.000000000000114 ], [ 117.396169296069502, 0.153134357987464, 0.000000000000114 ], [ 117.396315597901165, 0.155882008724613, 0.000000000000114 ], [ 117.398351455745896, 0.156958043948215, 0.000000000000114 ], [ 117.395789766390394, 0.1567106077973, 0.000000000000114 ], [ 117.396461999452214, 0.160596999907835, 0.000000000000114 ], [ 117.406445999368358, 0.160888999789235, 0.000000000000114 ] ] ] ] } },
{ "type": "Feature", "properties": { "FIDcopy": 144.0, "Provinsi": "Kalimantan Timur", "Kab_Kota": "Kutai Barat", "Kecamatan": "Mook Manoor Bulatn", "Kel_Desa": "Linggang Muara Batuq", "Kodetxt": "KT 144", "percentFC": 0, "Nama_Lemba": "Linggang Muara Batuq", "No_SK_Izin": "SK.5217/MENLHK-PSKL/PKPS/PSL.0/5/2021", "Luas_Izin": "1.351", "Luas_Pol": 1351.63938996, "Keterangan": null, "Skema_PS": "HD", "Fungsi_Kaw": "HPT", "KPH": "KPHP Mook Manoor Bulatn", "Shape_Leng": 0.0, "Shape_Area": 13516393.899599999, "kode": 0.0 }, "geometry": { "type": "MultiPolygon", "coordinates": [ [ [ [ 115.849555430600375, 0.197828217229863, 0.000000000000114 ], [ 115.847413915770773, 0.194972864155249, 0.000000000000114 ], [ 115.843725751229172, 0.196519514019578, 0.000000000000114 ], [ 115.841227317537204, 0.195567729423105, 0.000000000000114 ], [ 115.835278664729799, 0.188072427381239, 0.000000000000114 ], [ 115.831590500399585, 0.187477561396137, 0.000000000000114 ], [ 115.828140281525904, 0.183551451319081, 0.000000000000114 ], [ 115.829448985747021, 0.18093404410971, 0.000000000000114 ], [ 115.826474659472467, 0.17950636766015, 0.000000000000114 ], [ 115.825046982888821, 0.176651014145661, 0.000000000000114 ], [ 115.818741410841852, 0.177959717433954, 0.000000000000114 ], [ 115.818751528982133, 0.172650356636207, 0.000000000000114 ], [ 115.807567190803653, 0.189829847629822, 36.029999999998836 ], [ 115.808546343827828, 0.192286829869133, 25.780199999994011 ], [ 115.849863737075793, 0.203304811393833, 14.753800000005867 ], [ 115.849555430600375, 0.197828217229863, 0.000000000000114 ] ] ], [ [ [ 115.76305993902389, 0.256545182044132, 2.77529999999399 ], [ 115.765118007802755, 0.24683117570494, 0.000000000000114 ], [ 115.778647242353017, 0.239724492763702, 0.000000000000114 ], [ 115.791701684363929, 0.243891447576373, 0.000000000000114 ], [ 115.794869667337352, 0.23541706229081, 0.000000000000114 ], [ 115.795396900445652, 0.228563063353974, 0.000000000000114 ], [ 115.797462271336371, 0.226478655430656, 1.524499999999534 ], [ 115.794562104759407, 0.222835105794559, 0.000000000000114 ], [ 115.794393695991019, 0.21930556672845, 0.000000000000114 ], [ 115.792451352800256, 0.22365153505785, 0.000000000000114 ], [ 115.792247436111964, 0.229972967520438, 0.000000000000114 ], [ 115.788169095321564, 0.22895338071403, 0.000000000000114 ], [ 115.775118401126321, 0.230176885302219, 0.000000000000114 ], [ 115.760398323218823, 0.235578745205853, 0.000000000000114 ], [ 115.74960062255488, 0.248991545806159, 0.000000000000114 ], [ 115.751446153013248, 0.251114480115326, 0.000000000000114 ], [ 115.755417342177253, 0.251937792157325, 0.000000000000114 ], [ 115.757417206636433, 0.25889888221677, 0.000000000000114 ], [ 115.76305993902389, 0.256545182044132, 2.77529999999399 ] ] ] ] } }
]
}
